date,universe,universe_count,advances,declines,unchanged,up_4pct,down_4pct,up_20pct_5d,down_20pct_5d,up_25pct_21d,down_25pct_21d,new_52w_high,new_52w_low,net_4pct,pct_above_10dma,cover_10dma,pct_above_20dma,cover_20dma,pct_above_50dma,cover_50dma,pct_above_200dma,cover_200dma,pct_10dma_gt_20dma,pct_20dma_gt_50dma,pct_50dma_gt_200dma,nifty_close,nifty_chg_pct,div_bearish,div_bullish,net4_5d,thrust
2024-04-01,ALL,1843,1637,196,10,787,3,0,0,0,0,0,0,784,,0,,0,,0,,0,,,,22462.0,,False,False,,True
2024-04-02,ALL,1841,1379,449,13,279,10,0,0,0,0,0,0,269,,0,,0,,0,,0,,,,22453.3,-0.04,False,False,,True
2024-04-03,ALL,1841,1325,499,17,274,5,0,0,0,0,0,0,269,,0,,0,,0,,0,,,,22434.65,-0.08,False,False,,True
2024-04-04,ALL,1840,1079,740,21,149,13,0,0,0,0,0,0,136,,0,,0,,0,,0,,,,22514.65,0.36,False,False,,False
2024-04-05,ALL,1840,1083,726,31,136,7,0,0,0,0,0,0,129,,0,,0,,0,,0,,,,22513.7,-0.0,False,False,1587.0,False
2024-04-08,ALL,1845,815,1013,17,110,52,53,0,0,0,0,0,58,,0,,0,,0,,0,,,,22666.3,0.68,False,False,861.0,False
2024-04-09,ALL,1842,675,1144,23,76,40,37,0,0,0,0,0,36,,0,,0,,0,,0,,,,22642.75,-0.1,False,False,628.0,False
2024-04-10,ALL,1842,998,821,23,97,40,28,1,0,0,0,0,57,,0,,0,,0,,0,,,,22753.8,0.49,False,False,416.0,False
2024-04-12,ALL,1841,548,1279,14,66,57,24,1,0,0,0,0,9,,0,,0,,0,,0,,,,22519.4,-1.03,False,False,289.0,False
2024-04-15,ALL,1847,230,1606,11,33,236,15,1,0,0,0,0,-203,26.63,1829,,0,,0,,0,,,,22272.5,-1.1,False,False,-43.0,False
2024-04-16,ALL,1848,1126,694,28,132,19,13,2,0,0,0,0,113,30.21,1827,,0,,0,,0,,,,22147.9,-0.56,False,False,12.0,False
2024-04-18,ALL,1849,733,1083,33,108,37,16,2,0,0,0,0,71,28.39,1828,,0,,0,,0,,,,21995.85,-0.69,False,False,47.0,False
2024-04-19,ALL,1845,792,1026,27,84,22,23,1,0,0,0,0,62,28.09,1826,,0,,0,,0,,,,22147.0,0.69,False,False,52.0,False
2024-04-22,ALL,1854,1402,431,21,263,15,25,1,0,0,0,0,248,46.9,1825,,0,,0,,0,,,,22336.4,0.86,False,False,291.0,True
2024-04-23,ALL,1886,1170,691,25,168,33,38,4,0,0,0,0,135,59.43,1802,,0,,0,,0,,,,22368.0,0.14,False,False,629.0,False
2024-04-24,ALL,1884,1167,682,35,158,22,29,6,0,0,0,0,136,71.65,1799,,0,,0,,0,,,,22402.4,0.15,False,False,652.0,False
2024-04-25,ALL,1883,1036,822,25,120,27,34,5,0,0,0,0,93,75.62,1801,,0,,0,,0,,,,22570.35,0.75,False,False,674.0,False
2024-04-26,ALL,1881,896,953,32,98,22,34,5,0,0,0,0,76,77.06,1800,,0,,0,,0,,,,22419.95,-0.67,False,False,688.0,False
2024-04-29,ALL,1888,948,913,27,103,32,24,4,0,0,0,0,71,75.94,1804,,0,,0,,0,,,,22643.4,1.0,False,False,511.0,False
2024-04-30,ALL,1887,834,1028,25,96,31,17,2,0,0,0,0,65,70.84,1804,70.86,1788,,0,,0,57.21,,,22604.85,-0.17,False,False,441.0,False
2024-05-02,ALL,1886,912,948,26,118,39,18,0,0,0,0,0,79,63.95,1803,67.21,1787,,0,,0,59.54,,,22648.2,0.19,False,False,384.0,False
2024-05-03,ALL,1878,563,1291,24,72,38,16,0,106,3,0,0,34,52.53,1797,58.81,1782,,0,,0,62.91,,,22475.85,-0.76,False,False,325.0,False
2024-05-06,ALL,1882,480,1385,17,69,127,17,1,73,3,0,0,-58,36.49,1803,47.36,1780,,0,,0,66.8,,,22442.7,-0.15,False,False,191.0,False
2024-05-07,ALL,1881,345,1523,13,42,165,7,1,54,5,0,0,-123,21.54,1862,32.04,1779,,0,,0,66.33,,,22302.5,-0.62,False,False,-3.0,False
2024-05-08,ALL,1879,1088,760,31,93,29,8,3,56,4,0,0,64,26.11,1861,36.74,1780,,0,,0,65.67,,,22302.5,0.0,False,False,-4.0,False
2024-05-09,ALL,1877,207,1653,17,20,334,8,1,34,11,0,0,-314,12.69,1860,22.47,1780,,0,,0,60.22,,,21957.5,-1.55,False,True,-397.0,False
2024-05-10,ALL,1877,1217,629,31,121,26,5,3,33,8,0,0,95,18.88,1859,28.26,1780,,0,,0,55.62,,,22055.2,0.44,False,False,-336.0,False
2024-05-13,ALL,1895,787,1080,28,92,56,9,2,35,7,0,0,36,20.82,1864,27.87,1780,,0,,0,49.49,,,22104.05,0.22,False,False,-242.0,False
2024-05-14,ALL,1892,1472,396,24,237,15,13,2,51,8,0,0,222,36.98,1863,39.0,1782,,0,,0,44.33,,,22217.85,0.51,False,False,103.0,True
2024-05-15,ALL,1895,1098,757,40,128,28,12,3,59,7,0,0,100,49.33,1863,42.21,1784,,0,,0,37.16,,,22200.55,-0.08,False,False,139.0,False
2024-05-16,ALL,1886,1096,761,29,101,20,19,3,75,6,0,0,81,59.83,1857,47.36,1780,,0,,0,32.7,,,22403.85,0.92,False,False,534.0,False
2024-05-17,ALL,1886,1278,581,27,141,17,23,1,69,6,0,0,124,73.7,1863,55.25,1781,,0,,0,30.99,,,22466.1,0.28,False,False,563.0,False
2024-05-21,ALL,1896,714,1157,25,117,97,32,1,73,6,0,0,20,64.72,1862,49.36,1789,,0,,0,29.4,,,22529.05,0.28,False,False,547.0,False
2024-05-22,ALL,1897,934,932,31,111,41,27,1,80,6,0,0,70,64.29,1862,50.65,1846,,0,,0,31.31,,,22597.8,0.31,False,False,395.0,False
2024-05-23,ALL,1897,877,982,38,78,42,28,1,68,6,0,0,36,62.73,1862,50.98,1846,,0,,0,33.37,,,22967.65,1.64,True,False,331.0,False
2024-05-24,ALL,1894,706,1157,31,68,82,18,3,59,8,0,0,-14,54.4,1862,47.56,1844,,0,,0,38.99,,,22957.1,-0.05,False,False,236.0,False
2024-05-27,ALL,1921,717,1183,21,93,101,13,4,51,7,0,0,-8,47.01,1874,45.69,1843,,0,,0,43.57,,,22932.45,-0.11,False,False,104.0,False
2024-05-28,ALL,1919,500,1393,26,43,121,9,4,38,6,0,0,-78,37.18,1872,41.69,1847,,0,,0,49.0,,,22888.15,-0.19,False,False,6.0,False
2024-05-29,ALL,1917,779,1113,25,95,57,11,3,36,8,0,0,38,32.64,1872,40.12,1847,,0,,0,51.65,,,22704.7,-0.8,False,False,-26.0,False
2024-05-30,ALL,1915,368,1524,23,42,129,9,8,32,11,0,0,-87,19.49,1868,31.58,1843,,0,,0,52.03,,,22488.65,-0.95,False,False,-149.0,False
2024-05-31,ALL,1915,877,1001,37,109,59,8,2,34,13,0,0,50,23.57,1867,33.12,1842,,0,,0,50.87,,,22530.7,0.19,False,False,-85.0,False
2024-06-03,ALL,1926,1311,591,24,313,30,9,2,48,14,0,0,283,41.37,1878,42.62,1849,,0,,0,49.65,,,23263.9,3.25,True,False,206.0,True
2024-06-04,ALL,1925,94,1820,11,8,1336,3,13,10,31,0,0,-1328,8.15,1878,14.44,1849,,0,,0,43.54,,,21884.5,-5.93,False,True,-1044.0,False
2024-06-05,ALL,1926,1554,353,19,663,60,4,4,15,22,0,0,603,23.36,1879,25.64,1849,,0,,0,38.89,,,22620.35,3.36,False,False,-479.0,True
2024-06-06,ALL,1925,1693,210,22,514,12,8,1,47,12,0,0,502,52.4,1878,44.37,1848,,0,,0,36.53,,,22821.4,0.89,False,False,110.0,True
2024-06-07,ALL,1920,1631,269,20,320,4,20,0,54,9,0,0,316,79.39,1902,62.74,1844,,0,,0,34.92,,,23290.15,2.05,True,False,376.0,True
2024-06-10,ALL,1934,1309,613,12,224,21,27,1,98,9,0,0,203,85.53,1901,69.47,1854,,0,,0,34.41,,,23259.2,-0.13,False,False,296.0,True
2024-06-11,ALL,1933,1239,674,20,197,16,169,1,101,7,0,0,181,89.16,1900,75.35,1854,,0,,0,35.81,,,23264.85,0.02,False,False,1805.0,True
2024-06-12,ALL,1934,1307,611,16,161,12,111,1,117,7,0,0,149,92.43,1902,81.03,1856,,0,,0,39.22,,,23322.95,0.25,True,False,1351.0,False
2024-06-13,ALL,1931,1166,744,21,187,13,83,1,104,6,0,0,174,92.53,1900,83.45,1855,71.08,1746,,0,46.42,47.37,,23398.9,0.33,True,False,1023.0,False
2024-06-14,ALL,1928,1129,783,16,171,22,64,2,104,7,0,0,149,91.87,1907,85.44,1854,73.18,1745,,0,54.15,48.54,,23465.6,0.29,True,False,856.0,False
2024-06-18,ALL,1933,1084,840,9,205,32,68,1,114,7,0,0,173,89.72,1906,85.14,1864,74.96,1745,,0,61.05,49.46,,23557.9,0.39,True,False,826.0,True
2024-06-19,ALL,1928,712,1204,12,123,48,53,1,102,7,0,0,75,79.92,1902,82.62,1858,73.05,1740,,0,75.89,50.17,,23516.0,-0.18,False,False,720.0,False
2024-06-20,ALL,1928,1251,657,20,202,18,55,1,119,6,0,0,184,79.96,1901,87.25,1859,77.69,1739,,0,85.69,52.16,,23567.0,0.22,True,False,755.0,True
2024-06-21,ALL,1923,816,1085,22,115,63,33,5,115,10,0,0,52,71.71,1898,87.29,1857,77.07,1740,,0,89.39,52.7,,23501.1,-0.28,False,False,633.0,False
2024-06-24,ALL,1931,933,979,19,178,35,35,4,129,10,0,0,143,66.7,1910,83.95,1882,76.32,1740,,0,90.54,54.94,,23537.85,0.16,False,False,627.0,False
2024-06-25,ALL,1930,800,1112,18,104,47,36,2,132,7,0,0,57,59.67,1907,82.61,1880,76.08,1739,,0,91.01,56.87,,23721.3,0.78,True,False,511.0,False
2024-06-26,ALL,1928,852,1051,25,128,34,40,3,148,7,0,0,94,56.01,1905,80.93,1877,74.9,1737,,0,90.84,58.78,,23868.8,0.62,True,False,530.0,False
2024-06-27,ALL,1918,604,1307,7,66,97,26,5,133,9,0,0,-31,43.51,1896,74.24,1871,71.2,1736,,0,89.68,61.52,,24044.5,0.74,True,False,315.0,False
2024-06-28,ALL,1915,1057,842,16,117,16,26,2,156,9,0,0,101,46.35,1892,74.95,1868,72.52,1736,,0,88.54,63.77,,24010.6,-0.14,False,False,364.0,False
2024-07-01,ALL,1914,1419,480,15,257,10,38,2,224,8,0,0,247,60.95,1895,78.8,1873,76.34,1733,,0,86.81,66.65,,24141.95,0.55,True,False,468.0,True
2024-07-02,ALL,1914,906,992,16,138,24,36,4,221,8,0,0,114,61.34,1896,78.47,1872,76.82,1734,,0,85.42,67.94,,24123.85,-0.07,False,False,525.0,False
2024-07-03,ALL,1911,1192,702,17,157,14,32,3,220,8,0,0,143,68.32,1894,79.95,1870,78.91,1740,,0,80.48,72.13,,24286.5,0.67,True,False,574.0,False
2024-07-04,ALL,1910,1017,878,15,142,21,52,1,486,8,0,0,121,70.31,1893,77.74,1869,81.47,1792,,0,75.44,74.61,,24302.15,0.06,True,False,726.0,False
2024-07-05,ALL,1906,1100,788,18,153,10,60,2,380,6,0,0,143,71.44,1898,76.45,1868,82.79,1790,,0,72.7,77.26,,24323.85,0.09,True,False,768.0,False
2024-07-08,ALL,1909,754,1142,13,140,48,34,2,294,8,0,0,92,64.24,1896,71.59,1876,81.1,1788,,0,70.58,78.91,,24320.55,-0.01,False,False,613.0,False
2024-07-09,ALL,1909,982,916,11,129,42,32,1,226,9,0,0,87,66.56,1896,71.96,1876,81.72,1789,,0,70.15,80.55,,24433.2,0.46,True,False,586.0,False
2024-07-10,ALL,1913,544,1357,12,66,75,26,1,165,8,0,0,-9,54.25,1893,63.59,1873,79.84,1791,,0,68.93,81.63,,24324.45,-0.45,False,False,434.0,False
2024-07-11,ALL,1909,1175,716,18,164,15,25,1,163,8,0,0,149,56.95,1893,66.81,1871,81.28,1790,,0,70.39,82.18,,24315.95,-0.03,False,False,462.0,False
2024-07-12,ALL,1907,742,1146,19,94,52,19,1,135,7,0,0,42,50.16,1892,62.29,1867,80.48,1788,,0,71.13,82.66,,24502.15,0.77,True,False,361.0,False
2024-07-15,ALL,1922,1026,883,13,143,30,24,1,133,8,0,0,113,52.09,1893,64.12,1873,81.15,1788,,0,70.53,83.05,,24586.7,0.35,True,False,382.0,False
2024-07-16,ALL,1923,959,945,19,111,31,17,2,105,7,0,0,80,53.77,1856,64.0,1839,81.21,1762,,0,69.55,83.14,,24613.0,0.11,True,False,375.0,False
2024-07-18,ALL,1920,570,1336,14,75,110,19,4,72,8,0,0,-35,41.52,1852,54.3,1836,77.44,1760,,0,68.08,83.69,,24800.85,0.76,True,False,349.0,False
2024-07-19,ALL,1918,210,1695,13,32,317,12,5,52,11,0,0,-285,21.5,1851,34.99,1835,65.61,1759,,0,63.16,83.12,,24530.9,-1.09,False,False,-85.0,False
2024-07-22,ALL,1920,1143,766,11,140,32,13,4,55,9,0,0,108,27.81,1852,38.28,1839,68.36,1757,,0,58.46,82.64,,24509.25,-0.09,False,False,-19.0,False
2024-07-23,ALL,1920,759,1147,14,100,63,9,5,51,9,0,0,37,27.38,1852,35.89,1839,64.09,1757,,0,54.16,81.67,,24479.05,-0.12,False,False,-95.0,False
2024-07-24,ALL,1918,1449,455,14,344,6,20,3,75,7,0,0,338,49.46,1856,49.51,1838,71.29,1766,,0,51.31,80.52,,24413.5,-0.27,False,False,163.0,True
2024-07-25,ALL,1910,901,991,18,156,37,28,3,97,8,0,0,119,50.92,1850,50.46,1833,70.6,1762,,0,50.19,79.85,,24406.1,-0.03,False,False,317.0,False
2024-07-26,ALL,1912,1362,541,9,172,22,39,2,95,7,0,0,150,68.49,1850,60.58,1834,76.29,1763,,0,46.73,80.32,,24834.85,1.76,True,False,752.0,False
2024-07-29,ALL,1917,1157,748,12,161,33,51,2,112,5,0,0,128,74.29,1863,66.52,1837,77.99,1763,,0,45.29,80.09,,24836.1,0.01,True,False,772.0,False
2024-07-30,ALL,1917,1135,767,15,154,23,54,1,122,5,0,0,131,77.9,1896,70.93,1837,79.51,1762,,0,45.94,80.02,,24857.3,0.09,True,False,866.0,False
2024-07-31,ALL,1915,1003,900,12,129,40,42,1,95,5,0,0,89,78.34,1893,69.5,1833,80.48,1767,,0,47.08,79.85,,24951.15,0.38,True,False,617.0,False
2024-08-01,ALL,1913,611,1292,10,80,96,35,0,77,5,0,0,-16,67.55,1892,62.12,1832,76.73,1766,,0,49.62,79.78,,25010.9,0.24,True,False,482.0,False
2024-08-02,ALL,1912,642,1255,15,98,56,22,1,86,5,0,0,42,53.66,1897,55.54,1831,72.72,1767,,0,55.05,79.12,,24717.7,-1.17,False,False,374.0,False
2024-08-05,ALL,1922,103,1813,6,28,962,12,2,46,9,0,0,-934,16.78,1895,25.04,1833,49.6,1764,,0,56.68,77.15,,24055.6,-2.68,False,False,-688.0,False
2024-08-06,ALL,1922,638,1276,8,79,116,8,4,40,9,0,0,-37,14.72,1895,24.17,1833,46.16,1785,,0,57.28,74.79,,23992.55,-0.26,False,False,-856.0,False
2024-08-07,ALL,1921,1666,244,11,406,16,13,4,66,7,0,0,390,28.93,1894,37.42,1836,58.26,1785,,0,57.41,73.05,,24297.5,1.27,False,False,-555.0,True
2024-08-08,ALL,1913,722,1174,17,118,61,16,3,66,7,0,0,57,28.27,1889,35.46,1830,54.78,1780,,0,55.85,71.52,,24117.0,-0.74,False,False,-482.0,False
2024-08-09,ALL,1913,1203,695,15,170,59,16,5,84,10,0,0,111,34.9,1891,39.34,1830,57.94,1781,,0,52.35,69.9,,24367.5,1.04,False,False,-413.0,False
2024-08-12,ALL,1922,889,1023,10,150,75,35,3,73,11,0,0,75,38.64,1892,40.56,1844,55.53,1781,,0,48.21,67.88,,24347.0,-0.08,False,False,596.0,False
2024-08-13,ALL,1922,401,1508,13,42,227,32,6,54,12,0,0,-185,28.52,1890,31.29,1873,48.77,1784,,0,40.84,64.29,,24139.0,-0.85,False,False,448.0,False
2024-08-14,ALL,1886,621,1253,12,68,124,18,6,51,11,0,0,-56,29.04,1856,29.74,1839,43.98,1753,,0,34.53,61.49,,24143.75,0.02,False,False,2.0,False
2024-08-16,ALL,1885,1382,488,15,210,30,23,5,55,8,0,0,180,49.46,1854,41.05,1837,49.26,1752,,0,31.03,58.62,,24541.15,1.65,False,False,125.0,True
2024-08-19,ALL,1888,1388,487,13,267,16,32,1,88,7,0,0,251,66.27,1865,50.82,1840,54.4,1750,,0,28.86,57.77,,24572.65,0.13,False,False,265.0,True
2024-08-20,ALL,1888,1225,646,17,184,24,29,2,114,7,0,0,160,72.17,1865,56.74,1840,57.05,1751,,0,31.96,57.11,,24698.85,0.51,False,False,350.0,False
2024-08-21,ALL,1885,1266,606,13,191,15,50,0,137,6,0,0,176,78.45,1861,63.93,1838,59.48,1757,,0,35.91,57.14,,24770.2,0.29,False,False,711.0,True
2024-08-22,ALL,1877,1165,696,16,155,16,62,0,137,7,0,0,139,84.18,1858,70.21,1833,63.01,1752,,0,39.72,56.74,,24811.5,0.17,False,False,906.0,False
2024-08-23,ALL,1877,830,1033,14,138,25,69,1,124,10,0,0,113,81.22,1858,69.54,1835,61.53,1752,,0,44.58,56.68,,24823.15,0.05,False,False,839.0,False
2024-08-26,ALL,1887,1009,868,10,164,46,59,2,128,9,0,0,118,78.23,1865,69.82,1839,63.41,1752,,0,50.79,55.99,,25010.6,0.76,False,False,706.0,False
2024-08-27,ALL,1883,1029,842,12,142,35,47,2,109,7,248,14,107,79.66,1863,73.15,1836,64.99,1748,,0,55.99,54.75,,25017.75,0.03,True,False,653.0,False
2024-08-28,ALL,1878,741,1106,31,83,49,29,2,100,7,202,13,34,72.27,1857,71.78,1832,64.3,1748,,0,65.56,53.83,,25052.35,0.14,True,False,511.0,False
2024-08-29,ALL,1875,562,1294,19,60,60,23,3,82,8,151,22,0,55.36,1855,66.61,1830,60.85,1747,,0,72.73,52.78,,25151.95,0.4,True,False,372.0,False
2024-08-30,ALL,1866,1125,720,21,124,20,22,2,87,7,233,16,104,57.83,1852,69.76,1822,63.33,1740,,0,78.38,52.3,,25235.9,0.33,True,False,363.0,False
2024-09-02,ALL,1864,722,1135,7,80,51,22,2,87,7,188,18,29,49.27,1845,65.52,1824,60.39,1732,,0,80.81,51.79,,25278.7,0.17,True,False,274.0,False
2024-09-03,ALL,1864,952,892,20,96,21,16,2,85,6,192,16,75,50.62,1841,66.5,1821,61.51,1733,,0,79.57,52.86,,25279.85,0.0,True,False,242.0,False
2024-09-04,ALL,1859,803,1036,20,118,24,17,0,143,3,182,26,94,48.64,1834,63.56,1814,59.6,1730,,0,77.07,53.93,,25198.7,-0.32,False,False,302.0,False
2024-09-05,ALL,1838,1078,746,14,143,13,25,2,162,4,221,16,130,53.94,1815,66.3,1798,62.71,1719,,0,75.14,54.1,,25145.1,-0.21,False,False,432.0,False
2024-09-06,ALL,1836,412,1417,7,55,69,17,1,112,3,103,36,-14,37.38,1819,54.06,1796,56.35,1716,,0,72.33,54.78,,24852.15,-1.17,False,False,314.0,False
2024-09-09,ALL,1839,612,1210,17,85,57,23,1,112,3,123,58,28,32.53,1817,48.25,1799,52.3,1717,,0,69.48,55.39,,24936.4,0.34,False,False,313.0,False
2024-09-10,ALL,1840,1355,476,9,160,16,25,1,112,3,152,22,144,47.79,1814,58.12,1798,57.95,1717,,0,65.68,56.14,,25041.1,0.42,False,False,382.0,False
2024-09-11,ALL,1839,547,1283,9,74,56,25,2,108,4,122,46,18,40.86,1811,49.05,1794,54.4,1715,,0,60.03,57.96,,24918.45,-0.49,False,False,306.0,False
2024-09-12,ALL,1838,1207,613,18,110,18,16,3,132,5,217,25,92,52.57,1809,54.16,1793,58.49,1713,,0,55.72,59.19,,25388.9,1.89,True,False,268.0,False
2024-09-13,ALL,1836,1174,645,17,131,20,24,6,138,8,235,15,111,62.41,1817,59.35,1796,62.76,1713,,0,52.51,60.65,,25356.5,-0.13,False,False,393.0,False
2024-09-16,ALL,1845,906,925,14,141,32,29,5,138,8,233,18,109,62.58,1820,60.4,1798,63.28,1713,,0,51.5,61.76,,25383.75,0.11,False,False,474.0,False
2024-09-17,ALL,1838,664,1152,22,69,50,23,8,106,9,194,28,19,55.7,1815,56.22,1793,61.97,1712,,0,50.92,62.5,,25418.55,0.14,True,False,349.0,False
2024-09-18,ALL,1837,500,1324,13,76,60,29,6,89,10,108,38,16,46.23,1815,48.97,1793,59.19,1713,,0,50.47,62.35,,25377.55,-0.16,False,False,347.0,False
2024-09-19,ALL,1833,473,1352,8,31,128,15,6,58,10,95,58,-97,35.19,1810,39.82,1788,53.53,1713,,0,49.05,62.76,,25415.8,0.15,False,False,158.0,False
2024-09-20,ALL,1831,1285,532,14,165,26,11,7,59,14,189,26,139,46.44,1811,46.79,1793,56.78,1712,,0,49.25,63.08,,25790.95,1.48,True,False,186.0,False
2024-09-23,ALL,1841,1148,679,14,154,22,11,5,61,13,224,27,132,52.21,1812,53.54,1793,59.26,1711,,0,52.31,63.0,,25939.05,0.57,True,False,209.0,False
2024-09-24,ALL,1842,831,999,12,107,32,17,5,59,13,195,31,75,52.07,1813,53.71,1791,59.79,1721,,0,53.32,62.64,,25940.4,0.01,True,False,265.0,False
2024-09-25,ALL,1841,694,1134,13,76,38,18,8,57,16,156,40,38,47.24,1810,50.59,1789,58.89,1737,,0,55.51,62.58,,26004.15,0.25,True,False,287.0,False
2024-09-26,ALL,1840,766,1065,9,62,42,24,7,65,17,202,34,20,44.19,1808,48.41,1787,57.2,1736,,0,53.95,63.08,,26216.05,0.81,True,False,404.0,False
2024-09-27,ALL,1837,889,932,16,108,47,20,4,60,16,173,28,61,46.49,1811,49.83,1788,57.54,1731,,0,52.8,63.08,,26178.95,-0.14,False,False,326.0,False
2024-09-30,ALL,1849,702,1139,8,89,46,18,4,53,16,86,46,43,42.82,1810,47.9,1789,57.36,1733,,0,50.2,62.2,,25810.85,-1.41,False,False,237.0,False
2024-10-01,ALL,1848,1045,785,18,149,22,17,3,74,15,112,35,127,50.03,1809,52.01,1788,59.35,1732,,0,48.55,61.66,,25796.9,-0.05,False,False,289.0,False
2024-10-03,ALL,1848,264,1571,13,53,175,19,4,53,18,55,80,-122,26.91,1810,33.61,1788,49.94,1732,,0,47.26,60.05,,25250.1,-2.12,False,False,129.0,False
2024-10-04,ALL,1844,528,1303,13,44,91,9,6,40,18,58,79,-47,22.07,1808,27.04,1786,44.77,1729,,0,47.93,58.59,,25014.6,-0.93,False,False,62.0,False
2024-10-07,ALL,1855,136,1713,6,19,763,5,7,22,28,24,182,-744,9.59,1815,14.26,1788,27.92,1730,,0,43.57,57.28,,24795.75,-0.87,False,False,-743.0,False
2024-10-08,ALL,1898,1614,275,9,443,16,5,5,21,20,52,25,427,19.79,1794,22.81,1767,37.07,1713,,0,38.88,55.81,,25013.15,0.88,False,False,-359.0,True
2024-10-09,ALL,1901,1291,591,19,195,12,6,5,30,21,67,17,183,32.74,1793,30.16,1767,41.75,1710,,0,34.52,54.97,,24981.95,-0.12,False,False,-303.0,True
2024-10-10,ALL,1895,1004,869,22,134,22,13,5,35,23,71,22,112,39.13,1789,32.75,1762,44.49,1706,,0,30.02,55.16,,24998.45,0.07,False,False,-69.0,False
2024-10-11,ALL,1893,962,915,16,101,12,16,3,39,20,83,25,89,45.51,1791,36.17,1761,44.43,1706,,0,28.68,55.39,,24964.25,-0.14,False,False,67.0,False
2024-10-14,ALL,1908,933,962,13,98,34,39,2,30,19,98,35,64,49.75,1803,38.77,1767,48.39,1705,,0,27.45,55.01,,25127.95,0.66,False,False,875.0,False
2024-10-15,ALL,1910,906,985,19,122,26,28,1,33,16,87,31,96,53.22,1804,41.4,1768,48.69,1715,,0,27.66,54.17,,25057.35,-0.28,False,False,544.0,False
2024-10-16,ALL,1907,922,970,15,128,29,25,1,35,17,107,32,99,59.61,1805,43.97,1767,49.04,1715,,0,26.71,52.89,,24971.3,-0.34,False,False,460.0,False
2024-10-17,ALL,1901,357,1530,14,43,105,15,2,32,16,63,68,-62,41.78,1800,34.58,1764,39.3,1710,,0,27.66,50.94,,24749.85,-0.89,False,True,286.0,False
2024-10-18,ALL,1901,899,991,11,79,31,15,4,32,17,68,58,48,42.33,1805,32.97,1762,39.59,1710,,0,28.6,50.64,,24854.05,0.42,False,False,245.0,False
2024-10-21,ALL,1914,355,1547,12,74,189,20,4,42,16,76,113,-115,23.73,1871,24.45,1771,31.33,1711,,0,33.99,49.21,,24781.1,-0.29,False,False,66.0,False
2024-10-22,ALL,1916,99,1808,9,14,839,9,6,17,20,38,254,-825,8.8,1876,12.4,1774,19.15,1713,,0,34.05,46.53,,24472.1,-1.25,False,False,-855.0,False
2024-10-23,ALL,1913,1147,753,13,141,44,5,5,15,14,54,129,97,12.17,1874,14.84,1772,20.85,1712,,0,31.55,44.33,,24435.5,-0.15,False,True,-857.0,False
2024-10-24,ALL,1910,633,1263,14,55,92,3,7,14,16,33,153,-37,11.5,1870,14.22,1772,18.95,1710,,0,30.02,39.53,,24399.4,-0.15,False,False,-832.0,False
2024-10-25,ALL,1904,238,1659,7,15,418,2,15,10,33,20,310,-403,7.82,1880,10.45,1770,14.47,1707,,0,26.21,33.68,,24180.8,-0.9,False,False,-1283.0,False
2024-10-28,ALL,1912,1402,504,6,235,51,4,15,8,25,33,90,184,14.61,1875,14.35,1777,16.9,1704,,0,22.17,29.93,,24339.15,0.65,False,False,-984.0,True
2024-10-29,ALL,1912,1178,722,12,126,38,12,11,14,28,58,71,88,22.61,1875,18.12,1777,19.34,1706,,0,19.81,26.96,,24466.85,0.52,False,False,-71.0,False
2024-10-30,ALL,1911,1446,455,10,306,19,13,7,17,22,60,25,287,46.67,1875,29.36,1778,23.4,1705,,0,18.5,25.1,,24340.85,-0.51,False,False,119.0,True
2024-10-31,ALL,1906,1156,733,17,191,24,16,7,20,20,61,28,167,60.88,1871,37.27,1776,25.59,1704,,0,16.84,24.59,,24205.35,-0.56,False,False,323.0,True
2024-11-01,ALL,1912,1662,238,12,130,2,49,6,32,14,63,8,128,80.52,1879,50.53,1779,30.77,1703,,0,15.63,24.54,,24304.35,0.41,False,False,854.0,False
2024-11-04,ALL,1917,319,1591,7,40,162,21,1,29,15,36,33,-122,61.28,1880,33.32,1840,24.74,1710,,0,14.13,24.68,,23995.35,-1.27,False,True,548.0,False
2024-11-05,ALL,1915,1269,627,19,128,21,19,2,55,11,53,26,107,68.05,1881,39.49,1841,28.0,1711,,0,16.89,24.25,,24213.3,0.91,False,False,567.0,False
2024-11-06,ALL,1918,1603,303,12,273,12,18,1,51,11,86,14,261,87.09,1882,59.69,1843,36.29,1711,,0,20.4,24.14,,24484.05,1.12,False,False,541.0,True
2024-11-07,ALL,1918,641,1269,8,91,40,22,1,40,11,77,19,51,78.07,1883,54.66,1844,35.01,1711,,0,25.81,23.73,,24199.35,-1.16,False,False,425.0,False
2024-11-08,ALL,1916,425,1476,15,55,132,18,3,41,13,51,34,-77,51.29,1895,42.63,1858,29.92,1711,,0,35.9,23.38,,24148.2,-0.21,False,False,220.0,False
2024-11-11,ALL,1924,510,1398,16,58,157,20,1,32,16,44,79,-99,34.88,1892,37.53,1857,27.01,1714,,0,44.48,22.93,,24141.3,-0.03,False,False,243.0,False
2024-11-12,ALL,1927,391,1524,12,47,175,16,5,27,19,30,120,-128,21.04,1892,28.72,1856,21.9,1717,,0,50.97,22.19,,23883.45,-1.07,False,True,8.0,False
2024-11-13,ALL,1933,173,1751,9,21,603,10,15,19,40,21,261,-582,8.19,1893,14.7,1857,13.74,1718,,0,50.67,21.01,,23559.05,-1.36,False,False,-835.0,False
2024-11-14,ALL,1926,1090,828,8,125,68,5,17,18,36,31,167,57,12.41,1894,17.55,1852,15.73,1717,,0,48.76,20.15,,23532.7,-0.11,False,True,-829.0,False
2024-11-18,ALL,1956,692,1250,14,105,138,6,23,20,40,33,205,-33,11.87,1896,17.44,1863,15.14,1717,,0,43.64,19.1,,23453.8,-0.34,False,True,-785.0,False
2024-11-19,ALL,1956,1320,619,17,142,25,4,14,18,32,41,103,117,19.04,1896,22.47,1865,17.62,1720,,0,41.93,18.26,,23518.5,0.28,False,False,-569.0,False
2024-11-21,ALL,1955,462,1483,10,59,138,7,15,24,34,44,235,-79,17.13,1897,19.34,1867,16.51,1720,,0,34.6,18.37,,23349.9,-0.72,False,True,-520.0,False
2024-11-22,ALL,1952,1420,512,20,121,18,19,8,46,21,53,74,103,29.6,1895,24.71,1866,19.06,1721,,0,27.38,18.94,,23907.25,2.39,False,False,165.0,False
2024-11-25,ALL,1959,1465,486,8,229,18,18,7,44,16,67,40,211,52.3,1895,38.05,1866,24.17,1721,,0,22.51,19.99,,24221.9,1.32,False,False,319.0,True
2024-11-26,ALL,1957,1177,764,16,159,26,20,5,55,18,80,33,133,65.67,1902,42.76,1878,25.81,1720,,0,18.9,21.45,,24194.5,-0.11,False,False,485.0,False
2024-11-27,ALL,1958,1415,527,16,192,17,25,4,89,12,69,21,175,80.17,1906,51.84,1877,30.4,1727,,0,18.17,22.7,,24274.9,0.33,False,False,543.0,False
2024-11-28,ALL,1955,1021,914,20,118,20,34,2,73,7,59,16,98,82.62,1910,54.21,1876,32.64,1728,,0,18.34,23.38,,23914.15,-1.49,False,False,720.0,False
2024-11-29,ALL,1953,1256,684,13,119,22,40,4,72,9,85,20,97,86.81,1910,60.83,1874,35.84,1727,,0,22.2,24.03,,24131.1,0.91,False,False,714.0,False
2024-12-02,ALL,1968,1286,673,9,211,18,42,3,69,8,122,12,193,86.6,1941,68.9,1881,40.1,1728,,0,28.12,24.48,,24276.05,0.6,False,False,696.0,True
2024-12-03,ALL,1964,1459,495,10,172,20,37,3,58,9,112,14,152,90.4,1937,79.69,1881,47.07,1725,,0,40.72,24.58,,24457.15,0.75,False,False,715.0,False
2024-12-04,ALL,1964,1161,788,15,154,19,33,3,62,10,101,12,135,89.77,1935,81.44,1880,52.19,1732,,0,52.45,25.69,,24467.45,0.04,False,False,675.0,False
2024-12-05,ALL,1961,1011,931,19,103,21,28,4,74,11,100,14,82,86.04,1934,84.25,1879,56.49,1733,,0,66.31,26.37,,24708.4,0.98,False,False,659.0,False
2024-12-06,ALL,1959,1186,759,14,174,13,43,2,82,11,120,14,161,85.19,1938,87.32,1877,60.77,1731,,0,77.41,27.04,,24677.8,-0.12,False,False,723.0,False
2024-12-09,ALL,1977,1038,923,16,174,24,48,3,71,11,160,13,150,81.67,1937,87.59,1877,62.49,1733,,0,85.14,28.51,,24619.0,-0.24,False,False,680.0,False
2024-12-10,ALL,1975,954,1007,14,142,51,41,2,74,12,135,15,91,77.07,1936,87.89,1883,65.01,1735,,0,90.12,30.43,,24610.05,-0.04,False,False,619.0,False
2024-12-11,ALL,1974,1039,914,21,127,25,39,2,78,10,117,11,102,75.08,1934,88.18,1886,68.02,1745,,0,91.78,32.61,,24641.8,0.13,False,False,586.0,False
2024-12-12,ALL,1963,479,1472,12,63,85,29,1,86,8,100,21,-22,56.26,1925,81.79,1884,62.78,1741,,0,92.41,34.35,,24548.7,-0.38,False,False,482.0,False
2024-12-13,ALL,1964,793,1158,13,78,34,26,1,94,7,103,23,44,49.05,1939,76.42,1887,60.87,1743,,0,91.47,38.21,,24768.3,0.89,True,False,365.0,False
2024-12-16,ALL,1966,1032,922,12,151,23,19,1,187,7,115,22,128,51.08,1936,75.5,1910,62.05,1739,,0,90.68,42.38,,24668.25,-0.4,False,False,343.0,False
2024-12-17,ALL,1964,532,1421,11,87,50,14,0,152,6,79,34,37,36.83,1933,65.79,1906,57.06,1742,,0,88.41,46.9,,24336.0,-1.35,False,False,289.0,False
2024-12-18,ALL,1965,502,1451,12,52,73,13,0,165,5,66,49,-21,27.45,1931,49.95,1904,51.53,1795,,0,85.19,49.53,,24198.85,-0.56,False,False,166.0,False
2024-12-19,ALL,1964,650,1304,10,83,36,17,0,137,7,71,52,47,24.87,1930,42.93,1903,47.83,1796,,0,79.77,54.45,,23951.7,-1.02,False,False,235.0,False
2024-12-20,ALL,1962,225,1729,8,32,311,8,4,113,9,29,100,-279,14.2,1943,26.61,1905,36.47,1796,,0,70.03,57.35,,23587.5,-1.52,False,True,-88.0,False
2024-12-23,ALL,1975,771,1193,11,64,89,8,1,93,11,36,98,-25,13.65,1942,23.7,1903,34.82,1795,,0,55.07,58.77,,23753.45,0.7,False,False,-241.0,False
2024-12-24,ALL,1973,1008,952,13,104,26,11,1,86,9,36,64,78,18.01,1943,24.05,1904,35.24,1805,,0,45.01,60.66,,23727.65,-0.11,False,False,-200.0,False
2024-12-26,ALL,1971,748,1207,16,63,60,10,1,73,9,31,79,3,17.11,1940,21.41,1901,33.92,1804,,0,35.4,61.2,,23750.2,0.1,False,False,-176.0,False
2024-12-27,ALL,1973,1004,950,19,87,37,8,6,55,13,33,58,50,21.31,1938,21.63,1900,35.29,1802,,0,29.95,62.32,,23813.4,0.27,False,False,-173.0,False
2024-12-30,ALL,1989,539,1442,8,79,136,6,5,52,14,42,128,-57,20.42,1944,19.28,1914,32.3,1802,,0,25.03,62.49,,23644.9,-0.71,False,False,49.0,False
2024-12-31,ALL,1985,1282,689,14,112,24,7,5,35,12,42,54,88,29.66,1908,21.42,1881,35.47,1779,,0,19.94,62.28,,23644.8,-0.0,False,False,162.0,False
2025-01-01,ALL,1985,1481,487,17,192,12,6,5,36,14,63,21,180,51.52,1910,29.03,1881,42.11,1788,,0,18.34,62.08,,23742.9,0.41,False,False,264.0,False
2025-01-02,ALL,1982,1310,658,14,120,14,10,6,31,11,72,20,106,69.88,1909,36.24,1879,48.35,1789,,0,17.08,60.98,,24188.65,1.88,False,False,367.0,False
2025-01-03,ALL,1981,962,1004,15,98,14,13,6,33,14,75,18,84,72.27,1911,38.53,1879,48.35,1791,,0,16.98,59.74,,24004.75,-0.76,False,False,401.0,False
2025-01-06,ALL,1993,141,1842,10,26,840,11,5,25,17,26,150,-814,22.57,1923,17.58,1894,29.63,1792,,0,17.63,56.25,,23616.05,-1.62,False,False,-356.0,False
2025-01-07,ALL,1994,1557,424,13,220,17,21,5,31,16,52,62,203,37.2,1922,27.61,1894,37.11,1792,,0,19.9,52.01,,23707.9,0.39,False,False,-241.0,True
2025-01-08,ALL,1990,542,1431,17,53,55,11,5,18,17,38,82,-2,29.72,1918,24.58,1892,32.5,1800,,0,22.57,47.89,,23688.95,-0.08,False,False,-423.0,False
2025-01-09,ALL,1990,448,1529,13,35,116,6,4,13,17,30,163,-81,22.64,1921,20.99,1891,27.79,1799,,0,24.43,44.64,,23526.5,-0.69,False,False,-610.0,False
2025-01-10,ALL,1985,241,1736,8,16,384,5,5,10,32,17,281,-368,12.45,1936,14.35,1889,20.96,1799,,0,25.09,40.69,,23431.5,-0.4,False,False,-1062.0,False
2025-01-13,ALL,1993,110,1877,6,14,1063,3,5,7,72,15,483,-1049,6.11,1964,7.29,1893,12.68,1798,,0,23.45,37.26,,23085.95,-1.47,False,False,-1297.0,False
2025-01-14,ALL,1993,1625,358,10,396,16,2,5,11,36,17,66,380,8.75,1965,10.51,1894,14.64,1803,,0,22.7,34.94,,23176.05,0.39,False,False,-1120.0,True
2025-01-15,ALL,1991,1070,910,11,101,41,2,6,11,44,24,60,60,11.98,1962,12.57,1894,16.08,1804,,0,20.27,32.21,,23213.2,0.16,False,False,-1058.0,False
2025-01-16,ALL,1987,1549,424,14,203,12,2,2,12,23,25,27,191,26.6,1959,19.19,1892,18.87,1802,,0,17.49,30.19,,23311.8,0.42,False,False,-786.0,True
2025-01-17,ALL,1990,1004,969,17,88,28,6,2,15,18,35,35,60,38.27,1970,22.06,1895,20.74,1803,,0,15.57,28.34,,23203.2,-0.47,False,False,-358.0,False
2025-01-20,ALL,1997,1346,634,17,182,28,30,3,11,17,42,35,154,55.05,1969,29.61,1905,24.64,1802,32.08,1484,15.75,27.75,43.06,23344.75,0.61,False,False,845.0,False
2025-01-21,ALL,1997,328,1655,14,23,171,10,3,14,19,35,74,-148,38.21,1968,21.32,1904,19.32,1801,29.13,1483,13.5,26.82,41.94,23024.65,-1.37,False,True,317.0,False
2025-01-22,ALL,1995,478,1509,8,22,171,6,4,13,30,40,126,-149,27.9,1968,15.76,1904,16.08,1804,27.83,1484,11.87,25.28,41.04,23155.35,0.57,False,False,108.0,False
2025-01-23,ALL,1990,1122,847,21,105,31,1,8,10,28,28,89,74,39.66,1964,20.7,1903,17.74,1804,28.1,1484,11.4,23.28,40.36,23205.35,0.22,False,False,-9.0,False
2025-01-24,ALL,1990,302,1675,13,23,222,4,7,10,41,39,197,-199,22.43,1971,14.43,1919,14.32,1809,25.29,1483,11.62,21.78,39.78,23092.2,-0.49,False,False,-268.0,False
2025-01-27,ALL,2004,152,1844,8,14,846,2,25,4,86,25,445,-832,7.81,1971,8.26,1948,9.0,1812,20.22,1484,12.78,19.59,39.69,22829.15,-1.14,False,False,-1254.0,False
2025-01-28,ALL,2006,609,1385,12,75,255,1,38,3,95,22,418,-180,8.62,1972,8.0,1949,8.57,1831,18.4,1484,13.75,18.35,39.62,22957.25,0.56,False,False,-1286.0,False
2025-01-29,ALL,2003,1754,234,15,539,28,1,12,2,71,40,61,511,21.15,1972,14.58,1948,11.48,1830,22.42,1485,15.09,16.12,39.06,23163.1,0.9,False,False,-626.0,True
2025-01-30,ALL,1997,1092,894,11,119,62,1,15,3,88,41,65,57,26.91,1966,17.46,1942,12.44,1825,22.56,1485,15.71,13.92,38.92,23249.5,0.37,False,False,-643.0,False
2025-01-31,ALL,1997,1569,418,10,263,36,4,10,5,78,46,37,227,50.81,1978,32.09,1951,14.9,1825,24.88,1487,17.12,13.21,39.21,23508.4,1.11,False,False,-217.0,True
2025-02-03,ALL,2011,474,1525,12,63,328,12,6,4,116,49,123,-265,38.88,1978,25.24,1953,13.82,1831,23.37,1489,15.16,12.89,38.42,23361.05,-0.63,False,False,350.0,False
2025-02-04,ALL,2015,1465,533,17,190,32,31,7,8,58,46,57,158,55.66,1978,36.92,1953,16.71,1831,24.92,1489,17.1,11.58,37.94,23739.25,1.62,True,False,688.0,False
2025-02-05,ALL,2016,1421,581,14,198,23,19,7,5,55,58,42,175,71.02,1977,48.36,1952,19.27,1832,26.55,1488,20.95,11.14,37.1,23696.3,-0.18,False,False,352.0,False
2025-02-06,ALL,2016,881,1124,11,114,65,20,7,5,52,47,61,49,70.14,1976,48.87,1952,19.61,1831,26.76,1491,22.34,10.76,36.35,23603.35,-0.39,False,False,344.0,False
2025-02-07,ALL,2021,625,1377,19,46,85,12,7,8,54,48,103,-39,62.91,1990,43.64,1959,17.7,1831,25.71,1513,24.76,10.6,35.76,23559.95,-0.18,False,False,78.0,False
2025-02-10,ALL,2029,277,1741,11,19,333,14,10,8,54,43,236,-314,32.71,1990,27.3,1960,14.6,1843,22.67,1513,27.4,11.07,35.29,23381.6,-0.76,False,False,29.0,False
2025-02-11,ALL,2032,111,1915,6,18,738,6,19,8,52,22,464,-720,10.3,1990,13.31,1961,9.54,1844,17.51,1513,29.93,10.85,34.96,23071.8,-1.32,False,False,-849.0,False
2025-02-12,ALL,2030,751,1262,17,93,164,2,27,10,75,21,436,-71,9.95,1989,13.41,1961,9.71,1844,17.9,1514,29.83,11.01,34.28,23045.25,-0.12,False,False,-1095.0,False
2025-02-13,ALL,2030,915,1099,16,98,108,2,33,7,86,22,332,-10,11.51,1989,14.9,1960,9.65,1844,17.47,1517,30.0,10.9,34.01,23031.4,-0.06,False,False,-1154.0,False
2025-02-14,ALL,2026,212,1806,8,22,752,2,70,7,187,30,614,-730,6.7,2001,8.68,1969,7.11,1842,14.0,1514,26.76,10.59,32.63,22929.25,-0.44,False,False,-1845.0,False
2025-02-17,ALL,2035,696,1322,17,73,297,2,63,7,244,23,548,-224,7.34,2002,10.11,1968,7.65,1856,13.67,1514,25.51,10.4,31.84,22959.5,0.13,False,False,-1755.0,False
2025-02-18,ALL,2034,456,1565,13,34,426,4,69,6,392,24,650,-392,7.54,2003,8.7,1966,7.55,1855,13.08,1514,22.08,9.97,31.11,22945.3,-0.06,False,False,-1427.0,False
2025-02-19,ALL,2032,1616,400,16,513,41,7,38,8,215,45,110,472,14.73,2003,12.89,1963,9.28,1853,14.38,1516,16.81,9.66,30.28,22932.9,-0.05,False,False,-884.0,True
2025-02-20,ALL,2027,1485,525,17,286,23,6,19,7,126,33,52,263,30.7,2003,18.02,1959,10.65,1849,15.38,1515,14.6,9.68,29.24,22913.15,-0.09,False,False,-611.0,True
2025-02-21,ALL,2019,635,1376,8,81,70,11,4,6,137,27,101,11,31.45,2003,16.9,1964,10.42,1842,15.55,1511,11.61,9.88,27.86,22795.9,-0.51,False,True,130.0,False
2025-02-24,ALL,2030,447,1571,12,37,135,12,3,9,116,28,199,-98,27.11,2003,13.86,1963,9.16,1845,13.24,1511,9.53,10.35,27.27,22553.35,-1.06,False,True,256.0,False
2025-02-25,ALL,2028,704,1309,15,68,64,23,0,13,74,38,262,4,25.49,2001,13.36,1961,9.33,1844,12.92,1509,8.92,10.68,26.71,22547.55,-0.03,False,True,652.0,False
2025-02-27,ALL,2030,333,1683,14,29,383,4,1,16,78,22,493,-354,16.09,2001,10.45,1961,8.28,1847,11.14,1517,8.87,10.56,25.97,22545.05,-0.01,False,True,-174.0,False
2025-02-28,ALL,2030,237,1785,8,25,582,2,9,3,202,19,705,-557,9.34,2002,5.71,1962,6.93,1848,9.69,1517,8.05,10.44,24.85,22124.7,-1.86,False,False,-994.0,False
2025-03-03,ALL,2040,637,1389,14,70,367,1,24,4,284,18,637,-297,8.95,2012,5.77,1977,6.7,1851,9.74,1519,8.3,10.21,23.77,22119.3,-0.02,False,False,-1302.0,False
2025-03-04,ALL,2038,1268,753,17,193,52,1,17,5,298,19,305,141,15.47,2010,8.7,1977,7.26,1860,10.09,1517,8.5,9.84,23.14,22082.65,-0.17,False,True,-1063.0,False
2025-03-05,ALL,2036,1834,191,11,583,6,1,10,7,129,21,29,577,36.82,2007,17.97,1976,9.59,1856,11.87,1516,10.83,9.64,22.3,22337.3,1.15,False,False,-490.0,True
2025-03-06,ALL,2029,1651,369,9,303,9,10,5,9,91,22,19,294,62.69,2002,29.89,1974,12.59,1851,12.82,1521,12.72,9.35,21.89,22544.7,0.93,False,False,158.0,True
2025-03-07,ALL,2029,1258,752,19,196,25,34,5,7,96,24,18,171,74.59,2003,39.82,1979,14.12,1855,13.41,1521,13.79,9.16,21.43,22552.5,0.03,False,False,886.0,False
2025-03-10,ALL,2037,291,1736,10,30,535,35,5,4,173,24,90,-505,48.44,2013,28.94,1987,11.97,1871,12.22,1522,15.05,8.98,20.89,22460.3,-0.41,False,False,678.0,False
2025-03-11,ALL,2037,670,1353,14,60,153,26,5,7,191,24,178,-93,43.74,2014,28.05,1989,12.32,1899,12.35,1522,17.19,8.53,19.71,22497.9,0.17,False,False,444.0,False
2025-03-12,ALL,2039,658,1369,12,51,109,12,5,9,149,31,248,-58,38.51,2015,26.45,1989,11.63,1900,11.31,1530,17.9,8.37,18.95,22470.5,-0.12,False,False,-191.0,False
2025-03-13,ALL,2036,610,1411,15,45,85,4,5,11,98,35,300,-40,32.59,2013,24.9,1988,11.53,1899,11.04,1531,20.52,8.58,18.09,22397.2,-0.33,False,False,-525.0,False
2025-03-17,ALL,2048,837,1199,12,68,175,3,17,12,111,60,385,-107,31.93,2020,26.26,1988,12.17,1898,11.17,1531,26.36,8.75,17.5,22508.75,0.5,False,False,-803.0,False
2025-03-18,ALL,2048,1787,252,9,414,28,10,4,12,78,55,53,386,52.6,2021,45.37,1997,16.72,1908,13.18,1533,33.6,9.49,16.5,22834.3,1.45,False,False,88.0,True
2025-03-19,ALL,2048,1740,297,11,443,9,17,1,27,25,57,22,434,73.27,2020,62.06,1995,23.49,1907,14.5,1531,42.36,10.17,16.0,22907.6,0.32,False,False,615.0,True
2025-03-20,ALL,2046,1277,755,14,157,25,23,0,35,15,51,22,132,78.0,2018,67.05,1994,28.82,1905,15.7,1535,46.39,11.02,15.64,23190.65,1.24,False,False,805.0,False
2025-03-21,ALL,2045,1580,450,15,284,19,58,1,64,11,42,16,265,86.12,2017,78.01,1992,34.93,1904,17.13,1535,49.2,12.24,15.18,23350.4,0.69,False,False,1110.0,True
2025-03-24,ALL,2054,1394,644,16,202,23,128,1,62,13,45,21,179,88.78,2023,82.27,1991,41.39,1904,19.67,1535,52.64,13.13,14.46,23658.35,1.32,False,False,1396.0,False
2025-03-25,ALL,2105,378,1713,14,40,373,36,1,30,17,35,53,-333,73.45,2019,70.71,1997,35.34,1910,18.37,1535,57.14,13.66,13.75,23668.65,0.04,True,False,677.0,False
2025-03-26,ALL,2105,341,1756,8,36,336,14,3,20,29,30,125,-300,52.95,2019,57.34,1997,31.99,1910,16.4,1537,61.34,14.45,13.66,23486.85,-0.77,False,False,-57.0,False
2025-03-27,ALL,2106,1120,974,12,153,166,9,5,31,34,32,163,-13,54.48,2019,60.44,1997,34.29,1910,17.95,1538,66.55,16.18,13.39,23591.95,0.45,False,False,-202.0,False
2025-03-28,ALL,2108,718,1377,13,78,116,8,6,39,28,55,179,-38,44.02,2031,55.73,1997,34.14,1910,17.7,1537,69.85,17.33,13.4,23519.35,-0.31,False,False,-505.0,False
2025-04-01,ALL,2116,1353,750,13,421,57,5,3,61,16,51,28,364,47.46,2029,65.65,2003,34.85,1908,16.55,1535,73.79,19.08,13.49,23165.7,-1.5,False,False,-320.0,True
2025-04-02,ALL,2110,1552,538,20,207,15,13,1,98,8,45,17,192,59.82,2026,71.66,2001,41.0,1917,18.25,1534,74.06,20.71,13.23,23332.35,0.72,False,False,205.0,False
2025-04-03,ALL,2111,1466,628,17,256,35,30,2,152,8,46,21,221,69.77,2028,76.52,2002,47.37,1917,19.3,1534,73.53,25.04,12.78,23250.1,-0.35,False,False,726.0,True
2025-04-04,ALL,2109,219,1878,12,35,620,26,7,88,10,34,90,-585,34.29,2027,48.2,2000,32.11,1915,15.77,1535,70.6,27.62,12.18,22904.45,-1.49,False,False,154.0,False
2025-04-07,ALL,2112,109,2000,3,15,1072,16,17,31,20,24,308,-1057,10.55,2038,19.4,2000,18.17,1915,10.41,1537,63.5,28.88,11.78,22161.6,-3.24,False,True,-865.0,False
2025-04-08,ALL,2113,1854,253,6,397,20,11,8,26,15,27,32,377,28.09,2090,35.79,2009,27.99,1915,12.69,1537,57.64,29.77,11.71,22535.85,1.69,False,False,-852.0,True
2025-04-09,ALL,2110,627,1468,15,60,142,9,18,22,29,32,115,-82,26.22,2086,30.5,2003,25.44,1922,12.06,1534,51.27,31.58,11.73,22399.15,-0.61,False,False,-1126.0,False
2025-04-11,ALL,2104,1854,241,9,433,6,9,3,47,10,56,18,427,48.34,2081,49.22,1999,35.09,1918,14.75,1532,47.87,33.32,11.75,22828.55,1.92,False,False,-920.0,True
2025-04-15,ALL,2113,1954,152,7,597,5,16,1,80,6,64,7,592,84.92,2082,75.56,1997,51.7,1915,18.6,1532,46.27,35.56,11.68,23328.55,2.19,False,False,257.0,True
2025-04-16,ALL,2110,1533,564,13,188,19,77,1,100,5,74,9,169,88.7,2089,80.48,2008,59.28,1913,20.37,1532,49.1,39.68,11.68,23437.2,0.47,False,False,1483.0,False
2025-04-17,ALL,2111,1335,757,19,135,20,50,1,131,4,89,8,115,89.84,2087,81.11,2006,62.78,1913,21.41,1532,48.06,43.86,11.55,23851.65,1.77,False,False,1221.0,False
2025-04-21,ALL,2098,1699,387,12,250,18,111,1,200,3,110,8,232,94.15,2068,86.14,1991,72.03,1916,24.95,1531,48.37,47.6,11.56,24125.55,1.15,False,False,1535.0,True
2025-04-22,ALL,2094,1332,745,17,170,30,80,1,155,4,98,7,140,96.03,2066,88.3,1991,76.83,1916,25.78,1532,49.47,49.48,11.68,24167.25,0.17,False,False,1248.0,False
2025-04-23,ALL,2093,1064,1014,15,127,29,47,1,106,4,54,6,98,94.25,2068,89.75,1991,79.39,1917,27.01,1533,57.96,52.9,11.74,24328.95,0.67,False,False,754.0,False
2025-04-24,ALL,2092,924,1151,17,102,41,30,1,90,4,53,6,61,90.08,2066,89.1,2000,80.3,1919,27.15,1532,73.4,55.65,11.81,24246.7,-0.34,False,False,646.0,False
2025-04-25,ALL,2092,175,1905,12,18,596,14,3,42,5,31,16,-578,54.18,2069,71.51,2046,67.03,1923,21.67,1532,80.79,57.41,11.75,24039.35,-0.86,False,False,-47.0,False
2025-04-28,ALL,2099,1101,985,13,83,50,15,2,44,8,41,15,33,46.69,2069,71.47,2047,67.51,1930,23.71,1531,86.22,58.96,11.56,24328.5,1.2,False,False,-246.0,False
2025-04-29,ALL,2097,947,1129,21,67,41,9,2,59,5,47,14,26,40.39,2077,68.57,2046,68.03,1930,23.11,1532,88.91,61.76,11.55,24335.95,0.03,True,False,-360.0,False
2025-04-30,ALL,2099,364,1718,17,21,183,6,5,56,6,33,30,-162,23.45,2077,50.78,2050,58.7,1930,21.2,1533,88.88,63.94,11.74,24334.2,-0.01,False,False,-620.0,False
2025-05-02,ALL,2092,848,1223,21,57,50,5,5,50,9,33,31,7,21.66,2073,46.61,2053,57.84,1926,21.56,1535,85.58,65.68,12.12,24346.7,0.05,True,False,-674.0,False
2025-05-05,ALL,2106,1559,524,23,172,28,12,3,75,9,37,16,144,32.47,2079,56.36,2053,65.39,1927,23.13,1535,82.46,68.24,12.51,24461.15,0.47,True,False,48.0,False
2025-05-06,ALL,2107,245,1851,11,13,473,4,3,35,7,30,54,-460,17.31,2080,37.24,2054,50.83,1936,19.48,1535,76.53,67.92,12.9,24379.6,-0.33,False,False,-445.0,False
2025-05-07,ALL,2105,1359,726,20,115,42,4,5,27,8,36,53,73,24.54,2078,42.47,2053,54.91,1934,21.18,1539,70.68,67.27,13.32,24414.4,0.14,False,False,-398.0,False
2025-05-08,ALL,2105,541,1544,20,65,80,4,3,18,11,26,70,-15,19.14,2079,34.0,2056,49.15,1935,19.88,1549,59.48,67.6,13.82,24273.8,-0.58,False,False,-251.0,False
2025-05-09,ALL,2104,649,1437,18,49,95,7,3,31,10,27,95,-46,19.06,2078,26.97,2054,45.76,1934,18.14,1549,44.06,69.96,13.82,24008.0,-1.1,False,False,-304.0,False
2025-05-12,ALL,2106,1982,112,12,1201,6,15,2,143,3,48,10,1195,79.75,2084,63.08,2056,73.18,1935,26.53,1549,39.45,72.04,13.94,24924.7,3.82,True,False,747.0,True
2025-05-13,ALL,2103,1408,679,16,198,20,33,2,123,3,46,11,178,86.59,2081,69.28,2054,78.46,1941,27.5,1549,34.03,75.68,14.01,24578.35,-1.39,False,False,1385.0,False
2025-05-14,ALL,2104,1629,455,20,256,11,46,1,207,2,72,10,245,91.16,2082,78.26,2061,83.82,1941,29.94,1550,31.78,77.95,14.19,24666.9,0.36,False,False,1557.0,True
2025-05-15,ALL,2103,1496,592,15,188,33,92,1,158,2,82,7,155,90.68,2081,81.84,2060,86.04,1941,32.88,1551,34.32,78.62,14.51,25062.1,1.6,False,False,1727.0,False
2025-05-16,ALL,2101,1448,636,17,231,32,164,0,111,5,69,8,199,91.3,2091,84.91,2061,88.46,1941,34.58,1550,41.24,79.24,14.84,25019.8,-0.17,False,False,1972.0,True
2025-05-19,ALL,2106,1336,747,23,219,35,77,0,121,4,84,9,184,92.34,2090,87.17,2065,89.26,1946,35.91,1551,48.23,79.6,15.34,24945.45,-0.3,False,False,961.0,True
2025-05-20,ALL,2106,473,1622,11,72,122,55,1,101,6,52,11,-50,83.55,2091,80.54,2066,85.67,1947,34.62,1551,61.47,78.99,15.8,24683.9,-1.05,False,False,733.0,False
2025-05-21,ALL,2101,1373,712,16,107,50,34,1,91,5,62,12,57,84.6,2085,84.03,2060,86.98,1943,36.26,1550,73.74,78.59,15.87,24813.45,0.52,False,False,545.0,False
2025-05-22,ALL,2095,859,1217,19,97,48,31,2,77,7,53,12,49,72.36,2080,82.77,2055,85.4,1939,35.55,1550,83.41,77.67,16.13,24609.7,-0.82,False,False,439.0,False
2025-05-23,ALL,2095,1326,749,20,126,42,24,3,87,8,65,10,84,71.02,2081,85.14,2053,86.17,1938,36.52,1550,89.97,76.78,16.58,24853.15,0.99,False,False,324.0,False
2025-05-26,ALL,2105,1316,766,23,147,49,19,2,91,7,72,9,98,70.73,2077,84.74,2057,86.04,1941,38.18,1548,91.05,77.59,16.93,25001.15,0.6,False,False,238.0,False
2025-05-27,ALL,2105,934,1152,19,105,38,30,2,148,6,73,13,67,63.49,2079,83.33,2057,84.9,1941,37.56,1552,91.1,78.16,17.4,24826.2,-0.7,False,False,355.0,False
2025-05-28,ALL,2108,1026,1057,25,130,51,24,3,149,5,72,13,79,58.78,2079,81.58,2058,83.87,1941,37.6,1553,90.62,78.72,17.77,24752.45,-0.3,False,False,377.0,False
2025-05-29,ALL,2092,1089,980,23,122,62,30,2,147,5,74,18,60,58.19,2064,79.51,2045,82.76,1931,38.99,1549,89.63,79.54,18.33,24833.6,0.33,False,False,388.0,False
2025-05-30,ALL,2092,864,1211,17,114,77,29,1,213,4,89,16,37,52.15,2069,76.4,2055,81.16,1943,38.36,1551,87.54,80.19,19.15,24750.7,-0.33,False,False,341.0,False
2025-06-02,ALL,2090,1109,959,22,160,65,27,0,222,5,83,12,95,55.81,2064,74.11,2051,80.66,1939,39.19,1549,85.71,80.71,20.14,24716.6,-0.14,False,False,338.0,False
2025-06-03,ALL,2086,775,1295,16,88,43,18,0,198,6,54,16,45,48.86,2061,67.4,2049,79.72,1938,39.38,1549,83.41,81.68,21.11,24542.5,-0.7,False,False,316.0,False
2025-06-04,ALL,2086,1194,871,21,121,38,16,1,276,7,82,17,83,51.75,2060,67.25,2049,79.58,1939,40.1,1551,79.6,82.72,21.79,24620.2,0.32,False,False,320.0,False
2025-06-05,ALL,2082,1216,841,25,133,11,15,1,268,5,90,12,122,55.84,2056,68.4,2044,80.36,1935,41.9,1549,74.56,84.29,22.47,24750.9,0.53,False,False,382.0,False
2025-06-06,ALL,2075,1166,888,21,147,30,26,1,301,5,99,10,117,63.6,2063,69.15,2039,81.78,1937,43.13,1544,68.81,86.42,22.8,25003.05,1.02,False,False,462.0,False
2025-06-09,ALL,2078,1566,491,21,193,13,25,1,380,4,124,8,180,74.22,2056,76.28,2032,86.03,1968,47.87,1546,67.42,87.04,23.48,25103.2,0.4,True,False,547.0,False
2025-06-10,ALL,2080,1129,919,32,133,20,36,1,237,5,93,10,113,76.89,2060,77.03,2033,86.49,1969,49.39,1547,66.6,87.61,24.31,25104.25,0.0,True,False,615.0,False
2025-06-11,ALL,2075,1106,950,19,159,22,37,0,208,5,71,9,137,77.5,2058,77.51,2032,87.55,1968,50.03,1547,68.06,87.2,25.15,25141.4,0.15,True,False,669.0,False
2025-06-12,ALL,2069,389,1671,9,52,96,34,0,115,6,43,11,-44,54.97,2052,65.78,2025,83.61,1965,45.25,1547,68.44,86.77,25.73,24888.2,-1.01,False,False,503.0,False
2025-06-13,ALL,2064,594,1458,12,57,52,28,2,97,6,66,14,5,40.12,2049,53.06,2024,80.37,1966,43.96,1547,67.93,86.01,26.24,24718.6,-0.68,False,False,391.0,False
2025-06-16,ALL,2065,1094,947,24,96,14,18,2,75,6,70,14,82,44.38,2046,56.85,2021,79.42,1963,45.55,1550,69.37,85.33,26.9,24946.5,0.92,False,False,293.0,False
2025-06-17,ALL,2049,588,1450,11,60,52,14,1,51,5,50,18,8,32.62,1999,45.87,1975,75.25,1919,43.77,1526,68.46,84.94,27.52,24853.4,-0.37,False,False,188.0,False
2025-06-18,ALL,2045,655,1373,17,49,37,11,1,52,5,47,17,12,26.95,1996,41.17,1970,73.64,1916,40.94,1524,66.4,84.08,28.22,24812.05,-0.17,False,False,63.0,False
2025-06-19,ALL,2043,264,1770,9,23,152,8,1,39,5,28,28,-129,15.65,1994,27.16,1970,62.47,1916,36.48,1524,62.69,83.25,28.67,24793.25,-0.08,False,False,-22.0,False
2025-06-20,ALL,2037,1440,583,14,114,28,6,1,34,4,34,16,86,24.31,1995,36.27,1974,65.69,1909,38.92,1521,58.97,81.72,29.32,25112.4,1.29,False,False,59.0,False
2025-06-23,ALL,2043,939,1083,21,81,35,4,2,38,4,48,21,46,27.41,1992,36.5,1970,64.21,1911,40.33,1525,52.89,80.17,30.49,24971.9,-0.56,False,False,23.0,False
2025-06-24,ALL,2043,1483,546,14,115,24,4,3,34,5,48,16,91,42.27,1992,44.68,1974,69.3,1912,42.89,1527,45.95,79.08,31.3,25044.35,0.29,False,False,106.0,False
2025-06-25,ALL,2045,1627,403,15,185,11,9,2,46,5,53,9,174,70.52,1991,58.29,1973,75.59,1917,47.09,1527,41.61,77.83,32.29,25244.75,0.8,True,False,268.0,False
2025-06-26,ALL,2041,1067,949,25,77,22,19,2,47,6,86,14,55,71.95,1989,59.51,1971,75.37,1916,48.1,1528,40.64,77.09,32.72,25549.0,1.21,True,False,452.0,False
2025-06-27,ALL,2039,1146,874,19,110,21,22,2,47,6,90,16,89,73.96,1989,62.76,1971,75.31,1916,49.35,1528,40.84,76.88,33.25,25637.8,0.35,True,False,455.0,False
2025-06-30,ALL,2045,1225,800,20,137,21,28,0,54,4,88,13,116,77.66,2019,66.73,1969,77.19,1920,51.11,1530,41.24,77.08,33.59,25517.05,-0.47,False,False,525.0,False
2025-07-01,ALL,2045,973,1046,26,87,38,31,1,52,4,79,12,49,75.66,2017,65.7,1968,77.44,1919,51.05,1528,41.46,77.33,34.95,25541.8,0.1,False,False,483.0,False
2025-07-02,ALL,2043,750,1278,15,65,29,19,3,47,5,46,16,36,68.77,2011,61.17,1965,76.23,1914,50.85,1530,43.1,77.74,35.95,25453.4,-0.35,False,False,345.0,False
2025-07-03,ALL,2038,962,1051,25,76,17,15,2,52,5,57,13,59,66.73,2005,62.31,1958,77.02,1910,51.34,1527,51.07,78.01,36.87,25405.3,-0.19,False,False,349.0,False
2025-07-04,ALL,2038,1087,924,27,76,23,13,4,48,9,57,16,53,65.08,2013,63.26,1965,77.57,1908,53.15,1526,57.3,78.14,37.42,25461.0,0.22,False,False,313.0,False
2025-07-07,ALL,2045,733,1290,22,77,41,14,5,42,9,49,17,36,53.08,2010,60.42,1963,75.98,1911,51.5,1530,64.03,77.24,38.43,25461.3,0.0,False,False,233.0,False
2025-07-08,ALL,2044,902,1111,31,70,29,11,3,33,9,49,18,41,49.08,2011,59.0,1961,74.23,1909,51.6,1531,68.33,75.54,39.71,25522.5,0.24,False,False,225.0,False
2025-07-09,ALL,2043,982,1039,22,88,12,12,4,25,9,53,16,76,47.34,2009,61.55,1961,74.05,1911,52.58,1531,70.47,73.94,40.69,25476.1,-0.18,False,False,265.0,False
2025-07-10,ALL,2035,867,1139,29,87,15,14,3,27,8,46,16,72,43.61,2002,62.42,1956,74.34,1906,53.07,1532,71.22,73.24,41.91,25355.25,-0.47,False,False,278.0,False
2025-07-11,ALL,2030,554,1461,15,42,29,8,2,28,9,58,20,13,34.23,2001,50.64,1953,67.98,1908,51.14,1531,70.61,72.43,42.72,25149.85,-0.81,False,False,238.0,False
2025-07-14,ALL,2046,956,1069,21,83,30,16,2,38,7,69,27,53,36.66,2002,51.74,1979,65.41,1908,51.4,1537,68.92,71.44,43.27,25082.3,-0.27,False,False,255.0,False
2025-07-15,ALL,2046,1434,589,23,123,16,12,3,38,9,66,21,107,53.47,2005,62.3,1979,71.12,1908,54.61,1540,66.8,70.23,44.87,25195.8,0.45,False,False,321.0,False
2025-07-16,ALL,2041,1183,833,25,106,18,13,4,43,9,64,12,88,58.93,2004,65.28,1976,73.4,1906,56.07,1541,65.13,69.52,45.62,25212.05,0.06,False,False,333.0,False
2025-07-17,ALL,2042,932,1087,23,73,18,15,4,47,10,67,14,55,58.82,2001,62.68,1975,72.55,1905,57.49,1543,62.23,70.18,46.66,25111.45,-0.4,False,False,316.0,False
2025-07-18,ALL,2044,629,1389,26,60,24,15,5,64,13,57,15,36,49.6,2010,54.19,1980,66.77,1905,55.76,1544,57.32,70.18,47.67,24968.4,-0.57,False,True,339.0,False
2025-07-21,ALL,2049,978,1051,20,72,42,12,6,56,11,70,20,30,49.08,2011,51.79,1979,65.23,1904,55.77,1551,52.91,70.06,48.55,25090.7,0.49,False,False,316.0,False
2025-07-22,ALL,2048,806,1213,29,67,37,16,5,67,11,74,22,30,43.7,2009,46.39,1981,61.69,1903,55.87,1550,49.72,69.42,49.48,25060.9,-0.12,False,False,239.0,False
2025-07-23,ALL,2047,1001,1025,21,54,34,14,4,54,11,91,24,20,47.14,2011,46.64,1979,60.88,1902,56.12,1552,48.41,68.3,50.45,25219.9,0.63,False,False,171.0,False
2025-07-24,ALL,2046,651,1377,18,59,51,13,4,39,12,56,31,8,40.22,2009,42.94,1977,57.71,1901,55.45,1551,47.45,67.49,50.93,25062.1,-0.63,False,False,124.0,False
2025-07-25,ALL,2046,289,1748,9,31,138,9,3,40,13,34,36,-107,21.8,2023,28.74,1980,43.52,1905,50.06,1554,45.96,66.35,51.42,24837.0,-0.9,False,False,-19.0,False
2025-07-28,ALL,2051,408,1637,6,40,166,7,6,34,14,42,58,-126,15.11,2025,22.09,1983,35.49,1905,46.0,1587,43.82,64.51,51.29,24680.9,-0.63,False,False,-175.0,False
2025-07-29,ALL,2050,1456,581,13,150,18,10,2,36,12,68,34,132,21.15,2024,28.0,1986,40.68,1905,49.12,1588,41.39,62.62,51.76,24821.1,0.57,False,False,-73.0,False
2025-07-30,ALL,2053,1042,984,27,104,36,11,2,37,13,65,32,68,27.35,2029,29.71,1989,41.05,1905,48.99,1590,38.76,61.52,52.14,24855.05,0.14,False,False,-25.0,False
2025-07-31,ALL,2055,580,1455,20,59,68,9,2,39,13,54,42,-9,22.12,2030,25.09,1989,37.04,1906,47.96,1591,34.59,59.6,52.73,24768.35,-0.35,False,False,-42.0,False
2025-08-01,ALL,2057,402,1641,14,39,165,7,0,27,14,30,59,-126,15.95,2037,19.27,1998,31.47,1913,45.11,1596,30.63,56.51,52.88,24565.35,-0.82,False,False,-61.0,False
2025-08-04,ALL,2074,1308,743,23,127,46,10,3,27,15,54,52,81,24.24,2038,23.67,1998,33.47,1912,46.65,1597,27.78,54.45,53.16,24722.75,0.64,False,False,146.0,False
2025-08-05,ALL,2077,743,1313,21,55,49,7,4,27,12,47,62,6,24.72,2039,24.41,1999,31.64,1915,45.96,1597,24.81,51.38,53.48,24649.55,-0.3,False,False,20.0,False
2025-08-06,ALL,2079,467,1600,12,42,119,4,3,27,18,38,108,-77,21.33,2039,20.02,2003,27.87,1916,43.49,1598,22.07,47.91,53.63,24574.2,-0.31,False,False,-125.0,False
2025-08-07,ALL,2079,934,1127,18,65,65,1,3,21,15,47,86,0,24.23,2039,18.88,2002,27.05,1915,43.12,1598,19.38,45.48,53.88,24596.15,0.09,False,False,-116.0,False
2025-08-08,ALL,2078,570,1489,19,54,96,3,3,19,21,50,103,-42,19.08,2044,15.42,2017,22.94,1918,40.02,1604,17.75,42.91,53.68,24363.3,-0.95,False,False,-32.0,False
2025-08-11,ALL,2089,1173,898,18,107,69,3,3,21,19,37,81,38,25.4,2043,19.43,2018,25.46,1917,40.6,1606,17.99,40.48,53.67,24585.05,0.91,False,False,-75.0,False
2025-08-12,ALL,2089,964,1103,22,86,62,6,6,20,22,33,71,24,28.05,2046,20.61,2018,25.3,1917,41.85,1608,17.59,38.29,53.3,24487.4,-0.4,False,False,-57.0,False
2025-08-13,ALL,2087,1226,845,16,119,62,9,5,23,23,45,65,57,40.89,2047,24.93,2022,26.93,1916,42.91,1608,16.77,35.75,53.36,24619.35,0.54,False,False,77.0,False
2025-08-14,ALL,2088,732,1332,24,55,96,13,7,17,29,41,81,-41,39.47,2047,22.96,2021,26.01,1915,41.79,1608,16.48,33.52,53.23,24631.3,0.05,False,False,36.0,False
2025-08-18,ALL,2097,1438,640,19,195,35,14,3,24,24,61,39,160,52.45,2065,34.45,2029,31.34,1924,43.41,1615,19.57,32.33,53.31,24876.95,1.0,False,False,238.0,False
2025-08-19,ALL,2098,1473,599,26,150,18,17,4,28,15,67,16,132,66.18,2067,44.19,2030,36.05,1925,46.19,1615,21.43,31.27,53.5,24980.65,0.42,False,False,332.0,False
2025-08-20,ALL,2101,1170,903,28,129,18,22,2,29,15,64,11,111,71.01,2070,49.9,2030,38.18,1925,47.37,1615,24.33,30.49,53.44,25050.55,0.28,False,False,419.0,False
2025-08-21,ALL,2099,1001,1068,30,77,28,21,2,23,16,61,17,49,70.69,2071,52.34,2031,38.79,1926,47.28,1616,29.39,29.13,53.47,25083.75,0.13,True,False,411.0,False
2025-08-22,ALL,2099,708,1370,21,62,30,21,1,26,14,59,20,32,62.96,2071,49.66,2032,34.82,1927,46.45,1621,35.83,28.44,53.55,24870.1,-0.85,False,False,484.0,False
2025-08-25,ALL,2116,973,1122,21,85,47,22,2,26,10,64,30,38,59.78,2081,51.77,2036,35.84,1928,46.98,1622,42.58,28.58,53.45,24967.75,0.39,False,False,362.0,False
2025-08-26,ALL,2115,343,1762,10,28,109,10,7,25,14,35,69,-81,35.18,2078,36.43,2034,27.72,1952,42.87,1621,44.64,28.53,53.67,24712.05,-1.02,False,False,149.0,False
2025-08-28,ALL,2120,545,1559,16,41,97,7,5,28,13,62,86,-56,24.98,2078,30.16,2036,23.36,1952,40.84,1621,47.89,27.36,53.79,24500.9,-0.85,False,False,-18.0,False
2025-08-29,ALL,2117,823,1274,20,63,29,7,5,19,19,70,74,34,22.98,2076,30.0,2037,23.68,1951,40.14,1622,49.88,26.76,54.01,24426.85,-0.3,False,False,-33.0,False
2025-09-01,ALL,2129,1589,520,20,178,15,8,5,31,19,98,37,163,35.64,2082,40.78,2038,27.68,1951,42.78,1620,54.02,25.63,53.89,24625.05,0.81,False,False,98.0,False
2025-09-02,ALL,2126,1314,787,25,134,29,12,4,25,15,58,16,105,45.29,2082,48.68,2052,30.79,1955,44.69,1620,54.34,25.06,54.07,24579.6,-0.18,False,False,165.0,False
2025-09-03,ALL,2126,1472,628,26,142,17,18,1,37,12,89,15,125,58.93,2084,58.69,2055,34.68,1955,47.23,1624,54.36,24.6,54.31,24715.05,0.55,False,False,371.0,False
2025-09-04,ALL,2128,701,1408,19,55,47,21,2,35,14,79,23,8,50.17,2083,52.6,2057,32.74,1958,46.44,1628,52.36,24.11,54.3,24734.3,0.08,False,False,435.0,False
2025-09-05,ALL,2123,1027,1073,23,91,25,26,1,48,13,89,28,66,54.35,2079,51.36,2054,33.55,1955,46.66,1631,48.69,24.5,54.63,24741.0,0.03,False,False,467.0,False
2025-09-08,ALL,2142,1182,940,20,135,30,31,1,64,13,107,24,105,60.55,2094,54.46,2053,35.24,1955,46.95,1640,45.98,25.12,54.51,24773.15,0.13,False,False,409.0,False
2025-09-09,ALL,2208,1033,1156,19,89,48,26,0,52,13,92,32,41,61.32,2089,54.7,2055,35.78,1951,47.04,1637,43.07,26.45,54.37,24868.6,0.39,False,False,345.0,False
2025-09-10,ALL,2208,1384,801,23,128,30,16,0,56,8,54,15,98,70.06,2091,61.34,2054,42.65,1953,49.21,1636,44.69,27.65,54.22,24973.1,0.42,False,False,318.0,False
2025-09-11,ALL,2207,1064,1109,34,77,33,24,1,60,11,53,21,44,66.76,2091,62.2,2053,43.2,1956,50.31,1636,47.98,28.83,53.79,25005.5,0.13,False,False,354.0,False
2025-09-12,ALL,2208,1087,1084,37,74,22,16,1,57,10,81,17,52,60.88,2104,62.03,2054,45.91,1958,50.46,1641,54.77,29.98,53.56,25114.0,0.43,False,False,340.0,False
2025-09-15,ALL,2230,1244,969,17,113,20,14,1,60,9,69,23,93,63.32,2102,65.24,2060,47.7,1956,51.56,1639,57.04,31.6,53.51,25069.2,-0.18,False,False,328.0,False
2025-09-16,ALL,2229,1448,753,28,106,17,21,2,60,8,112,16,89,69.01,2101,69.31,2059,53.08,1963,53.56,1641,60.76,33.21,53.44,25239.1,0.68,False,False,376.0,False
2025-09-17,ALL,2232,1303,908,21,98,26,26,2,56,8,73,15,72,72.22,2102,72.43,2060,56.88,1962,55.18,1640,63.45,34.86,53.41,25330.25,0.36,False,False,350.0,False
2025-09-18,ALL,2229,1096,1101,32,79,28,19,3,51,10,64,20,51,71.08,2099,73.32,2058,58.29,1961,55.3,1640,67.59,36.21,53.72,25423.6,0.37,False,False,357.0,False
2025-09-19,ALL,2228,1052,1152,24,84,32,19,4,45,11,73,22,52,66.48,2115,72.18,2056,59.1,1961,56.14,1644,70.38,37.38,53.59,25327.05,-0.38,False,False,357.0,False
2025-09-22,ALL,2248,741,1492,15,80,70,21,7,47,13,87,33,10,53.43,2186,63.53,2070,53.19,1959,53.89,1644,72.22,39.25,53.95,25202.35,-0.49,False,False,274.0,False
2025-09-23,ALL,2248,846,1382,20,83,40,17,8,49,16,106,40,43,44.19,2186,59.48,2073,52.56,1973,53.44,1643,73.66,40.95,53.93,25169.5,-0.13,False,False,228.0,False
2025-09-24,ALL,2245,583,1640,22,58,55,16,8,46,15,68,52,3,33.75,2184,50.8,2075,47.67,1974,51.22,1642,71.81,43.31,53.96,25056.9,-0.45,False,False,159.0,False
2025-09-25,ALL,2244,517,1706,21,43,61,16,6,54,12,53,57,-18,24.81,2185,39.9,2075,42.47,1973,49.48,1643,68.43,45.62,53.62,24890.85,-0.66,False,False,90.0,False
2025-09-26,ALL,2247,269,1965,13,22,208,12,7,48,14,44,106,-186,13.49,2209,22.33,2087,29.35,1976,44.22,1653,62.39,47.67,53.12,24654.7,-0.95,False,False,-148.0,False
2025-09-29,ALL,2253,957,1272,24,89,84,11,4,51,11,81,96,5,14.95,2208,21.43,2086,29.79,1977,43.74,1653,55.27,49.17,52.75,24634.9,-0.08,False,False,-153.0,False
2025-09-30,ALL,2256,1044,1186,26,62,48,7,5,39,15,66,80,14,17.47,2209,22.24,2086,29.99,1984,44.44,1654,47.89,50.3,52.6,24611.1,-0.1,False,True,-182.0,False
2025-10-01,ALL,2259,1701,539,19,175,12,12,2,43,14,87,30,163,27.41,2211,30.27,2088,38.16,1984,47.85,1653,42.05,50.96,52.21,24836.3,0.92,False,False,-22.0,False
2025-10-03,ALL,2252,1576,652,24,160,16,10,2,45,13,88,26,144,42.59,2207,37.25,2083,44.26,1979,50.3,1650,35.33,52.05,52.3,24894.25,0.23,False,False,140.0,False
2025-10-06,ALL,2276,971,1289,16,107,47,15,1,44,13,108,48,60,48.27,2227,38.71,2100,45.66,1980,49.61,1653,31.52,53.64,51.97,25077.65,0.74,False,False,386.0,False
2025-10-07,ALL,2277,955,1299,23,84,53,20,1,40,14,87,61,31,49.1,2228,37.81,2169,45.51,1980,50.27,1653,28.12,55.45,51.72,25108.3,0.12,False,False,412.0,False
2025-10-08,ALL,2276,779,1475,22,102,34,27,1,38,16,95,74,68,45.89,2227,32.96,2169,43.32,1983,49.4,1656,25.17,55.93,51.75,25046.15,-0.25,False,False,466.0,False
2025-10-09,ALL,2276,1146,1111,19,103,63,29,2,56,15,86,65,40,49.35,2225,38.49,2167,46.01,1982,49.52,1656,23.95,54.64,51.87,25181.8,0.54,False,False,343.0,False
2025-10-10,ALL,2274,1426,829,19,99,34,20,3,61,19,65,32,65,58.88,2225,42.34,2166,48.08,1982,50.27,1657,23.36,54.14,51.9,25285.35,0.41,False,False,264.0,False
2025-10-13,ALL,2292,661,1614,17,65,65,18,4,50,19,90,63,0,46.14,2228,36.09,2186,44.9,1982,48.67,1658,26.08,54.14,51.99,25227.35,-0.23,False,False,204.0,False
2025-10-14,ALL,2291,509,1763,19,54,109,21,7,42,25,71,124,-55,32.6,2230,29.11,2185,39.55,1985,47.1,1658,28.56,52.7,52.17,25145.5,-0.32,False,False,118.0,False
2025-10-15,ALL,2286,1507,764,15,117,39,11,9,39,26,79,83,78,40.51,2229,37.2,2183,42.96,1997,48.07,1656,33.85,51.28,51.93,25323.55,0.71,False,False,128.0,False
2025-10-16,ALL,2285,1404,861,20,103,37,11,7,38,23,109,46,66,46.85,2224,41.83,2180,45.42,1997,49.85,1659,38.44,49.82,51.96,25585.3,1.03,True,False,154.0,False
2025-10-17,ALL,2287,753,1516,18,57,69,12,5,37,22,123,83,-12,41.43,2245,39.32,2182,42.65,2000,48.56,1670,40.24,47.6,52.04,25709.85,0.49,True,False,77.0,False
2025-10-20,ALL,2299,1364,915,20,127,54,13,4,30,19,163,58,73,48.82,2247,44.43,2201,45.48,2001,49.29,1684,41.98,44.58,51.78,25843.15,0.52,True,False,150.0,False
2025-10-21,ALL,2291,1819,439,33,80,3,22,0,29,17,169,16,77,64.69,2243,53.78,2198,48.87,1999,50.95,1684,44.18,43.87,51.96,25868.6,0.1,True,False,282.0,False
2025-10-23,ALL,2295,922,1345,28,102,70,17,2,26,14,113,19,32,59.5,2242,54.03,2195,49.7,2008,51.25,1684,46.7,42.98,52.49,25891.4,0.09,False,False,236.0,False
2025-10-24,ALL,2299,789,1475,35,60,34,17,1,23,11,51,39,26,52.61,2243,51.39,2195,47.43,2007,51.87,1683,48.34,41.65,52.88,25795.15,-0.37,False,False,196.0,False
2025-10-27,ALL,2302,1180,1100,22,97,44,14,0,30,10,142,45,53,56.16,2258,52.12,2195,47.93,2005,52.4,1689,48.38,41.75,53.23,25966.05,0.66,True,False,261.0,False
2025-10-28,ALL,2299,931,1348,20,72,49,11,0,25,11,114,47,23,52.26,2256,51.27,2198,47.16,2004,51.81,1687,48.23,42.32,53.76,25936.2,-0.11,False,False,211.0,False
2025-10-29,ALL,2289,1503,758,28,109,35,9,0,34,8,150,31,74,61.0,2249,57.43,2194,51.07,2003,53.75,1680,50.55,42.64,54.11,26053.9,0.45,False,False,208.0,False
2025-10-30,ALL,2285,845,1410,30,64,26,10,1,38,8,73,30,38,54.6,2251,54.63,2193,50.63,1999,53.07,1679,51.76,43.52,54.38,25877.85,-0.68,False,False,214.0,False
2025-10-31,ALL,2283,748,1501,34,60,39,12,1,41,8,68,44,21,43.87,2252,49.11,2191,47.67,1999,52.42,1677,51.39,44.67,54.56,25722.1,-0.6,False,False,209.0,False
2025-11-03,ALL,2286,1295,956,35,117,49,17,2,48,10,104,55,68,48.01,2262,53.73,2211,50.53,1999,53.84,1681,54.59,45.02,54.49,25763.35,0.16,False,False,224.0,False
2025-11-04,ALL,2286,619,1648,19,47,45,18,2,33,10,68,65,2,35.35,2260,43.55,2211,46.17,1997,51.61,1682,56.45,44.92,54.34,25597.65,-0.64,False,False,203.0,False
2025-11-06,ALL,2286,416,1854,16,44,211,15,2,34,11,41,145,-167,23.43,2266,29.9,2211,38.29,2011,47.18,1683,53.51,45.15,54.07,25509.7,-0.34,False,False,-38.0,False
2025-11-07,ALL,2286,1130,1126,30,82,63,12,1,35,10,63,127,19,26.0,2269,31.72,2213,38.21,2015,47.18,1683,50.79,44.96,54.25,25492.3,-0.07,False,False,-57.0,False
2025-11-10,ALL,2296,1033,1232,31,93,120,12,6,34,15,65,133,-27,28.5,2274,32.11,2214,38.03,2017,46.79,1682,47.47,44.08,54.4,25574.35,0.32,False,False,-105.0,False
2025-11-11,ALL,2295,1105,1162,28,78,82,9,9,30,10,69,123,-4,31.03,2272,34.44,2230,38.69,2016,46.33,1690,44.71,43.2,54.38,25694.95,0.47,False,False,-177.0,False
2025-11-12,ALL,2291,1465,807,19,129,38,7,2,33,9,94,60,91,41.62,2268,40.83,2229,41.05,2022,48.58,1688,42.17,42.53,54.68,25875.8,0.7,False,False,-88.0,False
2025-11-13,ALL,2291,886,1370,35,93,74,12,2,38,10,70,102,19,40.48,2263,39.33,2225,39.9,2020,47.86,1686,36.63,42.72,54.92,25879.15,0.01,False,False,98.0,False
2025-11-14,ALL,2295,1006,1256,33,92,57,14,4,49,9,86,99,35,41.11,2262,39.53,2231,39.29,2021,47.81,1686,34.47,42.65,54.45,25910.05,0.12,False,False,114.0,False
2025-11-17,ALL,2304,1219,1073,12,120,68,12,4,44,11,130,110,52,46.18,2267,42.28,2235,41.7,2024,48.87,1686,33.78,42.64,54.45,26013.45,0.4,False,False,193.0,False
2025-11-18,ALL,2305,572,1717,16,50,62,15,6,35,15,71,136,-12,38.15,2265,35.2,2244,39.07,2022,46.56,1688,31.28,42.48,54.21,25910.05,-0.4,False,False,185.0,False
2025-11-19,ALL,2305,979,1307,19,68,64,13,6,48,14,112,142,4,38.78,2264,35.93,2243,38.22,2038,46.74,1688,30.14,42.25,54.09,26052.65,0.55,False,False,98.0,False
2025-11-20,ALL,2309,959,1318,32,65,37,13,6,37,15,112,145,28,36.5,2266,35.45,2248,37.8,2103,46.27,1688,33.85,41.32,53.91,26192.15,0.54,True,False,107.0,False
2025-11-21,ALL,2310,459,1825,26,48,80,9,4,26,21,41,204,-32,24.92,2275,29.22,2252,32.64,2105,43.31,1688,34.46,41.05,53.61,26068.15,-0.47,False,False,40.0,False
2025-11-24,ALL,2313,534,1764,15,49,216,7,6,27,31,34,245,-167,18.08,2273,24.23,2253,29.58,2103,41.17,1688,34.4,40.04,53.26,25959.5,-0.42,False,False,-179.0,False
2025-11-25,ALL,2312,1183,1110,19,97,31,7,4,29,24,41,169,66,20.55,2273,25.44,2252,29.94,2104,42.03,1694,33.97,38.93,52.95,25884.8,-0.29,False,False,-101.0,False
2025-11-26,ALL,2316,1803,494,19,140,14,8,4,26,22,114,64,126,38.28,2278,33.96,2250,34.56,2118,44.54,1695,33.69,38.62,52.8,26205.3,1.24,True,False,21.0,False
2025-11-27,ALL,2320,1002,1284,34,67,34,6,5,28,22,110,83,33,38.89,2281,34.31,2250,33.66,2118,44.37,1697,33.42,37.54,52.62,26215.55,0.04,True,False,26.0,False
2025-11-28,ALL,2318,1017,1261,40,79,40,9,4,22,28,105,98,39,41.27,2290,34.56,2251,34.75,2121,43.29,1700,33.05,37.25,52.18,26202.95,-0.05,False,False,97.0,False
2025-12-01,ALL,2325,939,1357,29,83,58,10,4,25,27,87,135,25,41.47,2291,33.63,2254,34.35,2122,43.28,1703,31.41,36.1,51.73,26175.75,-0.1,False,False,289.0,False
2025-12-02,ALL,2353,678,1651,24,42,51,9,4,21,32,48,167,-9,34.67,2287,31.01,2248,32.67,2118,42.52,1705,30.47,35.6,51.2,26032.2,-0.55,False,False,214.0,False
2025-12-03,ALL,2353,664,1661,28,27,63,2,5,20,43,40,213,-36,27.51,2290,25.49,2248,29.79,2135,41.07,1707,29.54,35.41,50.97,25986.0,-0.18,False,False,52.0,False
2025-12-04,ALL,2352,972,1342,38,46,50,6,5,19,39,46,184,-4,29.11,2291,25.53,2248,30.06,2136,40.86,1706,28.07,35.07,50.53,26033.75,0.18,False,False,15.0,False
2025-12-05,ALL,2350,934,1398,18,57,71,5,3,16,32,69,222,-14,30.4,2293,27.23,2255,29.87,2136,39.8,1706,27.72,34.46,49.82,26186.45,0.59,False,False,-38.0,False
2025-12-08,ALL,2356,276,2066,14,32,369,5,4,13,54,33,366,-337,13.83,2292,15.3,2255,22.57,2136,35.64,1706,26.7,34.27,49.18,25960.55,-0.86,False,False,-400.0,False
2025-12-09,ALL,2361,1571,771,19,185,18,5,2,14,32,37,131,167,20.17,2296,19.02,2256,24.5,2139,37.76,1711,25.93,33.43,48.51,25839.65,-0.47,False,True,-224.0,False
2025-12-10,ALL,2363,898,1429,36,74,42,10,3,16,26,33,132,32,20.84,2299,17.64,2262,22.57,2144,36.73,1710,24.18,31.86,47.66,25758.0,-0.32,False,False,-156.0,False
2025-12-11,ALL,2362,1503,828,31,98,21,9,4,13,29,44,90,77,28.27,2296,22.78,2261,25.72,2146,36.84,1710,23.44,30.89,47.25,25898.55,0.55,False,False,-75.0,False
2025-12-12,ALL,2360,1570,756,34,122,17,9,3,11,24,77,67,105,46.15,2301,30.91,2268,29.08,2149,38.48,1710,21.91,30.15,47.43,26046.95,0.57,False,False,44.0,False
2025-12-15,ALL,2369,1244,1089,36,105,32,17,3,16,13,82,66,73,52.49,2330,34.54,2267,29.17,2146,38.72,1707,22.06,29.03,46.92,26027.3,-0.08,False,False,454.0,False
2025-12-16,ALL,2367,655,1691,21,48,49,17,3,14,15,44,111,-1,40.51,2328,28.98,2267,26.86,2163,37.64,1711,21.48,28.29,46.35,25860.1,-0.64,False,False,286.0,False
2025-12-17,ALL,2369,634,1707,28,48,88,17,3,29,18,46,178,-40,32.06,2330,24.44,2271,24.43,2165,36.57,1712,21.62,27.81,45.68,25818.55,-0.16,False,False,214.0,False
2025-12-18,ALL,2369,859,1475,35,57,49,12,3,31,19,47,206,8,29.6,2328,24.0,2271,22.74,2164,35.92,1712,21.8,27.22,45.27,25815.55,-0.01,False,False,145.0,False
2025-12-19,ALL,2373,1741,606,26,135,26,11,2,31,17,43,70,109,53.44,2337,34.11,2275,27.69,2167,38.18,1713,22.59,26.95,44.83,25966.4,0.58,False,False,149.0,False
2025-12-22,ALL,2378,1765,584,29,176,31,13,4,33,16,102,37,145,67.45,2338,49.16,2274,31.92,2168,39.56,1714,25.9,27.54,44.34,26172.4,0.79,False,False,221.0,False
2025-12-23,ALL,2379,1350,988,41,98,35,15,3,40,13,95,39,63,68.94,2341,54.06,2277,33.73,2185,40.47,1715,29.29,27.6,44.08,26177.15,0.02,False,False,285.0,False
2025-12-24,ALL,2375,869,1466,40,72,32,17,3,34,15,84,53,40,62.03,2328,52.23,2267,33.21,2174,39.53,1705,35.51,26.72,43.11,26142.1,-0.13,False,False,365.0,False
2025-12-26,ALL,2373,794,1546,33,88,40,22,5,33,20,80,74,48,52.77,2327,48.08,2265,31.86,2172,38.93,1703,40.84,25.64,42.63,26042.3,-0.38,False,False,405.0,False
2025-12-29,ALL,2378,632,1732,14,56,82,13,4,34,21,43,124,-26,38.78,2339,39.28,2271,28.41,2179,37.35,1703,43.86,24.97,41.98,25942.1,-0.38,False,False,270.0,False
2025-12-30,ALL,2378,953,1396,29,74,58,9,6,37,19,58,129,16,37.85,2338,39.38,2303,28.69,2182,36.75,1706,45.2,24.38,41.68,25938.85,-0.01,False,False,141.0,False
2025-12-31,ALL,2381,1745,610,26,122,29,9,6,33,19,82,44,93,56.58,2340,55.77,2304,34.44,2192,38.8,1706,49.35,24.0,41.56,26129.6,0.74,False,False,171.0,False
2026-01-01,ALL,2383,1189,1167,27,91,26,11,4,35,16,98,52,65,54.23,2342,55.31,2305,35.36,2192,39.04,1706,54.27,24.09,41.32,26146.55,0.06,False,False,196.0,False
2026-01-02,ALL,2380,1742,621,17,147,22,14,3,43,16,189,29,125,67.35,2346,67.39,2303,40.11,2194,41.07,1707,61.01,25.07,41.01,26328.55,0.7,False,False,273.0,False
2026-01-05,ALL,2389,852,1516,21,83,62,16,3,49,13,148,65,21,55.36,2350,59.73,2312,40.22,2198,40.65,1712,63.54,25.57,40.89,26250.3,-0.3,False,False,320.0,False
2026-01-06,ALL,2387,824,1531,32,62,51,18,3,46,14,147,99,11,47.21,2349,52.72,2312,38.59,2200,40.01,1712,59.82,26.59,40.36,26178.7,-0.27,False,False,315.0,False
2026-01-07,ALL,2388,1212,1138,38,99,24,16,5,69,12,127,78,75,50.57,2361,53.15,2316,40.18,2200,40.25,1712,57.38,27.86,39.95,26140.75,-0.14,False,False,297.0,False
2026-01-08,ALL,2384,288,2084,12,20,222,7,6,36,16,27,187,-202,26.59,2358,34.92,2314,30.98,2198,35.53,1711,52.77,29.48,39.86,25876.85,-1.01,False,False,30.0,False
2026-01-09,ALL,2384,382,1982,20,24,183,5,5,35,19,26,323,-159,15.74,2363,22.89,2315,23.62,2197,33.14,1711,49.16,30.36,39.39,25683.3,-0.75,False,True,-254.0,False
2026-01-12,ALL,2392,838,1534,20,78,110,5,5,30,20,64,339,-32,14.72,2364,21.16,2325,22.76,2197,31.68,1714,46.11,30.95,38.97,25790.25,0.42,False,False,-307.0,False
2026-01-13,ALL,2391,1123,1237,31,81,30,3,5,28,19,56,245,51,16.96,2365,22.07,2324,23.81,2201,31.74,1739,44.41,31.49,38.07,25732.3,-0.22,False,False,-267.0,False
2026-01-14,ALL,2390,1127,1237,26,97,39,6,7,27,21,83,224,58,19.45,2365,23.9,2326,25.22,2201,31.9,1740,39.77,32.26,37.18,25665.6,-0.26,False,True,-284.0,False
2026-01-16,ALL,2392,961,1406,25,88,73,27,7,31,18,75,270,15,21.94,2366,23.71,2328,24.02,2202,30.9,1741,34.79,32.7,36.88,25694.35,0.11,False,False,-67.0,False
2026-01-19,ALL,2400,529,1853,18,61,150,28,6,30,22,67,415,-89,17.86,2374,18.99,2333,21.21,2202,29.74,1745,28.03,32.92,36.33,25585.5,-0.42,False,False,3.0,False
2026-01-20,ALL,2399,227,2163,9,40,592,21,7,26,33,52,579,-552,9.61,2373,10.57,2337,13.91,2207,24.41,1749,21.74,31.08,35.79,25232.5,-1.38,False,False,-517.0,False
2026-01-21,ALL,2400,669,1717,14,80,239,19,6,23,51,53,556,-159,9.39,2374,9.62,2339,12.6,2207,23.04,1749,18.0,29.77,35.22,25157.5,-0.3,False,False,-727.0,False
2026-01-22,ALL,2396,1860,517,19,260,79,3,7,26,39,36,146,181,19.87,2371,14.95,2348,15.78,2205,25.44,1749,14.57,28.84,34.82,25289.9,0.53,False,False,-604.0,True
2026-01-23,ALL,2395,454,1925,16,66,331,3,8,25,60,28,422,-265,14.17,2372,11.54,2348,12.94,2211,22.47,1749,12.82,27.14,34.31,25048.65,-0.95,False,True,-884.0,False
2026-01-27,ALL,2406,1088,1299,19,139,140,3,11,27,78,55,417,-1,16.6,2379,12.1,2355,13.6,2214,22.17,1750,12.31,25.88,33.37,25175.4,0.51,False,False,-796.0,False
2026-01-28,ALL,2406,1938,448,20,482,30,12,4,25,54,98,84,452,36.08,2378,19.74,2356,18.54,2222,25.5,1749,12.18,25.52,32.82,25342.75,0.66,False,False,208.0,True
2026-01-29,ALL,2406,944,1434,28,170,114,26,3,54,51,98,197,56,37.16,2379,19.68,2358,18.74,2225,25.91,1752,11.83,25.17,32.02,25418.9,0.3,False,False,423.0,False
2026-01-30,ALL,2405,1422,952,31,234,122,17,3,29,38,37,98,112,50.19,2381,25.23,2358,21.64,2227,27.21,1753,11.58,24.07,31.37,25320.65,-0.39,False,False,354.0,False
2026-02-02,ALL,2410,1108,1284,18,94,134,26,1,13,57,54,181,-40,53.12,2389,28.19,2359,22.91,2230,27.86,1759,12.0,23.05,31.1,25088.4,-0.92,False,False,579.0,False
2026-02-03,ALL,2411,2117,276,18,676,21,76,1,37,43,124,40,655,78.95,2390,55.05,2365,38.77,2231,33.45,1758,14.21,22.99,30.94,25727.55,2.55,False,False,1235.0,True
2026-02-04,ALL,2410,1712,681,17,329,72,55,0,48,31,141,28,257,83.85,2390,65.17,2366,44.32,2234,34.0,1759,19.36,21.93,30.81,25776.0,0.19,False,False,1040.0,True
2026-02-05,ALL,2409,738,1651,20,91,140,48,17,20,33,71,58,-49,77.7,2390,61.24,2366,41.88,2235,33.48,1762,27.98,21.39,30.76,25642.8,-0.52,False,False,935.0,False
2026-02-06,ALL,2409,980,1404,25,89,108,33,3,21,34,75,68,-19,74.77,2390,61.27,2365,41.2,2238,33.43,1762,37.12,20.33,30.7,25693.7,0.2,False,False,804.0,False
2026-02-09,ALL,2413,1982,412,19,515,27,59,0,38,22,171,24,488,83.9,2397,74.41,2364,52.68,2240,36.02,1760,49.32,20.85,30.74,25867.3,0.68,False,False,1332.0,True
2026-02-10,ALL,2410,1503,884,23,195,52,46,1,61,17,170,22,143,84.6,2396,79.06,2369,57.19,2240,37.08,1761,60.19,21.92,30.66,25935.15,0.26,False,False,820.0,False
2026-02-11,ALL,2412,1035,1353,24,127,98,25,2,72,18,174,42,29,78.41,2395,76.82,2368,55.88,2246,37.31,1761,67.1,23.73,30.49,25953.85,0.07,True,False,592.0,False
2026-02-12,ALL,2411,728,1659,24,89,151,36,1,70,18,109,67,-62,65.71,2394,72.76,2368,51.3,2275,36.0,1764,72.38,24.62,30.39,25807.2,-0.57,False,False,579.0,False
2026-02-13,ALL,2410,472,1921,17,56,241,29,1,56,22,42,123,-185,40.23,2399,61.24,2371,43.45,2276,33.84,1764,76.63,25.4,30.22,25471.1,-1.3,False,False,413.0,False
2026-02-16,ALL,2415,1024,1370,21,76,170,16,3,51,24,88,133,-94,32.69,2398,56.67,2377,42.88,2276,33.07,1766,79.55,26.45,30.12,25682.75,0.83,False,False,-169.0,False
2026-02-17,ALL,2413,1576,814,23,157,36,12,3,69,21,101,50,121,38.44,2396,61.55,2377,45.87,2274,34.16,1765,80.48,27.84,29.92,25725.4,0.17,False,False,-191.0,False
2026-02-18,ALL,2413,1342,1037,34,98,40,10,7,74,16,130,58,58,43.8,2395,62.98,2377,47.46,2282,34.37,1769,78.42,30.76,29.79,25819.35,0.37,False,False,-162.0,False
2026-02-19,ALL,2416,437,1950,29,69,115,12,8,106,14,49,118,-46,25.51,2395,50.11,2377,41.14,2285,31.98,1770,75.6,33.17,29.89,25454.35,-1.41,False,False,-146.0,False
2026-02-20,ALL,2416,1138,1250,28,72,53,12,6,127,13,73,134,19,27.07,2401,48.59,2377,41.35,2288,32.2,1770,73.12,35.01,29.44,25571.25,0.46,False,False,58.0,False
2026-02-23,ALL,2418,1117,1280,21,89,89,9,3,106,15,89,162,0,29.86,2398,45.91,2385,41.23,2287,32.43,1770,65.91,38.0,29.55,25713.0,0.55,False,False,152.0,False
2026-02-24,ALL,2417,642,1759,16,38,154,10,5,112,21,90,256,-116,25.22,2379,35.36,2364,36.54,2274,31.14,1763,55.71,39.53,29.61,25424.65,-1.12,False,False,-85.0,False
2026-02-25,ALL,2420,1273,1119,28,89,70,7,5,108,20,106,212,19,31.59,2377,37.62,2363,37.93,2283,31.88,1763,47.99,41.83,29.61,25482.5,0.23,False,False,-124.0,False
2026-02-26,ALL,2418,1297,1090,31,99,39,12,6,87,24,121,148,60,37.47,2375,37.65,2361,39.5,2281,32.22,1763,41.04,43.75,29.78,25496.55,0.06,False,False,-18.0,False
2026-02-27,ALL,2417,719,1662,36,67,105,9,4,82,24,53,208,-38,29.55,2379,29.82,2364,34.5,2281,30.4,1763,35.79,45.33,29.67,25178.65,-1.25,False,False,-75.0,False
2026-03-02,ALL,2423,306,2112,5,71,496,4,10,54,32,53,430,-425,16.32,2378,18.35,2365,26.68,2283,26.09,1763,31.63,46.21,29.5,24865.7,-1.24,False,False,-500.0,False
2026-03-04,ALL,2426,350,2064,12,68,439,6,10,31,42,21,518,-371,10.39,2378,12.65,2364,20.24,2288,21.68,1762,27.12,44.97,29.0,24480.5,-1.55,False,False,-755.0,False
2026-03-05,ALL,2427,1683,722,22,183,36,7,7,24,53,46,244,147,16.93,2380,16.75,2364,22.82,2292,24.07,1766,22.5,43.11,28.88,24765.9,1.17,False,False,-627.0,False
2026-03-06,ALL,2421,851,1548,22,86,78,3,7,17,58,49,272,8,16.16,2376,15.86,2358,21.85,2288,22.8,1763,20.57,42.44,28.81,24450.45,-1.27,False,True,-679.0,False
2026-03-09,ALL,2432,340,2076,16,30,485,7,16,19,78,28,582,-455,9.87,2380,11.6,2362,17.35,2300,18.48,1764,18.04,41.22,28.46,24028.05,-1.73,False,False,-1096.0,False
2026-03-10,ALL,2431,2026,387,18,397,28,8,5,23,53,46,142,369,22.96,2400,16.68,2362,21.6,2301,22.28,1764,16.55,38.68,28.12,24261.6,0.97,False,False,-302.0,True
2026-03-11,ALL,2433,917,1485,31,122,75,12,5,18,70,50,179,47,25.35,2402,17.1,2363,21.2,2307,20.72,1766,15.66,36.15,27.8,23866.85,-1.63,False,True,116.0,False
2026-03-12,ALL,2434,830,1587,17,101,84,13,4,13,80,50,252,17,26.16,2401,18.42,2362,20.67,2308,20.02,1773,15.07,33.88,27.35,23639.15,-0.95,False,True,-14.0,False
2026-03-13,ALL,2434,248,2175,11,28,589,10,9,11,126,23,539,-561,13.67,2400,10.59,2360,15.03,2309,16.86,1773,13.98,31.31,27.24,23151.1,-2.06,False,False,-583.0,False
2026-03-16,ALL,2438,804,1619,15,63,233,9,9,13,145,23,579,-170,11.63,2407,8.24,2366,13.9,2309,16.89,1776,13.02,29.58,26.8,23408.8,1.11,False,False,-298.0,False
2026-03-17,ALL,2437,1507,910,20,153,46,10,13,12,102,25,360,107,18.02,2409,10.61,2365,15.46,2309,18.01,1777,12.39,27.46,26.62,23581.15,0.74,False,False,-560.0,False
2026-03-18,ALL,2437,2055,362,20,448,18,11,5,13,45,30,54,430,41.58,2410,19.4,2366,19.76,2313,19.98,1777,12.0,26.33,25.94,23777.8,0.83,False,False,-177.0,True
2026-03-19,ALL,2434,209,2204,21,30,528,7,7,8,92,23,381,-498,18.74,2406,11.59,2364,13.38,2310,16.74,1780,11.55,24.59,25.51,23002.15,-3.26,False,False,-692.0,False
2026-03-20,ALL,2432,1422,978,32,149,44,16,6,7,83,28,263,105,27.01,2414,16.24,2365,15.68,2309,17.3,1780,11.29,23.65,25.17,23114.5,0.49,False,False,-26.0,False
2026-03-23,ALL,2439,110,2322,7,13,1331,6,8,3,155,18,853,-1318,7.75,2413,7.01,2368,9.1,2308,13.65,1780,11.74,22.18,24.27,22512.65,-2.6,False,False,-1174.0,False
2026-03-24,ALL,2439,1991,434,14,424,47,8,12,9,121,29,226,377,19.13,2415,12.53,2387,12.43,2309,15.51,1780,11.48,20.79,23.37,22912.4,1.78,False,False,-904.0,True
2026-03-25,ALL,2438,1959,454,25,313,33,7,7,6,84,31,98,280,43.84,2418,21.47,2389,16.03,2315,17.75,1780,11.22,19.44,23.03,23306.45,1.72,False,False,-1054.0,True
2026-03-27,ALL,2442,264,2173,5,46,895,8,14,10,155,32,586,-849,19.74,2421,13.44,2389,12.18,2315,15.74,1785,10.63,17.45,22.46,22819.6,-2.09,False,False,-1405.0,False
2026-03-30,ALL,2448,297,2138,13,46,1039,6,66,9,315,24,933,-993,10.6,2424,9.29,2390,10.15,2316,13.67,1785,12.01,16.32,22.18,22331.4,-2.14,False,True,-2503.0,False
2026-04-01,ALL,2447,2294,145,8,1428,13,13,7,14,99,32,17,1415,43.79,2423,23.73,2394,14.8,2318,16.75,1785,14.41,16.05,21.79,22679.4,1.56,False,False,230.0,True
2026-04-02,ALL,2451,1521,910,20,283,43,26,6,15,68,33,26,240,54.85,2421,32.69,2395,16.44,2324,16.13,1785,15.99,14.16,21.46,22713.1,0.15,False,False,93.0,True
2026-04-06,ALL,2453,1958,487,8,344,20,38,6,23,31,38,18,324,80.42,2421,46.45,2396,20.04,2325,17.42,1785,15.32,13.72,21.12,22968.25,1.12,False,False,137.0,True
2026-04-07,ALL,2453,1519,917,17,213,27,98,4,33,25,36,19,186,83.44,2422,55.11,2397,23.95,2326,18.41,1787,18.15,13.28,21.21,23123.65,0.68,False,False,1172.0,False
2026-04-08,ALL,2451,2282,165,4,1212,18,540,1,41,16,60,9,1194,95.39,2429,88.78,2406,42.41,2325,23.05,1805,23.52,12.99,21.16,23997.35,3.78,False,False,3359.0,True
2026-04-09,ALL,2451,1081,1347,23,145,52,165,1,43,14,66,7,93,94.52,2427,86.6,2403,43.09,2323,23.0,1804,34.42,13.13,20.95,23775.1,-0.93,False,False,2037.0,False
2026-04-10,ALL,2452,2087,344,21,361,11,179,3,110,12,86,7,350,96.33,2425,92.64,2404,57.36,2331,26.27,1804,48.13,13.04,21.18,24050.6,1.16,False,False,2147.0,True
2026-04-13,ALL,2456,861,1575,20,138,88,112,2,79,14,70,9,50,94.81,2426,91.64,2405,53.5,2329,25.79,1803,60.87,13.44,21.41,23842.65,-0.86,False,False,1873.0,False
2026-04-15,ALL,2456,2226,218,12,572,16,151,1,116,13,112,7,556,97.49,2432,96.3,2406,70.19,2328,31.47,1805,80.8,14.0,21.61,24231.3,1.63,False,False,2243.0,True
2026-04-16,ALL,2455,1609,815,31,196,23,71,1,148,12,114,6,173,96.13,2431,96.43,2407,75.12,2327,32.8,1805,91.11,15.34,21.83,24196.75,-0.14,False,False,1222.0,False
2026-04-17,ALL,2403,1824,556,23,249,11,94,1,286,9,134,6,238,96.56,2386,97.2,2358,79.71,2287,36.82,1787,93.17,18.06,22.66,24353.55,0.65,False,False,1367.0,True
2026-04-20,ALL,2503,877,1587,39,120,103,53,0,298,9,99,7,17,91.33,2387,96.48,2355,76.78,2287,35.44,1786,95.37,20.68,23.18,24364.85,0.05,True,False,1034.0,False
2026-04-21,ALL,2506,1600,880,26,168,56,45,1,294,9,109,7,112,88.93,2384,96.3,2354,82.09,2284,38.26,1785,96.9,22.9,23.31,24576.6,0.87,False,False,1096.0,False
2026-04-22,ALL,2501,1463,1010,28,192,42,31,1,229,9,123,7,150,85.37,2378,96.13,2350,81.97,2279,39.61,1785,97.45,26.33,23.7,24378.1,-0.81,False,False,690.0,False
2026-04-23,ALL,2495,825,1646,24,126,63,32,2,314,9,89,9,63,72.31,2373,94.9,2351,77.34,2273,38.14,1783,97.7,30.05,23.89,24173.05,-0.84,False,False,580.0,False
2026-04-24,ALL,2486,467,1999,20,53,175,22,3,233,7,66,16,-122,45.95,2368,88.96,2345,70.87,2269,35.15,1784,97.74,36.14,23.82,23897.95,-1.14,False,False,220.0,False
2026-04-27,ALL,2483,2033,431,19,342,20,22,1,549,6,113,6,322,63.47,2365,92.04,2337,78.46,2261,39.61,1785,97.43,42.99,23.98,24092.7,0.81,False,False,525.0,True
2026-04-28,ALL,2479,989,1464,26,122,50,21,1,447,5,107,9,72,54.55,2361,87.55,2337,76.99,2260,39.48,1783,97.6,49.65,24.06,23995.7,-0.4,False,False,485.0,False
2026-04-29,ALL,2475,1170,1282,23,112,67,13,1,353,5,112,6,45,52.71,2358,85.26,2341,78.29,2257,39.78,1785,95.94,59.46,23.87,24177.65,0.76,False,False,380.0,False
2026-04-30,ALL,2455,817,1616,22,71,66,11,2,533,5,67,10,5,40.62,2341,77.45,2324,76.13,2241,38.69,1781,93.72,69.03,23.81,23997.55,-0.74,False,False,322.0,False
2026-05-04,ALL,2458,1614,828,16,249,40,27,3,887,5,113,9,209,53.08,2436,77.83,2327,79.39,2246,41.38,1781,90.5,74.09,23.81,24119.3,0.51,False,False,653.0,True
2026-05-05,ALL,2454,1078,1355,21,133,51,23,4,483,5,107,7,82,51.5,2439,71.82,2328,78.88,2244,42.76,1782,84.36,77.54,23.85,24032.8,-0.36,False,False,413.0,False
2026-05-06,ALL,2452,1916,519,17,266,26,31,3,477,5,160,7,240,72.53,2435,80.77,2325,86.13,2242,46.04,1781,78.02,82.69,23.86,24330.95,1.24,False,False,581.0,True
2026-05-07,ALL,2453,1704,723,26,265,20,42,2,470,3,206,6,245,80.31,2433,83.76,2322,88.93,2241,49.16,1788,72.78,86.39,24.16,24326.65,-0.02,False,False,781.0,True
2026-05-08,ALL,2449,1022,1403,24,163,58,69,0,436,3,137,5,105,74.79,2428,78.14,2319,87.27,2239,49.11,1788,71.15,87.94,24.33,24176.15,-0.62,False,False,881.0,False
2026-05-11,ALL,2452,556,1879,17,95,210,36,1,221,3,88,10,-115,50.68,2429,60.95,2320,82.01,2240,45.89,1787,69.48,89.15,24.45,23815.85,-1.49,False,True,557.0,False
2026-05-12,ALL,2442,261,2170,11,50,696,19,0,139,3,36,33,-646,23.77,2423,35.59,2318,70.43,2252,37.21,1790,65.96,89.43,24.97,23379.55,-1.83,False,True,-171.0,False
2026-05-13,ALL,2436,1445,964,27,194,59,19,1,104,3,59,33,135,27.64,2417,37.04,2314,73.59,2249,39.39,1790,59.94,90.66,25.08,23412.6,0.14,False,False,-276.0,False
2026-05-14,ALL,2432,1266,1147,19,115,65,6,5,108,4,74,28,50,29.64,2412,37.56,2308,73.61,2243,40.34,1790,57.11,90.95,25.14,23689.6,1.18,False,False,-471.0,False
2026-05-15,ALL,2423,802,1591,30,85,125,8,8,75,3,63,18,-40,25.25,2408,33.58,2302,72.0,2239,39.12,1787,53.95,90.62,25.18,23643.5,-0.19,False,False,-616.0,False
2026-05-18,ALL,2421,601,1801,19,78,213,5,10,57,6,54,28,-135,19.18,2404,26.54,2389,64.15,2240,36.34,1786,50.44,90.18,25.31,23649.95,0.03,False,False,-636.0,False
2026-05-19,ALL,2463,1669,766,28,181,36,12,5,50,6,65,21,145,26.08,2381,32.52,2371,67.85,2224,38.13,1773,47.11,90.33,25.38,23618.0,-0.14,False,False,155.0,False
2026-05-20,ALL,2462,1244,1183,35,128,49,17,4,57,5,71,22,79,30.97,2383,33.84,2370,68.27,2225,38.52,1773,41.65,89.57,25.89,23659.0,0.17,False,False,99.0,False
2026-05-21,ALL,2461,1421,1009,31,153,42,24,2,65,4,89,20,111,42.13,2383,38.6,2368,69.24,2224,39.55,1775,36.99,89.03,26.2,23654.7,-0.02,False,False,160.0,False
2026-05-22,ALL,2462,1250,1178,34,112,74,25,2,59,8,68,23,38,51.26,2382,39.92,2365,70.95,2231,40.59,1774,32.18,88.26,26.66,23719.3,0.27,False,False,238.0,False
2026-05-25,ALL,2466,1782,657,27,241,49,48,1,76,5,107,11,192,67.91,2378,51.8,2363,76.74,2227,42.82,1777,29.28,87.47,27.29,24031.7,1.32,False,False,565.0,False
2026-05-26,ALL,2465,1147,1284,34,137,78,47,1,90,5,110,15,59,65.21,2377,53.68,2362,76.01,2226,44.54,1778,31.67,86.88,27.84,23913.7,-0.49,False,False,479.0,False
2026-05-27,ALL,2463,1317,1125,21,176,63,49,1,78,5,146,18,113,67.03,2378,55.57,2361,76.38,2227,45.36,1779,33.93,86.35,28.89,23907.15,-0.03,False,False,513.0,False
2026-05-29,ALL,2461,679,1765,17,136,207,36,2,79,8,84,36,-71,51.18,2376,44.3,2359,69.41,2226,42.18,1785,35.35,84.95,29.64,23547.75,-1.5,False,False,331.0,False
2026-06-01,ALL,2462,721,1722,19,107,222,33,7,75,12,70,33,-115,36.21,2375,33.83,2359,61.45,2223,40.44,1783,35.44,83.49,30.57,23382.6,-0.7,False,False,178.0,False
2026-06-02,ALL,2458,1529,886,43,181,43,30,9,87,8,82,26,138,42.03,2429,39.02,2355,62.97,2220,41.83,1781,39.19,81.76,31.61,23483.55,0.43,False,False,124.0,False
2026-06-03,ALL,2453,956,1466,31,101,78,28,9,78,13,85,42,23,37.3,2426,36.0,2353,60.01,2218,41.12,1780,41.69,79.76,32.13,23405.6,-0.33,False,False,88.0,False
2026-06-04,ALL,2452,1306,1119,27,157,34,31,9,92,12,96,32,123,39.31,2422,40.95,2354,60.12,2219,42.16,1779,45.58,77.24,32.55,23416.55,0.05,False,False,98.0,False
2026-06-05,ALL,2443,1096,1314,33,124,53,29,7,78,12,81,27,71,39.45,2418,41.3,2351,60.34,2214,41.98,1782,49.17,72.81,32.88,23366.7,-0.21,False,True,240.0,False
2026-06-08,ALL,2446,394,2035,17,53,256,23,7,54,26,56,53,-203,23.8,2420,30.17,2350,46.55,2219,38.57,1781,49.74,69.13,33.35,23123.0,-1.04,False,False,152.0,False
2026-06-09,ALL,2443,1873,549,21,253,36,25,7,72,22,91,29,217,38.41,2416,41.54,2347,53.7,2218,41.74,1780,49.94,64.2,34.44,23242.1,0.52,False,False,231.0,True
2026-06-10,ALL,2441,572,1844,25,73,155,21,5,71,22,55,33,-82,29.67,2413,33.94,2345,45.4,2216,40.03,1781,44.48,61.42,35.32,23214.95,-0.12,False,False,126.0,False
2026-06-11,ALL,2433,585,1829,19,54,128,15,4,77,14,49,55,-74,23.91,2405,27.2,2338,37.83,2215,37.87,1785,39.39,59.23,36.19,23161.6,-0.23,False,False,-71.0,False
2026-06-12,ALL,2430,2129,281,20,446,14,13,2,94,11,88,13,432,55.86,2406,48.37,2332,50.77,2214,42.94,1784,38.46,56.23,36.83,23622.9,1.99,False,False,290.0,True
2026-06-15,ALL,2428,1879,532,17,290,27,26,2,105,10,110,9,263,74.84,2401,64.28,2329,60.77,2210,46.55,1785,39.76,53.3,37.93,23853.9,0.98,False,False,756.0,True
2026-06-16,ALL,2431,1389,1016,26,137,39,13,0,120,9,94,10,98,75.86,2403,67.45,2381,61.72,2215,47.68,1785,39.48,52.23,38.54,23989.15,0.57,False,False,637.0,False
2026-06-17,ALL,2427,1369,1028,30,143,36,26,2,137,8,123,15,107,77.52,2402,68.03,2380,62.12,2215,48.88,1784,40.84,50.61,39.74,24085.7,0.4,True,False,826.0,False
2026-06-18,ALL,2420,1415,977,28,140,35,53,1,132,7,158,10,105,78.02,2393,70.9,2371,63.5,2208,50.14,1791,44.37,49.82,40.7,24168.0,0.34,True,False,1005.0,False
2026-06-19,ALL,2415,1168,1216,31,153,31,40,0,136,6,163,14,122,77.55,2396,69.9,2369,62.81,2202,50.73,1790,49.05,49.09,42.07,24013.1,-0.64,False,False,695.0,False
2026-06-22,ALL,2419,1588,800,31,197,27,33,1,129,7,176,13,170,78.39,2392,73.59,2370,65.91,2200,53.27,1789,56.92,47.18,42.71,24102.9,0.37,False,False,602.0,False
2026-06-23,ALL,2411,565,1823,23,67,106,23,1,108,9,80,30,-39,64.98,2387,66.54,2367,60.55,2200,51.43,1789,61.34,46.36,43.54,23824.1,-1.16,False,False,465.0,False
2026-06-24,ALL,2408,1240,1145,23,107,53,20,2,94,13,102,18,54,62.35,2380,67.5,2360,60.37,2198,53.21,1789,66.99,46.13,44.1,24021.65,0.83,False,False,412.0,False
2026-06-25,ALL,2406,784,1595,27,66,102,18,3,99,12,78,19,-36,46.62,2379,61.09,2359,56.82,2198,51.23,1788,73.25,45.68,44.8,24056.0,0.14,False,False,271.0,False
2026-06-29,ALL,2404,832,1556,16,92,111,10,4,77,18,106,32,-19,35.4,2376,54.3,2359,52.87,2192,49.66,1784,74.57,45.53,45.24,23946.25,-0.46,False,False,130.0,False
2026-06-30,ALL,2406,1335,1042,29,155,38,9,5,96,11,131,35,117,39.83,2375,58.51,2357,54.52,2190,51.12,1784,73.36,46.71,45.35,23865.75,-0.34,False,False,77.0,False
2026-07-01,ALL,2407,1346,1038,23,142,48,16,3,108,10,107,37,94,45.42,2369,60.03,2354,56.31,2268,52.02,1782,72.18,47.97,45.57,24005.85,0.59,False,False,210.0,False
2026-07-02,ALL,2396,1633,739,24,176,23,11,2,96,9,150,15,153,57.31,2361,65.57,2344,59.72,2264,54.5,1787,70.73,49.73,45.72,24175.7,0.71,True,False,309.0,False
2026-07-03,ALL,2384,1227,1121,36,101,54,16,4,102,9,137,15,47,59.96,2340,64.47,2322,60.63,2243,54.66,1813,69.16,52.12,45.56,24270.85,0.39,True,False,392.0,False
2026-07-06,ALL,2386,1082,1276,28,115,56,18,5,84,12,141,18,59,56.36,2344,62.57,2327,59.75,2241,55.43,1813,67.81,53.32,45.89,24430.35,0.66,True,False,470.0,False
2026-07-07,ALL,2382,758,1587,37,54,89,17,3,76,10,88,19,-35,51.37,2342,56.71,2324,57.66,2239,53.92,1812,62.26,55.16,46.25,24398.7,-0.13,False,False,318.0,False
2026-07-08,ALL,2378,322,2042,14,39,265,11,3,72,10,52,34,-226,23.69,2339,34.57,2320,46.51,2238,47.49,1813,57.59,55.45,46.61,23882.05,-2.12,False,False,-2.0,False
2026-07-09,ALL,2374,1885,472,17,221,18,11,4,81,10,104,20,203,39.11,2332,44.31,2313,52.31,2233,50.69,1819,52.62,56.92,46.67,23962.8,0.34,False,False,48.0,False
2026-07-10,ALL,2370,1758,590,22,167,20,13,3,113,9,135,9,147,57.91,2333,54.57,2309,59.21,2231,54.38,1817,49.37,58.85,47.11,24206.9,1.02,False,False,148.0,False
2026-07-13,ALL,2378,1216,1135,27,140,27,16,2,151,8,123,12,113,58.5,2335,56.25,2313,61.54,2231,55.91,1819,49.68,60.15,47.28,24211.0,0.02,False,False,202.0,False
2026-07-14,ALL,2377,561,1793,23,53,78,18,4,88,10,73,21,-25,40.8,2336,44.77,2312,56.34,2233,53.77,1819,50.09,60.68,47.33,24052.05,-0.66,False,False,212.0,False
2026-07-15,ALL,2382,1309,1035,38,105,39,22,3,74,12,76,18,66,45.17,2338,47.73,2311,58.62,2233,54.67,1820,50.84,60.95,47.86,24078.5,0.11,False,False,504.0,False
2026-07-16,ALL,2386,1008,1339,39,71,46,13,4,65,14,84,22,25,43.44,2346,45.33,2312,57.65,2234,54.18,1831,48.75,61.24,48.33,24072.75,-0.02,False,False,326.0,False
2026-07-17,ALL,2380,823,1521,36,41,88,7,4,47,14,49,29,-47,39.75,2347,43.1,2311,55.84,2233,53.25,1831,46.86,61.17,48.33,24334.3,1.09,False,False,132.0,False
2026-07-20,ALL,2383,1293,1064,26,113,38,11,4,55,13,85,23,75,47.27,2344,47.1,2314,58.26,2233,54.53,1832,45.03,61.58,48.47,24238.5,-0.39,False,False,94.0,False
2026-07-21,ALL,2390,1213,1146,31,104,40,12,5,52,16,110,21,64,52.19,2347,51.04,2314,58.4,2233,54.72,1833,45.42,61.17,48.28,24187.7,-0.21,False,False,183.0,False
2026-07-22,ALL,2388,587,1782,19,57,107,14,3,44,17,58,36,-50,34.06,2346,39.35,2315,53.41,2232,53.24,1835,48.21,61.2,48.61,23996.25,-0.79,False,False,67.0,False
2026-07-23,ALL,2387,636,1730,21,77,69,15,6,49,15,52,36,8,26.99,2345,31.46,2314,49.01,2232,50.0,1838,47.49,60.13,48.91,23869.6,-0.53,False,False,50.0,False
2026-07-24,ALL,2389,1121,1236,32,91,45,16,7,46,10,58,30,46,28.81,2350,31.75,2315,49.6,2230,50.0,1842,43.97,60.13,49.19,23767.45,-0.43,False,True,143.0,False
2026-07-27,ALL,2408,1718,669,21,178,45,17,7,57,9,94,24,133,43.62,2350,41.49,2316,54.2,2227,52.52,1845,40.41,59.99,49.65,23995.95,0.96,False,False,201.0,False
2026-07-28,ALL,2410,700,1682,28,55,126,8,6,60,11,64,37,-71,35.6,2351,35.25,2318,50.2,2227,50.7,1846,37.96,59.77,49.89,23985.35,-0.04,False,False,66.0,False
2026-07-29,ALL,2407,1571,801,35,157,44,13,6,66,12,81,17,113,47.3,2355,42.82,2319,51.9,2266,53.12,1856,36.27,57.99,50.27,24250.2,1.1,False,False,229.0,False
2026-07-30,ALL,2409,839,1542,28,61,84,15,9,58,10,75,24,-23,42.07,2353,39.79,2327,49.4,2265,52.05,1856,35.41,57.09,50.54,24317.15,0.28,False,False,198.0,False
2026-07-31,ALL,2409,1495,884,30,158,47,23,9,56,13,103,18,111,51.17,2357,45.83,2324,52.08,2262,53.51,1854,38.34,56.45,50.86,24383.6,0.27,False,False,263.0,False
2026-08-03,ALL,2415,1775,617,23,251,38,25,8,64,11,170,12,213,68.63,2359,58.27,2322,58.99,2263,57.14,1855,41.3,55.72,51.43,24774.3,1.6,True,False,343.0,True
2026-08-04,ALL,2412,1082,1291,39,123,60,34,5,64,11,133,15,63,68.04,2359,58.12,2321,58.06,2265,57.0,1856,42.52,55.23,51.56,24614.9,-0.64,False,False,477.0,False
2026-08-05,ALL,2416,1411,977,28,149,47,35,5,72,11,181,15,102,71.29,2358,62.88,2322,60.66,2265,58.66,1865,43.63,56.07,51.8,24624.65,0.04,False,False,466.0,False
2026-08-06,ALL,2415,1164,1220,31,117,66,38,5,83,11,147,21,51,67.12,2357,62.33,2320,60.83,2262,58.77,1865,48.19,56.5,52.28,24636.0,0.05,False,False,540.0,False
2026-08-07,ALL,2416,1131,1247,38,106,99,30,5,77,14,158,25,7,62.47,2377,61.2,2325,60.42,2261,58.61,1865,53.38,56.66,52.87,24570.65,-0.27,False,False,436.0,False
2026-08-10,ALL,2428,1177,1214,37,143,113,29,5,73,15,173,27,30,59.33,2380,59.13,2327,59.52,2268,57.96,1872,57.24,56.26,53.04,24583.8,0.05,False,False,253.0,False
2026-08-11,ALL,2460,990,1438,32,129,90,32,5,69,14,138,37,39,53.21,2364,56.53,2314,57.59,2254,57.13,1866,60.24,55.15,53.54,24471.7,-0.46,False,False,229.0,False
2026-08-12,ALL,2459,976,1451,32,118,113,28,6,85,13,118,39,5,46.18,2367,54.01,2318,54.92,2254,55.78,1868,61.35,54.84,53.91,24435.95,-0.15,False,False,132.0,False
2026-08-13,ALL,2463,1183,1243,37,141,92,34,6,81,13,126,29,49,44.85,2370,54.08,2319,54.77,2255,55.67,1868,64.17,54.15,54.28,24395.85,-0.16,False,False,130.0,False
2026-08-14,ALL,2463,958,1479,26,103,91,30,8,77,16,97,32,12,40.73,2374,51.38,2324,53.4,2253,54.97,1870,63.86,54.73,54.44,24366.0,-0.12,False,False,135.0,False
2024-04-01,FNO,182,151,31,0,27,0,0,0,0,0,0,0,27,,0,,0,,0,,0,,,,22462.0,,False,False,,True
2024-04-02,FNO,182,130,52,0,11,0,0,0,0,0,0,0,11,,0,,0,,0,,0,,,,22453.3,-0.04,False,False,,False
2024-04-03,FNO,182,92,90,0,7,0,0,0,0,0,0,0,7,,0,,0,,0,,0,,,,22434.65,-0.08,False,False,,False
2024-04-04,FNO,182,83,99,0,1,1,0,0,0,0,0,0,0,,0,,0,,0,,0,,,,22514.65,0.36,False,False,,False
2024-04-05,FNO,182,112,70,0,3,0,0,0,0,0,0,0,3,,0,,0,,0,,0,,,,22513.7,-0.0,False,False,48.0,False
2024-04-08,FNO,182,111,71,0,7,1,1,0,0,0,0,0,6,,0,,0,,0,,0,,,,22666.3,0.68,False,False,27.0,False
2024-04-09,FNO,182,67,115,0,3,0,1,0,0,0,0,0,3,,0,,0,,0,,0,,,,22642.75,-0.1,False,False,19.0,False
2024-04-10,FNO,182,121,61,0,14,0,2,0,0,0,0,0,14,,0,,0,,0,,0,,,,22753.8,0.49,False,False,26.0,False
2024-04-12,FNO,182,53,127,2,0,1,2,0,0,0,0,0,-1,,0,,0,,0,,0,,,,22519.4,-1.03,False,False,25.0,False
2024-04-15,FNO,182,22,160,0,1,3,1,0,0,0,0,0,-2,34.07,182,,0,,0,,0,,,,22272.5,-1.1,False,False,20.0,False
2024-04-16,FNO,182,82,99,1,2,0,1,0,0,0,0,0,2,31.87,182,,0,,0,,0,,,,22147.9,-0.56,False,False,16.0,False
2024-04-18,FNO,182,47,133,2,1,5,0,0,0,0,0,0,-4,24.18,182,,0,,0,,0,,,,21995.85,-0.69,False,False,9.0,False
2024-04-19,FNO,182,78,104,0,0,1,0,0,0,0,0,0,-1,26.92,182,,0,,0,,0,,,,22147.0,0.69,False,False,-6.0,False
2024-04-22,FNO,182,138,42,2,6,1,0,0,0,0,0,0,5,39.01,182,,0,,0,,0,,,,22336.4,0.86,False,False,0.0,False
2024-04-23,FNO,182,115,66,1,3,1,0,0,0,0,0,0,2,46.96,181,,0,,0,,0,,,,22368.0,0.14,False,False,4.0,False
2024-04-24,FNO,182,119,63,0,6,3,0,0,0,0,0,0,3,58.56,181,,0,,0,,0,,,,22402.4,0.15,False,False,5.0,False
2024-04-25,FNO,182,130,49,3,7,3,0,0,0,0,0,0,4,69.61,181,,0,,0,,0,,,,22570.35,0.75,False,False,13.0,False
2024-04-26,FNO,182,112,70,0,13,2,0,0,0,0,0,0,11,75.14,181,,0,,0,,0,,,,22419.95,-0.67,False,False,25.0,False
2024-04-29,FNO,182,97,85,0,3,3,0,0,0,0,0,0,0,79.56,181,,0,,0,,0,,,,22643.4,1.0,False,False,20.0,False
2024-04-30,FNO,182,97,85,0,4,1,0,0,0,0,0,0,3,76.24,181,67.96,181,,0,,0,48.07,,,22604.85,-0.17,False,False,21.0,False
2024-05-02,FNO,182,118,63,1,10,1,1,0,0,0,0,0,9,75.69,181,71.27,181,,0,,0,52.49,,,22648.2,0.19,False,False,27.0,False
2024-05-03,FNO,182,58,123,1,3,1,1,0,6,0,0,0,2,64.09,181,62.43,181,,0,,0,57.46,,,22475.85,-0.76,False,False,25.0,False
2024-05-06,FNO,182,65,117,0,5,7,0,0,2,0,0,0,-2,53.59,181,56.91,181,,0,,0,63.54,,,22442.7,-0.15,False,False,12.0,False
2024-05-07,FNO,182,29,153,0,4,10,0,0,2,0,0,0,-6,31.32,182,41.99,181,,0,,0,66.85,,,22302.5,-0.62,False,False,6.0,False
2024-05-08,FNO,182,116,66,0,8,2,0,0,2,0,0,0,6,37.36,182,43.65,181,,0,,0,67.4,,,22302.5,0.0,False,False,9.0,False
2024-05-09,FNO,182,14,168,0,0,25,0,0,1,1,0,0,-25,18.68,182,32.04,181,,0,,0,62.98,,,21957.5,-1.55,False,True,-25.0,False
2024-05-10,FNO,182,142,40,0,10,0,0,0,1,0,0,0,10,28.57,182,41.44,181,,0,,0,60.22,,,22055.2,0.44,False,False,-17.0,False
2024-05-13,FNO,182,119,63,0,10,1,0,0,0,0,0,0,9,35.71,182,43.09,181,,0,,0,58.56,,,22104.05,0.22,False,False,-6.0,False
2024-05-14,FNO,182,129,52,1,9,2,0,0,0,0,0,0,7,45.6,182,53.04,181,,0,,0,56.91,,,22217.85,0.51,False,False,7.0,False
2024-05-15,FNO,182,90,92,0,2,3,0,1,2,1,0,0,-1,54.4,182,53.04,181,,0,,0,52.49,,,22200.55,-0.08,False,False,0.0,False
2024-05-16,FNO,182,142,40,0,4,2,0,1,5,1,0,0,2,70.33,182,59.12,181,,0,,0,46.41,,,22403.85,0.92,False,False,27.0,False
2024-05-17,FNO,182,123,59,0,10,0,0,1,5,1,0,0,10,78.57,182,65.75,181,,0,,0,43.09,,,22466.1,0.28,False,False,27.0,False
2024-05-21,FNO,182,94,86,2,9,3,0,1,7,1,0,0,6,76.37,182,64.09,181,,0,,0,39.78,,,22529.05,0.28,False,False,24.0,False
2024-05-22,FNO,182,89,93,0,1,2,0,1,7,1,0,0,-1,75.82,182,63.19,182,,0,,0,42.86,,,22597.8,0.31,False,False,16.0,False
2024-05-23,FNO,182,126,55,1,3,2,0,0,5,1,0,0,1,81.32,182,69.78,182,,0,,0,46.15,,,22967.65,1.64,True,False,18.0,False
2024-05-24,FNO,182,71,111,0,4,0,0,0,6,1,0,0,4,73.08,182,66.48,182,,0,,0,53.3,,,22957.1,-0.05,False,False,20.0,False
2024-05-27,FNO,182,90,92,0,7,1,0,0,7,1,0,0,6,71.98,182,66.48,182,,0,,0,58.24,,,22932.45,-0.11,False,False,16.0,False
2024-05-28,FNO,182,69,113,0,0,0,0,0,4,1,0,0,0,62.09,182,69.23,182,,0,,0,64.84,,,22888.15,-0.19,False,False,10.0,False
2024-05-29,FNO,182,59,121,2,2,2,0,0,2,1,0,0,0,53.3,182,57.69,182,,0,,0,68.68,,,22704.7,-0.8,False,False,11.0,False
2024-05-30,FNO,182,18,164,0,1,7,0,0,1,1,0,0,-6,23.63,182,40.11,182,,0,,0,69.78,,,22488.65,-0.95,False,False,4.0,False
2024-05-31,FNO,182,87,95,0,4,2,0,0,1,1,0,0,2,24.18,182,42.86,182,,0,,0,70.88,,,22530.7,0.19,False,False,2.0,False
2024-06-03,FNO,182,162,20,0,57,0,0,0,4,1,0,0,57,64.29,182,65.93,182,,0,,0,73.08,,,23263.9,3.25,True,False,53.0,True
2024-06-04,FNO,182,21,161,0,3,112,0,2,0,1,0,0,-109,11.54,182,17.58,182,,0,,0,68.13,,,21884.5,-5.93,False,True,-56.0,False
2024-06-05,FNO,182,182,0,0,115,0,0,0,0,1,0,0,115,50.55,182,47.25,182,,0,,0,63.74,,,22620.35,3.36,False,False,59.0,True
2024-06-06,FNO,182,139,42,1,24,0,0,0,2,1,0,0,24,69.23,182,65.38,182,,0,,0,59.34,,,22821.4,0.89,False,False,89.0,True
2024-06-07,FNO,182,164,18,0,13,0,0,0,3,1,0,0,13,81.77,181,81.77,181,,0,,0,55.25,,,23290.15,2.05,True,False,100.0,False
2024-06-10,FNO,182,119,63,0,7,0,0,0,6,1,0,0,7,86.19,181,85.08,181,,0,,0,53.59,,,23259.2,-0.13,False,False,50.0,False
2024-06-11,FNO,182,108,74,0,4,1,3,0,6,1,0,0,3,91.71,181,84.53,181,,0,,0,50.28,,,23264.85,0.02,False,False,162.0,False
2024-06-12,FNO,182,130,51,1,4,0,0,0,6,1,0,0,4,95.03,181,90.61,181,,0,,0,54.7,,,23322.95,0.25,True,False,51.0,False
2024-06-13,FNO,182,125,57,0,8,0,0,0,5,1,0,0,8,91.16,181,88.95,181,84.44,180,,0,60.77,63.89,,23398.9,0.33,True,False,35.0,False
2024-06-14,FNO,182,112,70,0,7,0,0,0,6,0,0,0,7,91.71,181,91.71,181,86.67,180,,0,68.51,64.44,,23465.6,0.29,True,False,29.0,False
2024-06-18,FNO,182,116,66,0,6,0,0,0,6,0,0,0,6,88.4,181,91.16,181,89.44,180,,0,70.17,67.22,,23557.9,0.39,True,False,28.0,False
2024-06-19,FNO,182,42,140,0,1,2,0,0,5,0,0,0,-1,73.48,181,84.53,181,85.0,180,,0,83.43,67.22,,23516.0,-0.18,False,False,24.0,False
2024-06-20,FNO,182,120,62,0,14,0,1,0,5,0,0,0,14,74.03,181,85.08,181,87.78,180,,0,89.5,70.56,,23567.0,0.22,True,False,34.0,False
2024-06-21,FNO,182,65,117,0,0,5,0,2,5,2,0,0,-5,57.14,182,81.22,181,82.78,180,,0,92.27,68.89,,23501.1,-0.28,False,False,21.0,False
2024-06-24,FNO,182,95,86,1,1,0,1,2,4,2,0,0,1,52.75,182,78.45,181,83.89,180,,0,92.82,69.44,,23537.85,0.16,False,False,15.0,False
2024-06-25,FNO,182,73,108,1,2,2,0,2,3,2,0,0,0,51.65,182,76.8,181,82.22,180,,0,91.16,70.56,,23721.3,0.78,True,False,9.0,False
2024-06-26,FNO,182,90,91,1,4,0,1,2,4,2,0,0,4,52.2,182,75.69,181,81.67,180,,0,91.16,70.56,,23868.8,0.62,True,False,14.0,False
2024-06-27,FNO,182,102,80,0,3,2,1,2,5,2,0,0,1,53.3,182,74.03,181,84.44,180,,0,89.5,75.56,,24044.5,0.74,True,False,1.0,False
2024-06-28,FNO,181,106,75,0,7,1,1,0,6,2,0,0,6,60.22,181,76.67,180,86.03,179,,0,86.11,78.77,,24010.6,-0.14,False,False,12.0,False
2024-07-01,FNO,181,129,52,0,9,0,1,0,11,2,0,0,9,70.72,181,79.44,180,87.71,179,,0,81.67,81.01,,24141.95,0.55,True,False,20.0,False
2024-07-02,FNO,181,62,118,1,1,0,1,0,8,2,0,0,1,59.12,181,71.11,180,86.59,179,,0,78.33,81.56,,24123.85,-0.07,False,False,21.0,False
2024-07-03,FNO,181,132,49,0,6,0,0,0,6,2,0,0,6,71.82,181,76.11,180,87.15,179,,0,72.22,86.59,,24286.5,0.67,True,False,23.0,False
2024-07-04,FNO,181,101,79,1,2,0,0,0,25,2,0,0,2,70.17,181,75.0,180,88.89,180,,0,71.11,87.78,,24302.15,0.06,True,False,24.0,False
2024-07-05,FNO,181,125,56,0,2,1,0,0,10,2,0,0,1,76.8,181,77.35,181,91.11,180,,0,70.72,90.56,,24323.85,0.09,True,False,19.0,False
2024-07-08,FNO,181,67,113,1,2,2,0,0,5,2,0,0,0,62.43,181,71.27,181,86.11,180,,0,70.17,91.11,,24320.55,-0.01,False,False,10.0,False
2024-07-09,FNO,181,105,75,1,1,1,0,0,4,2,0,0,0,67.96,181,73.48,181,87.22,180,,0,70.17,91.67,,24433.2,0.46,True,False,9.0,False
2024-07-10,FNO,181,80,101,0,1,3,0,0,1,2,0,0,-2,62.98,181,70.72,181,85.0,180,,0,69.06,92.78,,24324.45,-0.45,False,False,1.0,False
2024-07-11,FNO,181,87,93,1,2,0,0,0,2,2,0,0,2,61.88,181,70.17,181,85.56,180,,0,70.17,91.67,,24315.95,-0.03,False,False,1.0,False
2024-07-12,FNO,181,83,98,0,7,1,0,0,2,2,0,0,6,58.01,181,68.51,181,84.44,180,,0,71.82,91.67,,24502.15,0.77,True,False,6.0,False
2024-07-15,FNO,181,134,47,0,4,0,0,0,2,2,0,0,4,73.48,181,74.03,181,87.78,180,,0,70.17,91.67,,24586.7,0.35,True,False,10.0,False
2024-07-16,FNO,181,85,95,1,1,0,0,0,2,2,0,0,1,64.09,181,67.96,181,85.56,180,,0,70.17,91.67,,24613.0,0.11,True,False,11.0,False
2024-07-18,FNO,181,83,98,0,1,5,0,0,2,2,0,0,-4,60.77,181,64.64,181,83.89,180,,0,73.48,90.56,,24800.85,0.76,True,False,9.0,False
2024-07-19,FNO,181,14,166,1,0,25,0,0,1,2,0,0,-25,25.41,181,44.2,181,72.22,180,,0,71.27,88.89,,24530.9,-1.09,False,False,-18.0,False
2024-07-22,FNO,181,138,43,0,7,1,0,0,2,2,0,0,6,44.2,181,48.62,181,78.89,180,,0,67.96,88.33,,24509.25,-0.09,False,False,-18.0,False
2024-07-23,FNO,181,77,104,0,3,3,0,0,2,0,0,0,0,38.67,181,47.51,181,72.78,180,,0,63.54,87.22,,24479.05,-0.12,False,False,-22.0,False
2024-07-24,FNO,181,104,77,0,6,0,0,0,2,0,0,0,6,45.3,181,48.62,181,72.78,180,,0,59.12,86.67,,24413.5,-0.27,False,False,-17.0,False
2024-07-25,FNO,181,80,101,0,8,2,0,0,2,0,0,0,6,44.75,181,50.83,181,70.0,180,,0,55.25,85.56,,24406.1,-0.03,False,False,-7.0,False
2024-07-26,FNO,181,163,18,0,15,0,0,0,2,0,0,0,15,72.93,181,65.75,181,78.33,180,,0,53.04,85.0,,24834.85,1.76,True,False,33.0,False
2024-07-29,FNO,181,114,66,1,9,0,0,0,1,0,0,0,9,79.56,181,72.93,181,80.0,180,,0,54.7,83.89,,24836.1,0.01,True,False,36.0,False
2024-07-30,FNO,181,95,86,0,3,0,0,0,1,0,0,0,3,80.66,181,75.14,181,80.56,180,,0,56.35,82.22,,24857.3,0.09,True,False,39.0,False
2024-07-31,FNO,181,116,65,0,2,2,0,0,2,0,0,0,0,83.43,181,75.14,181,82.78,180,,0,57.46,83.33,,24951.15,0.38,True,False,33.0,False
2024-08-01,FNO,181,52,129,0,0,1,0,0,2,0,0,0,-1,76.24,181,69.06,181,80.56,180,,0,60.22,83.33,,25010.9,0.24,True,False,26.0,False
2024-08-02,FNO,181,36,145,0,1,10,0,0,2,0,0,0,-9,49.17,181,56.91,181,71.67,180,,0,63.54,82.22,,24717.7,-1.17,False,False,2.0,False
2024-08-05,FNO,181,10,171,0,0,55,0,0,1,0,0,0,-55,17.13,181,31.49,181,51.67,180,,0,62.43,78.89,,24055.6,-2.68,False,False,-62.0,False
2024-08-06,FNO,181,63,117,1,0,4,0,0,1,0,0,0,-4,13.81,181,27.07,181,45.56,180,,0,61.33,76.67,,23992.55,-0.26,False,False,-69.0,False
2024-08-07,FNO,181,162,19,0,25,0,0,0,2,0,0,0,25,35.36,181,47.51,181,61.11,180,,0,60.77,73.89,,24297.5,1.27,False,False,-44.0,True
2024-08-08,FNO,181,45,136,0,1,2,0,0,2,0,0,0,-1,27.07,181,35.36,181,51.11,180,,0,59.67,72.22,,24117.0,-0.74,False,False,-44.0,False
2024-08-09,FNO,181,131,50,0,4,1,0,0,1,0,0,0,3,34.25,181,41.44,181,53.33,180,,0,54.14,71.11,,24367.5,1.04,False,False,-32.0,False
2024-08-12,FNO,181,85,95,1,3,3,0,0,1,0,0,0,0,34.25,181,40.88,181,53.33,180,,0,49.72,68.89,,24347.0,-0.08,False,False,23.0,False
2024-08-13,FNO,181,36,145,0,0,5,1,0,1,0,0,0,-5,25.41,181,31.49,181,45.56,180,,0,44.2,65.56,,24139.0,-0.85,False,False,22.0,False
2024-08-14,FNO,181,60,121,0,0,5,0,1,1,0,0,0,-5,26.52,181,27.62,181,41.11,180,,0,40.33,62.78,,24143.75,0.02,False,False,-8.0,False
2024-08-16,FNO,181,166,15,0,19,0,0,0,1,0,0,0,19,59.67,181,45.86,181,49.44,180,,0,33.15,58.89,,24541.15,1.65,False,False,12.0,True
2024-08-19,FNO,181,117,63,1,2,0,0,0,2,0,0,0,2,70.72,181,50.83,181,52.22,180,,0,30.39,57.78,,24572.65,0.13,False,False,11.0,False
2024-08-20,FNO,181,134,47,0,3,0,0,0,3,0,0,0,3,82.32,181,59.12,181,58.01,181,,0,33.15,56.35,,24698.85,0.51,False,False,14.0,False
2024-08-21,FNO,181,126,54,1,1,0,0,0,4,0,0,0,1,83.43,181,67.4,181,60.22,181,,0,36.46,58.01,,24770.2,0.29,False,False,20.0,False
2024-08-22,FNO,181,120,61,0,1,0,0,0,3,0,0,0,1,90.61,181,72.93,181,63.54,181,,0,37.02,58.01,,24811.5,0.17,False,False,26.0,False
2024-08-23,FNO,181,48,133,0,2,1,0,0,2,0,0,0,1,81.22,181,66.3,181,60.22,181,,0,40.88,55.8,,24823.15,0.05,False,False,8.0,False
2024-08-26,FNO,181,130,51,0,4,1,0,0,2,0,0,0,3,87.29,181,75.69,181,62.43,181,,0,46.96,55.25,,25010.6,0.76,False,False,9.0,False
2024-08-27,FNO,181,101,80,0,2,0,0,0,1,0,31,0,2,85.64,181,77.9,181,66.85,181,,0,56.35,54.14,,25017.75,0.03,True,False,8.0,False
2024-08-28,FNO,181,78,103,0,4,0,0,0,2,0,29,0,4,75.14,181,72.38,181,64.64,181,,0,67.96,53.59,,25052.35,0.14,True,False,11.0,False
2024-08-29,FNO,181,76,104,1,1,0,0,0,1,0,23,0,1,66.85,181,72.38,181,64.09,181,,0,76.8,53.04,,25151.95,0.4,True,False,11.0,False
2024-08-30,FNO,180,132,47,1,1,1,0,0,0,0,35,0,0,75.56,180,80.0,180,70.0,180,,0,85.56,52.78,,25235.9,0.33,True,False,10.0,False
2024-09-02,FNO,180,79,101,0,1,3,0,0,0,0,21,0,-2,69.44,180,80.56,180,69.44,180,,0,88.33,52.78,,25278.7,0.17,True,False,5.0,False
2024-09-03,FNO,180,102,78,0,1,0,0,0,1,0,22,0,1,68.33,180,81.67,180,70.0,180,,0,87.78,54.44,,25279.85,0.0,False,False,4.0,False
2024-09-04,FNO,180,82,97,1,2,1,0,0,2,0,25,2,1,62.22,180,74.44,180,65.56,180,,0,85.0,55.56,,25198.7,-0.32,False,False,1.0,False
2024-09-05,FNO,180,101,78,1,0,0,0,0,3,0,26,0,0,62.78,180,73.33,180,66.11,180,,0,83.33,55.56,,25145.1,-0.21,False,False,0.0,False
2024-09-06,FNO,180,24,156,0,1,7,0,0,2,0,12,4,-6,33.89,180,57.78,180,52.78,180,,0,80.56,56.67,,24852.15,-1.17,False,False,-6.0,False
2024-09-09,FNO,180,91,89,0,0,1,0,0,2,0,20,4,-1,41.11,180,53.89,180,54.44,180,,0,78.89,58.33,,24936.4,0.34,False,False,-5.0,False
2024-09-10,FNO,180,128,52,0,5,2,0,0,1,0,24,2,3,48.33,180,62.22,180,60.0,180,,0,75.56,60.0,,25041.1,0.42,False,False,-3.0,False
2024-09-11,FNO,180,49,131,0,0,2,0,0,0,0,15,5,-2,42.22,180,52.22,180,55.56,180,,0,70.56,62.22,,24918.45,-0.49,False,False,-6.0,False
2024-09-12,FNO,180,165,15,0,7,1,0,0,0,0,38,1,6,65.0,180,65.0,180,63.89,180,,0,68.33,64.44,,25388.9,1.89,True,False,0.0,False
2024-09-13,FNO,180,102,78,0,3,0,0,0,1,0,32,0,3,71.11,180,68.89,180,70.0,180,,0,62.78,66.11,,25356.5,-0.13,False,False,9.0,False
2024-09-16,FNO,180,81,99,0,2,2,0,0,0,0,20,0,0,68.89,180,68.33,180,69.44,180,,0,59.44,68.33,,25383.75,0.11,False,False,10.0,False
2024-09-17,FNO,180,74,105,1,1,0,0,1,0,0,23,1,1,61.11,180,62.78,180,70.0,180,,0,59.44,67.78,,25418.55,0.14,False,False,8.0,False
2024-09-18,FNO,180,49,131,0,2,2,0,0,0,0,9,2,0,44.44,180,50.0,180,64.44,180,,0,56.11,66.11,,25377.55,-0.16,False,False,10.0,False
2024-09-19,FNO,180,84,96,0,0,4,0,1,0,1,17,4,-4,47.22,180,49.44,180,61.67,180,,0,51.67,67.22,,25415.8,0.15,False,False,0.0,False
2024-09-20,FNO,180,129,50,1,2,0,0,1,0,1,29,1,2,54.44,180,53.89,180,63.33,180,,0,53.89,66.67,,25790.95,1.48,True,False,-1.0,False
2024-09-23,FNO,180,142,38,0,4,0,0,0,1,1,32,1,4,65.56,180,65.0,180,67.22,180,,0,57.22,68.89,,25939.05,0.57,True,False,3.0,False
2024-09-24,FNO,180,97,83,0,2,1,0,0,0,1,24,0,1,65.56,180,65.0,180,70.0,180,,0,59.44,68.89,,25940.4,0.01,False,False,3.0,False
2024-09-25,FNO,180,78,102,0,1,2,0,0,0,1,18,2,-1,59.44,180,59.44,180,70.0,180,,0,61.11,68.89,,26004.15,0.25,False,False,2.0,False
2024-09-26,FNO,180,124,56,0,3,1,0,0,0,1,37,0,2,64.44,180,66.11,180,72.78,180,,0,59.44,69.44,,26216.05,0.81,False,False,8.0,False
2024-09-27,FNO,180,119,61,0,5,0,0,0,0,1,28,0,5,73.89,180,72.78,180,76.11,180,,0,60.56,70.56,,26178.95,-0.14,False,False,11.0,False
2024-09-30,FNO,180,69,111,0,1,1,0,0,0,1,12,2,0,64.44,180,65.56,180,75.0,180,,0,59.44,71.67,,25810.85,-1.41,False,False,7.0,False
2024-10-01,FNO,180,91,88,1,5,0,0,0,1,1,19,2,5,66.11,180,67.22,180,75.0,180,,0,61.67,71.67,,25796.9,-0.05,False,False,11.0,False
2024-10-03,FNO,180,18,162,0,1,22,0,0,0,1,4,3,-21,31.67,180,41.67,180,63.33,180,,0,64.44,70.0,,25250.1,-2.12,False,False,-9.0,False
2024-10-04,FNO,180,28,152,0,0,7,0,0,1,1,3,6,-7,22.22,180,30.0,180,50.56,180,,0,66.11,67.22,,25014.6,-0.93,False,False,-18.0,False
2024-10-07,FNO,180,24,156,0,0,20,0,0,0,1,1,7,-20,8.33,180,15.56,180,35.56,180,,0,59.44,66.67,,24795.75,-0.87,False,False,-43.0,False
2024-10-08,FNO,180,148,32,0,15,1,0,0,0,1,11,0,14,21.11,180,25.0,180,42.22,180,,0,53.89,66.11,,25013.15,0.88,False,False,-29.0,False
2024-10-09,FNO,180,116,64,0,9,0,0,0,1,1,16,1,9,27.78,180,32.22,180,45.56,180,,0,47.78,66.11,,24981.95,-0.12,False,False,-25.0,False
2024-10-10,FNO,179,75,103,1,2,1,0,0,0,1,5,2,1,27.37,179,31.84,179,49.72,179,,0,42.46,65.92,,24998.45,0.07,False,False,-3.0,False
2024-10-11,FNO,179,104,75,0,5,1,0,0,1,1,11,0,4,35.2,179,34.08,179,48.04,179,,0,38.55,67.6,,24964.25,-0.14,False,False,8.0,False
2024-10-14,FNO,179,120,58,1,3,5,0,0,1,1,16,1,-2,42.46,179,39.11,179,50.84,179,,0,31.84,68.16,,25127.95,0.66,False,False,26.0,False
2024-10-15,FNO,179,98,81,0,1,0,0,0,0,1,11,1,1,50.84,179,39.66,179,51.4,179,,0,30.73,67.6,,25057.35,-0.28,False,False,13.0,False
2024-10-16,FNO,179,72,107,0,1,1,0,0,0,1,4,0,0,51.4,179,37.99,179,50.28,179,,0,26.82,65.36,,24971.3,-0.34,False,False,4.0,False
2024-10-17,FNO,179,16,163,0,1,10,0,0,0,1,2,5,-9,30.17,179,21.79,179,35.2,179,,0,25.7,62.57,,24749.85,-0.89,False,False,-6.0,False
2024-10-18,FNO,179,123,56,0,1,5,0,0,1,2,2,3,-4,41.9,179,25.7,179,40.22,179,,0,24.58,63.69,,24854.05,0.42,False,False,-14.0,False
2024-10-21,FNO,179,30,149,0,2,11,0,1,1,1,4,9,-9,20.11,179,16.2,179,29.61,179,,0,26.26,60.34,,24781.1,-0.29,False,False,-21.0,False
2024-10-22,FNO,179,5,174,0,1,25,0,1,0,1,0,23,-24,6.7,179,10.06,179,16.76,179,,0,24.58,55.31,,24472.1,-1.25,False,False,-46.0,False
2024-10-23,FNO,179,85,94,0,9,4,0,1,0,1,5,14,5,9.5,179,10.61,179,15.64,179,,0,21.23,50.28,,24435.5,-0.15,False,False,-41.0,False
2024-10-24,FNO,179,85,94,0,1,6,0,0,0,1,3,10,-5,11.73,179,10.61,179,16.2,179,,0,20.67,46.93,,24399.4,-0.15,False,True,-37.0,False
2024-10-25,FNO,179,34,145,0,1,19,0,2,0,4,1,26,-18,8.94,179,8.94,179,13.41,179,,0,19.55,39.11,,24180.8,-0.9,False,False,-51.0,False
2024-10-28,FNO,179,124,55,0,11,6,0,2,0,6,1,6,5,19.55,179,12.85,179,15.64,179,,0,17.32,32.4,,24339.15,0.65,False,False,-37.0,False
2024-10-29,FNO,179,121,57,1,7,1,0,2,0,5,4,6,6,29.05,179,20.67,179,19.55,179,,0,16.2,26.82,,24466.85,0.52,False,False,-7.0,False
2024-10-30,FNO,179,78,101,0,2,4,0,2,0,5,1,5,-2,35.75,179,24.02,179,18.99,179,,0,15.08,24.58,,24340.85,-0.51,False,False,-14.0,False
2024-10-31,FNO,179,64,115,0,3,8,0,2,0,3,1,5,-5,34.08,179,18.99,179,13.97,179,,0,14.53,24.58,,24205.35,-0.56,False,False,-14.0,False
2024-11-01,FNO,178,159,19,0,1,0,0,2,0,3,2,0,1,50.56,178,26.97,178,18.54,178,,0,14.04,25.28,,24304.35,0.41,False,False,5.0,False
2024-11-04,FNO,178,32,146,0,0,9,0,0,0,3,1,8,-9,27.53,178,13.48,178,12.92,178,,0,13.48,23.6,,23995.35,-1.27,False,False,-9.0,False
2024-11-05,FNO,178,129,49,0,3,0,0,0,0,2,2,3,3,43.26,178,20.79,178,17.42,178,,0,12.92,23.6,,24213.3,0.91,False,False,-12.0,False
2024-11-06,FNO,178,154,24,0,21,0,0,0,0,2,6,0,21,70.79,178,41.57,178,28.09,178,,0,15.17,23.03,,24484.05,1.12,False,False,11.0,True
2024-11-07,FNO,178,39,139,0,1,3,0,0,0,2,8,2,-2,51.69,178,34.27,178,23.6,178,,0,17.98,20.79,,24199.35,-1.16,False,False,14.0,False
2024-11-08,FNO,178,51,126,1,2,6,0,0,0,2,5,7,-4,40.45,178,25.28,178,20.22,178,,0,21.91,18.54,,24148.2,-0.21,False,False,9.0,False
2024-11-11,FNO,178,56,122,0,3,6,0,0,0,2,3,12,-3,35.39,178,27.53,178,21.35,178,,0,24.72,16.29,,24141.3,-0.03,False,False,15.0,False
2024-11-12,FNO,178,29,149,0,2,8,0,0,0,2,3,14,-6,16.29,178,20.22,178,16.85,178,,0,28.65,16.29,,23883.45,-1.07,False,True,6.0,False
2024-11-13,FNO,178,12,166,0,0,11,0,0,0,4,0,30,-11,9.55,178,11.24,178,10.11,178,,0,30.34,15.17,,23559.05,-1.36,False,False,-26.0,False
2024-11-14,FNO,178,95,83,0,3,1,0,0,0,4,1,16,2,10.67,178,12.36,178,11.8,178,,0,29.21,14.04,,23532.7,-0.11,False,True,-22.0,False
2024-11-18,FNO,178,74,104,0,2,4,0,2,0,6,0,19,-2,8.99,178,10.11,178,11.24,178,,0,26.97,14.61,,23453.8,-0.34,False,True,-20.0,False
2024-11-19,FNO,178,114,62,2,1,0,0,1,0,5,2,13,1,17.42,178,17.42,178,11.8,178,,0,28.09,14.61,,23518.5,0.28,False,False,-16.0,False
2024-11-21,FNO,178,52,126,0,1,7,0,2,0,5,5,27,-6,16.85,178,15.73,178,11.8,178,,0,24.16,15.17,,23349.9,-0.72,False,True,-16.0,False
2024-11-22,FNO,178,171,7,0,8,0,0,2,0,3,9,1,8,46.07,178,32.02,178,19.66,178,,0,19.66,15.73,,23907.25,2.39,False,False,3.0,False
2024-11-25,FNO,178,151,27,0,14,0,0,2,0,3,8,0,14,75.28,178,50.56,178,25.84,178,,0,16.85,15.73,,24221.9,1.32,False,False,15.0,False
2024-11-26,FNO,178,99,79,0,5,1,0,1,0,3,8,1,4,79.78,178,53.37,178,28.65,178,,0,16.85,16.29,,24194.5,-0.11,False,False,21.0,False
2024-11-27,FNO,178,106,72,0,6,0,0,0,0,2,4,0,6,83.71,178,59.55,178,29.78,178,,0,19.1,16.85,,24274.9,0.33,False,False,26.0,False
2024-11-28,FNO,178,49,129,0,0,2,1,0,0,0,1,1,-2,74.16,178,54.49,178,26.97,178,,0,23.6,17.42,,23914.15,-1.49,False,False,30.0,False
2024-11-29,FNO,223,160,62,1,6,1,4,0,0,0,6,0,5,82.51,223,63.23,223,33.18,223,,0,30.49,19.28,,24131.1,0.91,False,False,27.0,False
2024-12-02,FNO,223,152,71,0,7,1,3,0,0,0,13,0,6,86.1,223,69.51,223,39.91,223,,0,38.57,19.28,,24276.05,0.6,False,False,19.0,False
2024-12-03,FNO,223,167,56,0,10,3,3,1,0,1,12,1,7,87.44,223,78.92,223,45.29,223,,0,48.88,19.28,,24457.15,0.75,False,False,22.0,False
2024-12-04,FNO,223,131,92,0,6,0,2,1,0,1,15,0,6,86.1,223,79.82,223,46.19,223,,0,60.54,21.52,,24467.45,0.04,False,False,22.0,False
2024-12-05,FNO,223,142,81,0,6,1,1,1,1,1,16,0,5,84.75,223,83.86,223,49.78,223,,0,72.65,22.42,,24708.4,0.98,False,False,29.0,False
2024-12-06,FNO,223,123,100,0,6,0,0,1,3,2,14,1,6,82.06,223,87.0,223,52.47,223,,0,80.72,23.32,,24677.8,-0.12,False,False,30.0,False
2024-12-09,FNO,223,118,105,0,4,5,0,1,1,3,12,3,-1,77.58,223,82.51,223,55.16,223,,0,83.41,24.66,,24619.0,-0.24,False,False,23.0,False
2024-12-10,FNO,223,128,93,2,1,0,1,0,0,2,13,1,1,74.89,223,82.96,223,56.5,223,,0,87.0,26.91,,24610.05,-0.04,False,False,17.0,False
2024-12-11,FNO,223,130,92,1,1,0,1,0,1,2,10,0,1,72.52,222,84.23,222,61.71,222,,0,89.19,30.63,,24641.8,0.13,False,False,12.0,False
2024-12-12,FNO,223,66,156,1,1,3,0,0,2,1,16,3,-2,58.56,222,77.93,222,56.76,222,,0,88.74,33.33,,24548.7,-0.38,False,False,5.0,False
2024-12-13,FNO,223,116,107,0,2,0,0,0,1,1,19,2,2,51.8,222,74.77,222,56.31,222,,0,87.39,36.49,,24768.3,0.89,True,False,1.0,False
2024-12-16,FNO,223,125,97,1,4,1,0,0,6,1,16,0,3,54.05,222,76.58,222,58.56,222,,0,85.59,41.89,,24668.25,-0.4,False,False,5.0,False
2024-12-17,FNO,223,35,187,1,0,1,0,0,5,1,11,8,-1,28.83,222,59.01,222,50.0,222,,0,81.53,45.05,,24336.0,-1.35,False,False,3.0,False
2024-12-18,FNO,223,56,166,1,1,4,0,0,3,1,6,9,-3,21.62,222,45.05,222,43.69,222,,0,79.28,47.3,,24198.85,-0.56,False,False,-1.0,False
2024-12-19,FNO,223,72,151,0,1,2,0,0,2,1,6,12,-1,21.17,222,37.39,222,38.74,222,,0,73.42,51.8,,23951.7,-1.02,False,False,0.0,False
2024-12-20,FNO,223,10,213,0,0,30,0,0,0,1,0,16,-30,8.11,222,18.02,222,26.13,222,,0,63.06,53.6,,23587.5,-1.52,False,True,-32.0,False
2024-12-23,FNO,223,136,86,1,1,1,0,0,0,1,1,6,0,10.81,222,20.27,222,30.63,222,,0,52.7,54.5,,23753.45,0.7,False,False,-35.0,False
2024-12-24,FNO,223,107,115,1,2,0,0,0,0,1,0,4,2,12.11,223,18.02,222,26.58,222,,0,41.89,55.41,,23727.65,-0.11,False,False,-32.0,False
2024-12-26,FNO,223,119,103,1,2,1,0,0,1,1,1,6,1,15.7,223,18.02,222,29.73,222,,0,32.43,55.41,,23750.2,0.1,False,False,-28.0,False
2024-12-27,FNO,223,98,123,2,0,1,0,1,0,2,1,7,-1,17.94,223,18.47,222,29.73,222,,0,26.13,56.76,,23813.4,0.27,False,False,-28.0,False
2024-12-30,FNO,223,90,133,0,8,4,0,1,1,2,7,13,4,28.7,223,22.07,222,30.63,222,,0,21.17,57.66,,23644.9,-0.71,False,False,6.0,False
2024-12-31,FNO,223,127,96,0,1,0,0,1,1,2,5,8,1,36.77,223,22.07,222,30.18,222,,0,17.57,57.21,,23644.8,-0.0,False,False,7.0,False
2025-01-01,FNO,223,149,73,1,2,1,0,1,0,2,7,4,1,44.84,223,27.03,222,37.84,222,,0,18.02,57.66,,23742.9,0.41,False,False,6.0,False
2025-01-02,FNO,223,188,35,0,13,1,0,1,0,1,13,1,12,72.65,223,39.64,222,44.59,222,,0,17.12,57.66,,24188.65,1.88,False,False,17.0,False
2025-01-03,FNO,223,88,135,0,2,2,0,0,0,1,5,2,0,63.68,223,42.34,222,44.59,222,,0,17.12,57.21,,24004.75,-0.76,False,False,18.0,False
2025-01-06,FNO,223,19,204,0,0,44,0,0,0,1,2,24,-44,31.84,223,24.32,222,29.73,222,,0,18.47,51.8,,23616.05,-1.62,False,False,-30.0,False
2025-01-07,FNO,223,159,64,0,8,2,0,0,0,1,2,5,6,38.12,223,30.18,222,34.68,222,,0,22.07,49.1,,23707.9,0.39,False,False,-25.0,False
2025-01-08,FNO,223,71,152,0,0,4,0,0,0,1,0,13,-4,30.49,223,26.46,223,30.63,222,,0,27.35,45.95,,23688.95,-0.08,False,False,-30.0,False
2025-01-09,FNO,223,64,158,1,3,4,1,0,0,1,3,28,-1,27.35,223,26.01,223,27.93,222,,0,27.35,40.99,,23526.5,-0.69,False,True,-43.0,False
2025-01-10,FNO,223,38,185,0,2,27,0,1,0,3,1,39,-25,18.83,223,21.97,223,22.07,222,,0,30.94,36.94,,23431.5,-0.4,False,False,-68.0,False
2025-01-13,FNO,223,8,215,0,0,96,0,2,0,7,0,62,-96,8.52,223,10.76,223,13.06,222,,0,29.6,33.78,,23085.95,-1.47,False,False,-120.0,False
2025-01-14,FNO,223,181,42,0,42,3,0,1,0,5,0,1,39,13.9,223,16.14,223,14.86,222,,0,28.7,31.98,,23176.05,0.39,False,False,-87.0,True
2025-01-15,FNO,223,120,103,0,10,3,0,2,0,5,1,3,7,15.7,223,18.83,223,17.57,222,,0,26.91,28.83,,23213.2,0.16,False,False,-76.0,False
2025-01-16,FNO,223,171,52,0,10,0,0,1,0,4,2,4,10,33.63,223,24.22,223,18.47,222,,0,23.32,27.93,,23311.8,0.42,False,False,-65.0,False
2025-01-17,FNO,223,136,86,1,6,4,0,0,0,3,2,3,2,47.53,223,28.25,223,22.07,222,,0,21.97,27.03,,23203.2,-0.47,False,False,-38.0,False
2025-01-20,FNO,223,136,87,0,7,1,1,0,1,3,1,5,6,58.3,223,36.32,223,22.52,222,27.27,220,21.08,25.23,34.55,23344.75,0.61,False,False,64.0,False
2025-01-21,FNO,223,32,191,0,0,18,0,0,1,3,0,12,-18,42.15,223,26.46,223,20.27,222,25.0,220,18.83,25.23,33.64,23024.65,-1.37,False,True,7.0,False
2025-01-22,FNO,223,76,147,0,0,12,0,0,1,4,0,13,-12,36.32,223,25.11,223,18.02,222,23.64,220,17.49,23.42,34.09,23155.35,0.57,False,False,-12.0,False
2025-01-23,FNO,223,176,45,2,15,0,0,0,1,3,0,6,15,64.57,223,35.43,223,24.77,222,26.36,220,17.94,22.97,33.64,23205.35,0.22,False,False,-7.0,False
2025-01-24,FNO,223,36,186,1,0,18,0,1,1,5,0,17,-18,40.36,223,26.46,223,18.92,222,24.55,220,18.83,23.42,33.18,23092.2,-0.49,False,False,-27.0,False
2025-01-27,FNO,223,21,202,0,1,51,0,1,0,9,0,34,-50,14.35,223,13.0,223,12.16,222,20.0,220,21.52,22.07,33.18,22829.15,-1.14,False,False,-83.0,False
2025-01-28,FNO,223,100,123,0,10,10,0,1,0,10,1,25,0,18.39,223,17.49,223,13.06,222,20.0,220,24.66,20.72,33.18,22957.25,0.56,False,False,-65.0,False
2025-01-29,FNO,223,191,32,0,31,2,0,1,0,8,1,8,29,33.18,223,26.91,223,18.47,222,24.09,220,27.35,19.37,32.27,23163.1,0.9,False,False,-24.0,True
2025-01-30,FNO,223,132,91,0,8,8,0,1,1,6,3,5,0,41.7,223,33.63,223,20.72,222,24.55,220,28.7,17.57,32.27,23249.5,0.37,False,False,-39.0,False
2025-01-31,FNO,227,187,40,0,28,3,0,1,2,7,2,4,25,68.28,227,53.3,227,27.88,226,26.79,224,32.16,17.26,32.59,23508.4,1.11,False,False,4.0,True
2025-02-03,FNO,227,68,159,0,8,28,0,1,1,7,4,7,-20,54.19,227,40.53,227,22.57,226,25.45,224,30.84,16.37,32.14,23361.05,-0.63,False,False,34.0,False
2025-02-04,FNO,227,180,47,0,20,1,1,1,2,4,7,1,19,71.37,227,57.27,227,29.2,226,28.12,224,35.68,15.93,31.7,23739.25,1.62,True,False,53.0,False
2025-02-05,FNO,227,156,71,0,13,1,1,1,1,3,7,3,12,81.06,227,65.2,227,31.42,226,28.57,224,37.89,16.81,32.14,23696.3,-0.18,False,False,36.0,False
2025-02-06,FNO,227,63,164,0,1,7,1,1,0,4,2,4,-6,67.84,227,56.83,227,29.2,226,27.23,224,38.33,15.93,31.7,23603.35,-0.39,False,False,30.0,False
2025-02-07,FNO,227,113,114,0,3,2,0,0,0,2,2,5,1,68.72,227,56.83,227,28.76,226,27.56,225,40.97,16.37,31.11,23559.95,-0.18,False,False,6.0,False
2025-02-10,FNO,227,22,204,1,0,18,0,0,0,2,1,13,-18,40.97,227,36.12,227,23.89,226,25.33,225,44.49,16.81,31.56,23381.6,-0.76,False,False,8.0,False
2025-02-11,FNO,227,9,218,0,0,38,0,0,0,1,0,29,-38,11.01,227,20.26,227,12.83,226,19.11,225,43.61,17.7,31.11,23071.8,-1.32,False,False,-49.0,False
2025-02-12,FNO,227,101,126,0,4,4,0,0,0,1,0,27,0,12.33,227,22.03,227,16.81,226,19.56,225,41.85,19.47,30.67,23045.25,-0.12,False,False,-61.0,False
2025-02-13,FNO,227,115,112,0,4,1,0,0,0,2,3,19,3,14.54,227,22.91,227,15.93,226,19.56,225,41.41,19.91,30.22,23031.4,-0.06,False,False,-52.0,False
2025-02-14,FNO,227,23,204,0,0,43,0,0,0,2,2,50,-43,7.49,227,12.78,227,10.62,226,15.11,225,35.68,19.47,28.89,22929.25,-0.44,False,False,-96.0,False
2025-02-17,FNO,227,138,89,0,4,1,0,0,0,2,0,26,3,9.69,227,15.42,227,14.16,226,17.33,225,33.48,19.47,28.89,22959.5,0.13,False,False,-75.0,False
2025-02-18,FNO,227,85,142,0,1,2,0,0,0,3,1,41,-1,11.89,227,14.54,227,14.16,226,17.78,225,30.84,18.58,28.89,22945.3,-0.06,False,False,-38.0,False
2025-02-19,FNO,227,158,67,2,14,0,0,0,0,1,3,12,14,19.82,227,18.5,227,16.3,227,17.78,225,25.55,18.06,27.11,22932.9,-0.05,False,False,-24.0,False
2025-02-20,FNO,227,169,58,0,13,0,0,0,0,1,1,5,13,44.05,227,29.96,227,18.06,227,17.33,225,22.91,18.5,26.22,22913.15,-0.09,False,False,-14.0,False
2025-02-21,FNO,227,48,179,0,3,4,0,0,0,1,0,18,-1,36.12,227,22.91,227,17.18,227,17.78,225,17.62,18.5,25.33,22795.9,-0.51,False,True,28.0,False
2025-02-24,FNO,227,58,169,0,1,6,0,0,0,1,0,22,-5,29.07,227,17.62,227,13.66,227,15.11,225,11.45,19.38,25.33,22553.35,-1.06,False,True,20.0,False
2025-02-25,FNO,227,71,156,0,1,6,0,0,0,1,2,44,-5,22.47,227,15.42,227,13.22,227,14.22,225,11.45,19.38,24.0,22547.55,-0.03,False,True,16.0,False
2025-02-27,FNO,227,54,172,1,5,11,0,0,1,1,2,62,-6,22.47,227,14.54,227,13.66,227,13.33,225,10.13,18.94,23.56,22545.05,-0.01,False,True,-4.0,False
2025-02-28,FNO,216,19,197,0,0,53,0,1,0,1,0,83,-53,7.87,216,7.87,216,8.33,216,10.75,214,9.72,19.44,21.03,22124.7,-1.86,False,False,-70.0,False
2025-03-03,FNO,216,131,85,0,9,5,0,1,0,2,0,38,4,10.19,216,7.87,216,8.33,216,10.75,214,11.57,19.44,20.09,22119.3,-0.02,False,False,-65.0,False
2025-03-04,FNO,216,105,111,0,4,3,0,1,0,2,0,36,1,18.06,216,9.72,216,8.33,216,10.28,214,10.19,17.13,19.16,22082.65,-0.17,False,False,-59.0,False
2025-03-05,FNO,216,197,19,0,46,0,0,1,0,0,0,0,46,48.61,216,26.39,216,12.04,216,13.55,214,12.96,16.67,18.69,22337.3,1.15,False,False,-8.0,True
2025-03-06,FNO,216,165,51,0,3,0,0,0,0,0,1,0,3,63.43,216,37.96,216,19.44,216,14.02,214,16.2,16.2,18.69,22544.7,0.93,False,False,1.0,False
2025-03-07,FNO,216,87,129,0,1,1,0,0,0,1,0,2,0,66.67,216,37.5,216,21.76,216,14.49,214,17.59,15.28,18.22,22552.5,0.03,False,False,54.0,False
2025-03-10,FNO,216,33,183,0,0,11,0,0,0,1,0,8,-11,49.07,216,31.94,216,17.59,216,12.15,214,17.13,13.89,18.69,22460.3,-0.41,False,False,39.0,False
2025-03-11,FNO,216,127,86,3,8,3,0,1,0,3,0,7,5,59.72,216,37.96,216,21.76,216,12.15,214,18.52,12.96,18.22,22497.9,0.17,False,False,43.0,False
2025-03-12,FNO,216,86,130,0,2,6,0,1,0,3,0,19,-4,54.17,216,39.81,216,18.52,216,11.21,214,23.61,12.96,17.76,22470.5,-0.12,False,False,-7.0,False
2025-03-13,FNO,216,57,159,0,0,2,0,1,0,1,1,16,-2,42.13,216,34.26,216,16.67,216,10.75,214,28.24,13.89,16.82,22397.2,-0.33,False,False,-12.0,False
2025-03-17,FNO,216,155,60,1,5,0,0,1,0,2,3,13,5,52.78,216,43.52,216,20.83,216,12.15,214,32.41,13.43,16.36,22508.75,0.5,False,False,-7.0,False
2025-03-18,FNO,216,203,13,0,24,0,0,1,0,1,2,0,24,84.26,216,65.74,216,30.56,216,14.95,214,41.2,14.81,15.42,22834.3,1.45,False,False,28.0,True
2025-03-19,FNO,216,181,35,0,28,0,0,0,1,1,4,0,28,87.96,216,78.7,216,44.91,216,17.29,214,55.09,16.67,15.42,22907.6,0.32,False,False,51.0,True
2025-03-20,FNO,216,150,66,0,4,2,0,0,1,1,3,1,2,93.98,216,83.8,216,49.07,216,19.16,214,59.26,17.59,14.49,23190.65,1.24,False,False,57.0,False
2025-03-21,FNO,216,173,43,0,10,1,2,0,1,1,8,0,9,94.44,216,88.43,216,55.09,216,20.56,214,64.35,19.44,14.49,23350.4,0.69,False,False,68.0,False
2025-03-24,FNO,216,176,40,0,15,1,3,0,1,1,8,0,14,95.83,216,92.59,216,62.96,216,24.77,214,71.3,21.76,14.49,23658.35,1.32,False,False,77.0,False
2025-03-25,FNO,216,48,167,1,0,8,0,0,0,1,2,3,-8,90.74,216,90.74,216,55.09,216,23.36,214,77.31,24.07,14.95,23668.65,0.04,True,False,45.0,False
2025-03-26,FNO,216,65,151,0,1,2,0,0,0,2,2,1,-1,83.8,216,88.89,216,57.87,216,20.0,215,82.41,25.0,14.88,23486.85,-0.77,False,False,16.0,False
2025-03-27,FNO,216,153,63,0,6,2,0,0,1,1,3,2,4,82.41,216,90.28,216,62.04,216,22.79,215,87.96,26.39,14.42,23591.95,0.45,False,False,18.0,False
2025-03-28,FNO,217,79,137,1,1,1,0,0,4,1,4,2,0,65.9,217,86.18,217,60.83,217,20.83,216,91.24,29.95,13.43,23519.35,-0.31,False,False,9.0,False
2025-04-01,FNO,217,67,150,0,5,6,0,0,3,1,0,5,-1,49.77,217,75.12,217,55.76,217,20.37,216,92.63,34.56,13.43,23165.7,-1.5,False,False,-6.0,False
2025-04-02,FNO,217,179,38,0,8,0,1,0,4,1,1,0,8,62.21,217,81.57,217,64.98,217,22.22,216,94.01,38.71,12.96,23332.35,0.72,False,False,10.0,False
2025-04-03,FNO,217,124,92,1,8,5,1,0,7,1,1,5,3,63.13,217,77.88,217,69.12,217,22.69,216,92.63,44.24,12.5,23250.1,-0.35,False,False,14.0,False
2025-04-04,FNO,217,23,193,1,0,58,0,0,3,1,0,16,-58,30.41,217,56.22,217,51.15,217,19.44,216,88.48,46.54,12.96,22904.45,-1.49,False,False,-48.0,False
2025-04-07,FNO,217,6,211,0,0,78,0,2,0,2,0,32,-78,10.14,217,28.11,217,33.64,217,15.28,216,80.65,48.39,12.5,22161.6,-3.24,False,True,-126.0,False
2025-04-08,FNO,217,204,13,0,21,2,0,1,1,2,0,2,19,24.88,217,43.78,217,44.24,217,18.52,216,73.73,47.93,12.5,22535.85,1.69,False,False,-106.0,False
2025-04-09,FNO,217,78,139,0,2,9,0,1,1,3,2,12,-7,24.07,216,38.89,216,43.52,216,17.67,215,65.28,53.24,12.56,22399.15,-0.61,False,False,-121.0,False
2025-04-11,FNO,217,185,32,0,27,1,0,1,4,1,1,5,26,42.13,216,50.0,216,52.78,216,20.47,215,58.33,54.63,13.02,22828.55,1.92,False,False,-98.0,True
2025-04-15,FNO,217,207,10,0,51,0,0,1,2,1,8,0,51,81.02,216,70.37,216,65.74,216,25.58,215,52.78,58.33,13.02,23328.55,2.19,False,False,11.0,True
2025-04-16,FNO,217,150,66,1,5,2,2,0,3,1,6,1,3,86.11,216,71.76,216,68.98,216,30.7,215,51.39,62.5,13.02,23437.2,0.47,False,False,92.0,False
2025-04-17,FNO,217,154,63,0,2,1,0,0,4,1,12,0,1,88.43,216,76.85,216,72.69,216,33.95,215,49.54,67.13,13.02,23851.65,1.77,False,False,74.0,False
2025-04-21,FNO,217,190,27,0,32,0,1,0,11,1,16,0,32,96.3,216,84.26,216,78.7,216,36.74,215,47.22,70.83,12.56,24125.55,1.15,False,False,113.0,True
2025-04-22,FNO,217,129,88,0,7,2,0,0,4,1,9,1,5,98.61,216,87.96,216,83.33,216,37.67,215,47.69,71.3,13.02,24167.25,0.17,False,False,92.0,False
2025-04-23,FNO,217,159,58,0,16,0,0,0,3,1,8,0,16,99.07,216,91.67,216,86.11,216,39.07,215,54.17,73.15,13.02,24328.95,0.67,False,False,57.0,False
2025-04-24,FNO,217,87,130,0,3,2,1,0,3,1,8,0,1,96.76,216,90.74,216,86.11,216,37.67,215,67.59,75.46,13.49,24246.7,-0.34,False,False,55.0,False
2025-04-25,FNO,216,15,201,0,1,31,0,0,1,1,1,1,-30,59.26,216,74.88,215,78.14,215,33.64,214,75.35,73.49,13.55,24039.35,-0.86,False,False,24.0,False
2025-04-28,FNO,216,178,38,0,9,1,0,0,2,1,6,1,8,73.61,216,85.12,215,81.86,215,35.98,214,82.33,74.88,13.55,24328.5,1.2,False,False,0.0,False
2025-04-29,FNO,216,91,123,2,5,1,0,0,3,1,5,0,4,59.72,216,82.33,215,84.65,215,35.51,214,88.84,75.35,13.55,24335.95,0.03,True,False,-1.0,False
2025-04-30,FNO,216,72,144,0,2,5,0,0,2,1,2,0,-3,43.98,216,73.02,215,81.4,215,34.58,214,93.02,76.74,13.55,24334.2,-0.01,False,False,-20.0,False
2025-05-02,FNO,216,83,132,1,3,4,0,0,2,1,2,1,-1,38.89,216,67.91,215,79.53,215,34.11,214,93.02,76.28,14.02,24346.7,0.05,True,False,-22.0,False
2025-05-05,FNO,216,179,37,0,17,1,0,0,3,1,1,0,16,56.48,216,78.6,215,85.12,215,36.45,214,94.42,76.74,15.42,24461.15,0.47,True,False,24.0,False
2025-05-06,FNO,216,35,181,0,1,36,0,0,1,1,3,0,-35,29.63,216,58.6,215,73.49,215,33.18,214,91.63,73.95,15.42,24379.6,-0.33,False,False,-19.0,False
2025-05-07,FNO,216,162,54,0,12,1,0,1,1,2,5,1,11,42.59,216,65.58,215,79.07,215,35.98,214,89.77,74.88,16.82,24414.4,0.14,False,False,-12.0,False
2025-05-08,FNO,216,24,192,0,0,13,0,1,0,2,2,4,-13,25.0,216,44.65,215,66.98,215,29.91,214,82.79,74.42,16.82,24273.8,-0.58,False,False,-22.0,False
2025-05-09,FNO,216,82,134,0,4,4,0,1,0,2,1,3,0,23.15,216,39.53,215,63.72,215,29.91,214,65.12,77.21,17.29,24008.0,-1.1,False,False,-21.0,False
2025-05-12,FNO,216,207,9,0,106,0,0,1,14,1,5,0,106,81.48,216,79.17,216,87.91,215,42.06,214,61.57,79.53,17.29,24924.7,3.82,False,False,69.0,True
2025-05-13,FNO,216,91,125,0,3,2,0,1,7,1,5,0,1,75.93,216,68.98,216,83.72,215,40.19,214,53.24,83.26,17.76,24578.35,-1.39,False,False,105.0,False
2025-05-14,FNO,216,165,51,0,10,0,0,0,15,1,6,0,10,84.26,216,73.15,216,87.91,215,45.33,214,50.93,86.98,18.22,24666.9,0.36,False,False,104.0,False
2025-05-15,FNO,216,172,43,1,6,2,0,0,9,1,11,0,4,86.57,216,81.02,216,89.77,215,44.86,214,50.46,87.91,18.69,25062.1,1.6,False,False,121.0,False
2025-05-16,FNO,216,150,66,0,14,0,3,0,3,1,8,0,14,90.74,216,83.8,216,91.16,215,47.2,214,56.02,88.37,19.16,25019.8,-0.17,False,False,135.0,False
2025-05-19,FNO,216,115,101,0,7,1,1,0,5,1,8,0,6,90.28,216,84.26,216,91.63,215,48.6,214,57.87,86.51,20.56,24945.45,-0.3,False,False,35.0,False
2025-05-20,FNO,216,21,195,0,0,5,0,0,1,1,1,1,-5,68.52,216,71.76,216,86.51,215,42.99,214,64.35,86.51,21.5,24683.9,-1.05,False,False,29.0,False
2025-05-21,FNO,216,175,40,1,4,1,0,0,1,1,6,0,3,81.94,216,79.63,216,88.84,215,46.26,214,70.37,86.98,21.5,24813.45,0.52,False,False,22.0,False
2025-05-22,FNO,216,66,150,0,2,4,0,1,1,2,5,1,-2,58.8,216,70.83,216,85.12,215,43.46,214,75.93,86.05,22.43,24609.7,-0.82,False,False,16.0,False
2025-05-23,FNO,216,166,48,2,3,1,0,2,1,3,7,1,2,62.96,216,76.85,216,84.19,215,43.93,214,82.87,85.58,23.83,24853.15,0.99,False,False,4.0,False
2025-05-26,FNO,216,149,65,2,1,3,0,2,1,3,8,1,-2,67.13,216,78.24,216,84.19,215,47.66,214,81.48,86.05,24.77,25001.15,0.6,False,False,-4.0,False
2025-05-27,FNO,216,101,114,1,1,0,0,2,2,3,5,0,1,61.11,216,76.85,216,82.79,215,48.6,214,81.48,85.58,25.7,24826.2,-0.7,False,False,2.0,False
2025-05-28,FNO,216,87,128,1,1,1,0,2,2,3,4,0,0,55.56,216,72.22,216,79.53,215,47.2,214,81.02,85.12,26.64,24752.45,-0.3,False,False,-1.0,False
2025-05-29,FNO,216,140,74,2,3,0,0,1,1,3,1,0,3,63.43,216,74.54,216,79.07,215,49.07,214,81.02,85.12,28.5,24833.6,0.33,False,False,4.0,False
2025-05-30,FNO,220,62,158,0,5,6,0,0,3,3,3,2,-1,49.09,220,66.82,220,76.71,219,44.95,218,75.45,82.65,30.28,24750.7,-0.33,False,False,1.0,False
2025-06-02,FNO,220,130,89,1,6,2,0,0,5,3,3,0,4,52.73,220,65.0,220,76.26,219,46.33,218,73.18,81.74,30.28,24716.6,-0.14,False,False,7.0,False
2025-06-03,FNO,220,64,155,1,0,1,0,0,5,3,2,0,-1,37.73,220,55.0,220,75.34,219,47.25,218,73.18,80.82,31.19,24542.5,-0.7,False,False,5.0,False
2025-06-04,FNO,220,144,76,0,6,2,0,1,10,4,5,2,4,50.91,220,63.64,220,73.97,219,49.08,218,69.09,80.82,32.11,24620.2,0.32,False,False,9.0,False
2025-06-05,FNO,220,134,86,0,8,0,0,1,10,3,8,0,8,52.73,220,60.91,220,73.97,219,49.54,218,65.45,81.28,33.49,24750.9,0.53,False,False,14.0,False
2025-06-06,FNO,220,170,49,1,20,0,0,1,13,3,12,0,20,71.36,220,70.45,220,78.54,219,53.21,218,61.82,82.19,33.49,25003.05,1.02,False,False,35.0,False
2025-06-09,FNO,220,182,37,1,9,0,0,1,15,3,19,0,9,85.0,220,78.64,220,84.02,219,60.09,218,61.36,81.28,35.78,25103.2,0.4,True,False,40.0,False
2025-06-10,FNO,220,105,113,2,0,0,0,1,8,3,7,1,0,84.55,220,79.55,220,83.56,219,62.39,218,60.91,82.19,36.24,25104.25,0.0,True,False,41.0,False
2025-06-11,FNO,220,89,131,0,2,3,0,0,4,3,5,0,-1,79.09,220,75.0,220,83.11,219,61.01,218,63.64,81.74,37.61,25141.4,0.15,True,False,36.0,False
2025-06-12,FNO,220,26,193,1,0,6,0,0,0,3,3,1,-6,42.73,220,54.09,220,76.71,219,52.29,218,65.91,82.65,38.07,24888.2,-1.01,False,False,22.0,False
2025-06-13,FNO,220,52,168,0,0,1,0,0,0,3,2,1,-1,31.82,220,40.91,220,71.69,219,51.83,218,65.91,81.28,38.53,24718.6,-0.68,False,False,1.0,False
2025-06-16,FNO,220,180,38,2,3,0,0,0,1,3,7,0,3,46.36,220,53.18,220,75.34,219,56.42,218,67.73,79.45,39.45,24946.5,0.92,False,False,-5.0,False
2025-06-17,FNO,220,55,165,0,1,2,0,0,2,3,4,0,-1,31.82,220,43.18,220,68.49,219,53.21,218,65.0,79.91,39.45,24853.4,-0.37,False,False,-6.0,False
2025-06-18,FNO,220,72,148,0,3,1,0,0,3,3,3,0,2,27.73,220,40.91,220,66.21,219,49.08,218,65.45,79.0,39.45,24812.05,-0.17,False,False,-3.0,False
2025-06-19,FNO,220,32,188,0,0,5,0,0,1,3,0,2,-5,17.73,220,28.18,220,53.88,219,43.58,218,60.91,77.63,39.91,24793.25,-0.08,False,False,-2.0,False
2025-06-20,FNO,220,197,23,0,6,0,0,0,1,2,6,0,6,31.82,220,41.36,220,60.73,219,49.54,218,55.45,76.26,41.74,25112.4,1.29,False,False,5.0,False
2025-06-23,FNO,220,122,97,1,3,0,0,0,1,1,7,0,3,38.64,220,42.73,220,61.82,220,51.38,218,49.55,75.91,43.12,24971.9,-0.56,False,False,5.0,False
2025-06-24,FNO,220,164,56,0,3,3,0,0,1,1,5,0,0,57.73,220,50.45,220,68.64,220,53.21,218,44.55,74.55,43.58,25044.35,0.29,False,False,6.0,False
2025-06-25,FNO,220,162,58,0,4,0,0,0,1,1,9,0,4,73.64,220,60.0,220,75.91,220,56.42,218,40.45,73.18,43.12,25244.75,0.8,True,False,8.0,False
2025-06-26,FNO,220,161,57,2,5,0,0,0,3,1,17,0,5,81.36,220,68.64,220,77.27,220,58.26,218,43.18,73.18,44.04,25549.0,1.21,True,False,18.0,False
2025-06-27,FNO,224,125,98,1,3,0,0,0,2,1,14,0,3,80.8,224,71.43,224,77.68,224,61.26,222,47.32,72.77,45.05,25637.8,0.35,True,False,15.0,False
2025-06-30,FNO,224,127,96,1,0,0,0,0,1,1,16,0,0,81.7,224,72.32,224,78.12,224,63.06,222,47.77,75.45,45.5,25517.05,-0.47,False,False,12.0,False
2025-07-01,FNO,224,111,113,0,4,1,0,0,2,1,13,0,3,78.12,224,69.2,224,78.12,224,61.26,222,48.21,75.45,46.85,25541.8,0.1,False,False,15.0,False
2025-07-02,FNO,224,106,117,1,3,1,0,0,1,1,9,0,2,70.98,224,66.52,224,74.55,224,60.81,222,49.55,77.23,47.75,25453.4,-0.35,False,False,13.0,False
2025-07-03,FNO,224,96,128,0,3,1,0,0,1,0,6,0,2,64.73,224,63.84,224,73.21,224,60.36,222,55.8,77.68,48.65,25405.3,-0.19,False,False,10.0,False
2025-07-04,FNO,224,122,102,0,2,4,0,1,1,1,8,1,-2,62.5,224,63.39,224,75.45,224,62.16,222,67.41,77.68,50.0,25461.0,0.22,False,False,5.0,False
2025-07-07,FNO,224,92,132,0,1,0,0,1,0,1,7,1,1,51.79,224,61.61,224,74.11,224,60.81,222,72.32,75.89,52.7,25461.3,0.0,False,False,6.0,False
2025-07-08,FNO,224,106,115,3,1,2,0,0,0,1,6,0,-1,48.66,224,60.27,224,71.43,224,60.81,222,75.89,72.77,53.6,25522.5,0.24,False,False,2.0,False
2025-07-09,FNO,224,103,121,0,3,0,0,0,0,0,7,0,3,42.41,224,59.82,224,69.2,224,61.26,222,76.79,70.98,54.05,25476.1,-0.18,False,False,3.0,False
2025-07-10,FNO,224,74,150,0,1,1,0,0,0,0,1,0,0,35.71,224,54.46,224,67.41,224,60.36,222,74.55,70.54,56.31,25355.25,-0.47,False,False,1.0,False
2025-07-11,FNO,224,52,172,0,3,1,0,0,1,0,2,0,2,22.77,224,44.2,224,57.14,224,56.31,222,72.32,68.3,56.76,25149.85,-0.81,False,False,5.0,False
2025-07-14,FNO,224,140,84,0,4,0,0,0,1,0,5,1,4,33.93,224,48.21,224,58.04,224,57.66,222,67.41,68.75,56.31,25082.3,-0.27,False,False,8.0,False
2025-07-15,FNO,224,170,53,1,4,1,1,0,1,0,6,0,3,53.57,224,58.93,224,67.86,224,62.16,222,62.95,68.3,57.21,25195.8,0.45,False,False,12.0,False
2025-07-16,FNO,224,110,113,1,1,1,1,1,1,1,4,1,0,51.34,224,54.02,224,68.3,224,61.71,222,57.59,66.96,58.11,25212.05,0.06,False,False,9.0,False
2025-07-17,FNO,224,103,120,1,1,0,0,1,1,1,7,2,1,52.68,224,52.68,224,64.29,224,63.06,222,53.12,67.86,59.01,25111.45,-0.4,False,False,10.0,False
2025-07-18,FNO,224,53,170,1,0,3,0,2,2,2,6,3,-3,41.52,224,43.75,224,58.04,224,58.11,222,47.32,67.86,59.91,24968.4,-0.57,False,True,5.0,False
2025-07-21,FNO,224,149,75,0,2,1,0,2,2,2,11,2,1,49.55,224,48.66,224,59.38,224,60.36,222,45.09,66.96,61.71,25090.7,0.49,False,False,2.0,False
2025-07-22,FNO,224,62,161,1,2,2,0,2,1,2,5,3,0,38.84,224,38.39,224,53.57,224,59.91,222,38.84,66.52,61.71,25060.9,-0.12,False,False,-1.0,False
2025-07-23,FNO,224,140,84,0,0,1,0,1,1,2,10,2,-1,45.09,224,41.96,224,53.57,224,60.36,222,37.95,64.29,62.61,25219.9,0.63,False,False,-2.0,False
2025-07-24,FNO,224,64,158,2,3,4,1,2,0,3,4,5,-1,37.95,224,37.5,224,50.0,224,59.46,222,39.73,62.95,63.06,25062.1,-0.63,False,False,-4.0,False
2025-07-25,FNO,224,28,196,0,2,11,1,1,0,2,2,3,-9,17.41,224,21.88,224,35.71,224,51.35,222,41.96,62.05,62.61,24837.0,-0.9,False,False,-10.0,False
2025-07-28,FNO,224,74,150,0,1,10,0,1,2,3,5,3,-9,13.39,224,17.86,224,31.7,224,50.0,222,35.71,58.93,62.61,24680.9,-0.63,False,False,-20.0,False
2025-07-29,FNO,224,172,51,1,9,0,0,1,1,3,5,1,9,24.55,224,25.0,224,36.16,224,53.6,222,32.14,56.7,62.61,24821.1,0.57,False,False,-11.0,False
2025-07-30,FNO,224,99,124,1,3,0,0,1,0,3,3,3,3,28.12,224,27.68,224,36.61,224,51.8,222,29.91,54.91,63.06,24855.05,0.14,False,False,-7.0,False
2025-07-31,FNO,224,47,177,0,1,9,0,0,0,3,2,5,-8,20.54,224,21.43,224,30.8,224,50.45,222,25.89,52.68,63.06,24768.35,-0.35,False,False,-14.0,False
2025-08-01,FNO,216,34,181,1,1,11,0,0,0,4,2,8,-10,15.74,216,15.74,216,26.85,216,49.53,214,22.69,48.15,63.08,24565.35,-0.82,False,False,-15.0,False
2025-08-04,FNO,216,179,34,3,15,1,0,1,0,4,4,0,14,29.63,216,26.85,216,32.41,216,51.4,214,22.69,46.76,63.08,24722.75,0.64,False,False,8.0,False
2025-08-05,FNO,216,81,133,2,0,1,0,1,0,4,2,2,-1,31.94,216,25.93,216,30.09,216,52.8,214,19.91,44.44,64.02,24649.55,-0.3,False,False,-2.0,False
2025-08-06,FNO,216,53,162,1,0,7,0,1,0,4,1,10,-7,25.93,216,20.37,216,30.56,216,50.0,214,18.06,41.2,64.02,24574.2,-0.31,False,False,-12.0,False
2025-08-07,FNO,216,137,76,3,3,1,0,1,0,4,3,4,2,39.81,216,25.93,216,29.17,216,51.87,214,20.83,39.35,63.55,24596.15,0.09,False,False,-2.0,False
2025-08-08,FNO,216,25,191,0,0,13,0,2,0,5,2,7,-13,18.52,216,15.28,216,21.76,216,47.2,214,18.52,37.04,62.62,24363.3,-0.95,False,False,-5.0,False
2025-08-11,FNO,216,166,48,2,4,3,0,2,0,6,4,4,1,31.94,216,22.22,216,28.24,216,47.2,214,18.52,35.65,62.62,24585.05,0.91,False,False,-18.0,False
2025-08-12,FNO,216,90,126,0,3,1,0,2,0,6,1,8,2,35.65,216,25.0,216,26.39,216,47.66,214,18.06,33.8,62.62,24487.4,-0.4,False,False,-15.0,False
2025-08-13,FNO,216,152,62,2,9,4,0,2,0,6,3,3,5,53.24,216,32.87,216,31.02,216,47.66,214,18.52,31.48,62.15,24619.35,0.54,False,False,-3.0,False
2025-08-14,FNO,216,86,130,0,1,2,0,2,0,5,3,7,-1,50.0,216,32.87,216,30.56,216,48.13,214,18.98,28.7,61.68,24631.3,0.05,False,False,-6.0,False
2025-08-18,FNO,216,164,51,1,21,0,0,0,0,5,13,0,21,68.06,216,43.06,216,36.11,216,50.0,214,27.31,29.63,61.68,24876.95,1.0,False,False,28.0,False
2025-08-19,FNO,216,161,54,1,6,0,0,0,0,3,13,0,6,83.33,216,58.33,216,40.74,216,53.27,214,30.09,30.09,60.75,24980.65,0.42,False,False,33.0,False
2025-08-20,FNO,216,114,102,0,2,0,0,0,0,4,13,0,2,83.8,216,65.74,216,42.13,216,56.54,214,34.26,30.56,61.21,25050.55,0.28,False,False,33.0,False
2025-08-21,FNO,216,87,127,2,1,2,0,0,0,3,14,2,-1,79.17,216,62.96,216,43.98,216,54.67,214,41.2,31.94,60.75,25083.75,0.13,True,False,27.0,False
2025-08-22,FNO,216,71,144,1,2,0,0,0,0,2,11,2,2,65.28,216,56.48,216,37.96,216,54.21,214,46.3,31.02,60.28,24870.1,-0.85,False,False,30.0,False
2025-08-25,FNO,216,128,87,1,2,0,0,0,0,2,8,2,2,66.2,216,63.43,216,40.28,216,54.67,214,54.63,31.94,60.75,24967.75,0.39,False,False,11.0,False
2025-08-26,FNO,216,28,188,0,0,7,0,1,0,3,4,5,-7,36.11,216,42.13,216,31.48,216,50.0,214,58.33,31.94,60.28,24712.05,-1.02,False,False,-2.0,False
2025-08-28,FNO,216,27,188,1,0,7,0,1,0,3,3,10,-7,19.91,216,30.56,216,25.46,216,46.26,214,59.72,31.02,60.28,24500.9,-0.85,False,False,-11.0,False
2025-08-29,FNO,209,74,135,0,3,0,0,1,0,4,2,7,3,14.83,209,29.19,209,25.36,209,43.48,207,59.81,30.62,60.87,24426.85,-0.3,False,False,-7.0,False
2025-09-01,FNO,209,196,13,0,13,0,0,1,0,3,7,3,13,40.67,209,46.41,209,32.54,209,47.83,207,60.29,31.58,60.87,24625.05,0.81,False,False,4.0,False
2025-09-02,FNO,209,127,81,1,5,0,0,1,1,3,6,2,5,46.89,209,51.2,209,34.93,209,50.24,207,57.42,31.58,60.87,24579.6,-0.18,False,False,7.0,False
2025-09-03,FNO,209,154,55,0,6,0,0,0,0,3,11,0,6,60.29,209,59.33,209,39.71,209,54.11,207,54.07,29.67,60.39,24715.05,0.55,False,False,20.0,False
2025-09-04,FNO,209,59,150,0,2,0,0,0,0,3,9,0,2,46.89,209,47.85,209,39.23,209,51.69,207,50.72,30.14,59.42,24734.3,0.08,False,False,29.0,False
2025-09-05,FNO,209,114,94,1,3,1,0,0,0,3,11,0,2,51.2,209,44.98,209,39.23,209,51.21,207,48.8,31.58,59.9,24741.0,0.03,False,False,28.0,False
2025-09-08,FNO,209,131,77,1,4,1,0,0,0,3,16,0,3,64.59,209,52.63,209,39.23,209,52.17,207,46.89,32.54,59.9,24773.15,0.13,False,False,18.0,False
2025-09-09,FNO,209,116,92,1,3,0,0,0,0,2,9,0,3,69.38,209,55.02,209,42.11,209,51.21,207,42.58,33.01,60.39,24868.6,0.39,False,False,16.0,False
2025-09-10,FNO,209,154,54,1,11,0,0,0,0,1,6,0,11,80.86,209,67.94,209,48.8,209,55.07,207,44.02,35.41,59.9,24973.1,0.42,False,False,21.0,False
2025-09-11,FNO,209,108,101,0,2,3,0,1,0,2,5,2,-1,77.51,209,68.42,209,49.76,209,57.49,207,47.37,38.28,59.42,25005.5,0.13,False,False,18.0,False
2025-09-12,FNO,209,117,88,4,4,0,0,1,0,2,9,2,4,77.51,209,72.25,209,55.02,209,58.45,207,55.02,39.23,59.9,25114.0,0.43,False,False,20.0,False
2025-09-15,FNO,209,127,82,0,2,0,0,1,1,2,6,1,2,77.99,209,73.68,209,53.59,209,60.39,207,59.81,39.71,59.42,25069.2,-0.18,False,False,19.0,False
2025-09-16,FNO,209,147,61,1,3,0,0,1,1,2,13,0,3,80.38,209,79.9,209,61.72,209,63.29,207,63.16,40.19,59.9,25239.1,0.68,False,False,19.0,False
2025-09-17,FNO,209,120,88,1,1,0,0,1,0,2,6,0,1,80.38,209,79.43,209,66.03,209,63.29,207,66.51,40.67,59.9,25330.25,0.36,False,False,9.0,False
2025-09-18,FNO,209,134,71,4,0,0,0,0,0,2,9,0,0,85.65,209,85.65,209,69.86,209,65.7,207,73.21,43.06,59.42,25423.6,0.37,False,False,10.0,False
2025-09-19,FNO,209,105,104,0,4,1,0,0,0,2,7,0,3,77.03,209,83.25,209,71.77,209,66.67,207,78.47,44.5,58.94,25327.05,-0.38,False,False,9.0,False
2025-09-22,FNO,209,58,151,0,4,5,0,0,1,2,7,1,-1,55.98,209,70.81,209,65.07,209,63.29,207,80.86,45.93,58.94,25202.35,-0.49,False,False,6.0,False
2025-09-23,FNO,209,74,134,1,0,2,0,1,0,3,10,2,-2,49.28,209,65.07,209,60.77,209,61.35,207,82.78,47.37,59.9,25169.5,-0.13,False,False,1.0,False
2025-09-24,FNO,209,50,159,0,0,1,0,1,0,3,9,2,-1,32.54,209,53.11,209,55.02,209,58.94,207,82.78,49.76,59.9,25056.9,-0.45,False,False,-1.0,False
2025-09-25,FNO,209,46,162,1,0,0,0,1,1,2,4,4,0,22.97,209,43.06,209,45.93,209,56.04,207,77.51,52.63,59.42,24890.85,-0.66,False,False,-1.0,False
2025-09-26,FNO,209,15,194,0,0,11,0,1,0,2,2,11,-11,10.05,209,22.49,209,37.32,209,50.24,207,70.33,54.55,58.94,24654.7,-0.95,False,False,-15.0,False
2025-09-29,FNO,209,136,72,1,7,1,0,1,1,2,3,6,6,15.79,209,27.75,209,40.19,209,53.14,207,63.64,56.46,58.45,24634.9,-0.08,False,False,-8.0,False
2025-09-30,FNO,209,105,103,1,2,1,0,0,1,2,7,7,1,20.57,209,30.62,209,38.76,209,52.4,208,56.46,58.37,58.17,24611.1,-0.1,False,True,-5.0,False
2025-10-01,FNO,209,162,46,1,6,0,1,0,1,2,8,1,6,31.58,209,40.67,209,46.89,209,57.69,208,48.33,58.37,58.17,24836.3,0.92,False,False,2.0,False
2025-10-03,FNO,209,153,56,0,2,0,1,0,1,2,10,0,2,48.33,209,45.45,209,52.63,209,59.13,208,42.11,59.33,58.17,24894.25,0.23,False,False,4.0,False
2025-10-06,FNO,209,124,83,2,7,0,0,0,1,2,9,2,7,64.59,209,50.72,209,55.5,209,59.13,208,39.23,59.81,57.69,25077.65,0.74,False,False,22.0,False
2025-10-07,FNO,209,113,95,1,3,0,0,0,1,2,4,1,3,71.29,209,52.63,209,59.81,209,63.46,208,34.93,64.11,57.69,25108.3,0.12,False,False,19.0,False
2025-10-08,FNO,209,50,158,1,2,2,0,0,0,2,5,4,0,52.15,209,42.11,209,53.59,209,58.65,208,31.58,65.07,59.13,25046.15,-0.25,False,False,18.0,False
2025-10-09,FNO,209,168,39,2,6,0,0,0,0,2,8,1,6,70.81,209,51.67,209,60.29,209,61.06,208,30.62,63.16,59.62,25181.8,0.54,False,False,18.0,False
2025-10-10,FNO,209,134,75,0,3,0,0,0,0,2,9,0,3,77.99,209,57.42,209,65.07,209,62.98,208,30.14,63.16,59.62,25285.35,0.41,False,False,19.0,False
2025-10-13,FNO,209,85,123,1,2,0,0,0,0,1,9,1,2,66.99,209,50.24,209,64.11,209,61.54,208,36.36,63.64,60.58,25227.35,-0.23,False,False,14.0,False
2025-10-14,FNO,209,53,155,1,1,2,0,1,0,2,2,4,-1,46.89,209,44.02,209,56.94,209,60.1,208,38.76,62.2,60.58,25145.5,-0.32,False,False,10.0,False
2025-10-15,FNO,209,179,29,1,5,0,0,1,0,2,11,1,5,62.2,209,56.46,209,63.64,209,63.94,208,44.02,62.2,60.58,25323.55,0.71,False,False,15.0,False
2025-10-16,FNO,209,140,69,0,3,1,0,1,0,2,8,0,2,70.33,209,66.51,209,66.99,209,65.38,208,54.55,61.72,61.54,25585.3,1.03,True,False,11.0,False
2025-10-17,FNO,209,76,133,0,2,1,0,1,0,2,7,0,1,61.24,209,63.16,209,65.07,209,64.9,208,58.85,59.81,62.02,25709.85,0.49,True,False,9.0,False
2025-10-20,FNO,209,132,77,0,6,0,0,1,0,2,23,0,6,69.86,209,68.9,209,68.9,209,64.9,208,65.55,56.94,62.02,25843.15,0.52,False,False,13.0,False
2025-10-21,FNO,209,110,99,0,0,0,0,0,0,2,15,0,0,71.77,209,72.25,209,69.86,209,65.38,208,69.86,55.98,62.5,25868.6,0.1,False,False,14.0,False
2025-10-23,FNO,209,108,101,0,4,1,0,0,0,2,15,0,3,67.94,209,73.68,209,72.73,209,66.35,208,74.16,57.89,62.5,25891.4,0.09,False,False,12.0,False
2025-10-24,FNO,209,73,135,1,2,0,0,0,1,0,4,0,2,56.73,208,70.19,208,69.71,208,68.6,207,77.4,56.25,63.29,25795.15,-0.37,False,False,12.0,False
2025-10-27,FNO,209,144,65,0,2,0,0,0,1,0,21,0,2,68.27,208,74.04,208,74.04,208,71.01,207,74.52,58.17,63.77,25966.05,0.66,False,False,13.0,False
2025-10-28,FNO,209,83,126,0,1,2,0,0,1,0,20,0,-1,56.25,208,69.23,208,68.75,208,67.15,207,75.0,62.02,65.22,25936.2,-0.11,False,False,6.0,False
2025-10-29,FNO,209,149,60,0,8,1,0,0,1,0,20,0,7,71.15,208,79.81,208,75.0,208,70.05,207,76.44,65.38,65.22,26053.9,0.45,False,False,13.0,False
2025-10-30,FNO,209,66,143,0,3,1,0,0,0,0,15,0,2,61.54,208,67.31,208,71.63,208,68.6,207,75.48,66.35,65.7,25877.85,-0.68,False,False,12.0,False
2025-10-31,FNO,209,53,155,1,1,2,0,0,0,0,11,1,-1,46.15,208,55.29,208,64.42,208,66.18,207,74.04,67.31,66.67,25722.1,-0.6,False,False,9.0,False
2025-11-03,FNO,209,155,53,1,6,1,0,0,0,0,20,0,5,56.25,208,63.94,208,69.71,208,68.12,207,74.52,68.75,66.67,25763.35,0.16,False,False,12.0,False
2025-11-04,FNO,209,50,158,1,1,1,1,0,0,0,18,1,0,39.42,208,53.85,208,59.62,208,66.18,207,72.12,66.35,65.7,25597.65,-0.64,False,False,13.0,False
2025-11-06,FNO,209,42,167,0,3,12,0,0,0,0,4,7,-9,31.25,208,42.79,208,51.44,208,60.39,207,65.87,66.35,66.18,25509.7,-0.34,False,False,-3.0,False
2025-11-07,FNO,209,126,83,0,4,3,0,0,0,0,11,5,1,32.54,209,44.23,208,54.81,208,60.39,207,59.62,68.27,66.18,25492.3,-0.07,False,False,-4.0,False
2025-11-10,FNO,209,136,73,0,6,1,0,0,0,0,14,1,5,43.54,209,47.12,208,53.85,208,60.39,207,58.17,67.31,66.18,25574.35,0.32,False,False,2.0,False
2025-11-11,FNO,209,129,80,0,4,2,1,0,0,0,16,0,2,48.8,209,50.0,208,57.21,208,62.32,207,54.81,63.46,66.67,25694.95,0.47,False,False,-1.0,False
2025-11-12,FNO,209,140,69,0,6,1,0,0,0,0,18,1,5,60.77,209,53.85,208,62.02,208,64.73,207,54.33,63.46,66.67,25875.8,0.7,False,False,4.0,False
2025-11-13,FNO,209,81,128,0,2,0,0,0,0,0,12,3,2,53.11,209,51.44,208,57.69,208,64.73,207,50.48,63.46,67.15,25879.15,0.01,False,False,15.0,False
2025-11-14,FNO,209,111,98,0,5,0,0,0,2,0,13,2,5,55.02,209,52.88,208,57.69,208,65.7,207,49.04,63.46,66.18,25910.05,0.12,False,False,19.0,False
2025-11-17,FNO,209,146,62,1,5,1,0,0,0,0,20,3,4,71.29,209,61.06,208,59.62,208,67.63,207,48.08,63.94,66.18,26013.45,0.4,False,False,18.0,False
2025-11-18,FNO,209,40,169,0,1,1,0,0,0,0,15,2,0,55.5,209,48.56,208,53.37,208,64.73,207,44.71,62.02,66.18,25910.05,-0.4,False,False,16.0,False
2025-11-19,FNO,209,99,108,2,3,1,0,0,0,0,16,2,2,52.63,209,49.52,208,55.29,208,64.25,207,46.63,60.58,65.7,26052.65,0.55,False,False,13.0,False
2025-11-20,FNO,209,97,111,1,1,1,0,0,1,0,9,3,0,51.67,209,51.92,208,58.17,208,64.25,207,49.04,59.62,65.22,26192.15,0.54,True,False,11.0,False
2025-11-21,FNO,209,36,171,2,0,2,0,0,0,0,4,2,-2,28.71,209,39.23,209,49.04,208,61.35,207,49.28,58.65,65.22,26068.15,-0.47,False,False,4.0,False
2025-11-24,FNO,209,53,155,1,0,1,0,0,1,0,5,5,-1,22.49,209,33.01,209,46.15,208,56.52,207,49.28,56.25,65.22,25959.5,-0.42,False,False,-1.0,False
2025-11-25,FNO,209,105,103,1,1,0,0,0,1,0,9,7,1,26.32,209,37.8,209,46.15,208,57.0,207,47.85,56.73,65.7,25884.8,-0.29,False,False,0.0,False
2025-11-26,FNO,208,199,9,0,4,1,0,1,1,1,18,2,3,58.65,208,53.85,208,57.97,207,59.71,206,47.6,56.52,64.56,26205.3,1.24,True,False,1.0,False
2025-11-27,FNO,208,81,127,0,1,0,0,1,1,1,10,3,1,51.92,208,52.4,208,57.0,207,60.19,206,47.6,54.59,65.53,26215.55,0.04,True,False,2.0,False
2025-11-28,FNO,208,84,122,2,0,1,0,1,1,1,12,5,-1,51.92,208,50.96,208,53.62,207,59.71,206,50.0,54.59,65.53,26202.95,-0.05,False,False,3.0,False
2025-12-01,FNO,208,92,114,2,1,0,0,1,0,1,11,9,1,50.96,208,50.96,208,56.52,207,58.74,206,46.63,55.07,65.53,26175.75,-0.1,False,False,5.0,False
2025-12-02,FNO,208,71,137,0,0,0,0,1,1,1,9,5,0,44.23,208,42.79,208,52.17,207,59.22,206,44.71,54.59,65.53,26032.2,-0.55,False,False,4.0,False
2025-12-03,FNO,208,38,170,0,1,4,0,0,0,1,2,13,-3,27.4,208,31.73,208,46.86,207,54.85,206,43.27,54.59,65.05,25986.0,-0.18,False,False,-2.0,False
2025-12-04,FNO,208,132,75,1,1,4,0,0,0,2,4,6,-3,37.02,208,37.98,208,48.79,207,57.28,206,38.94,55.07,64.08,26033.75,0.18,False,False,-6.0,False
2025-12-05,FNO,208,135,72,1,1,5,0,2,0,3,6,6,-4,47.12,208,44.71,208,52.66,207,55.83,206,39.42,55.07,63.59,26186.45,0.59,False,False,-9.0,False
2025-12-08,FNO,208,9,199,0,0,15,0,2,0,3,0,16,-15,17.79,208,22.6,208,41.06,207,53.4,206,38.46,55.07,62.62,25960.55,-0.86,False,False,-25.0,False
2025-12-09,FNO,208,124,84,0,5,1,0,1,0,3,3,8,4,19.71,208,23.08,208,40.1,207,52.91,206,36.06,53.14,62.62,25839.65,-0.47,False,False,-21.0,False
2025-12-10,FNO,208,65,142,1,1,5,0,2,0,3,1,12,-4,15.87,208,21.63,208,37.2,207,50.97,206,33.65,50.72,62.62,25758.0,-0.32,False,False,-22.0,False
2025-12-11,FNO,208,173,34,1,4,0,0,1,0,3,3,2,4,36.06,208,31.73,208,43.96,207,52.43,206,34.62,47.83,62.62,25898.55,0.55,False,False,-15.0,False
2025-12-12,FNO,208,162,46,0,7,0,0,0,0,3,9,1,7,56.73,208,43.75,208,47.83,207,53.88,206,34.13,47.83,63.11,26046.95,0.57,False,False,-4.0,False
2025-12-15,FNO,208,95,111,2,1,0,0,0,0,3,8,4,1,57.21,208,44.71,208,47.34,207,54.37,206,30.29,48.31,62.62,26027.3,-0.08,False,False,12.0,False
2025-12-16,FNO,208,37,170,1,1,3,0,0,0,3,4,10,-2,40.38,208,34.13,208,43.0,207,52.91,206,29.81,46.38,61.65,25860.1,-0.64,False,False,6.0,False
2025-12-17,FNO,208,69,138,1,0,0,0,0,0,3,4,13,0,33.65,208,28.85,208,39.61,207,52.43,206,30.77,46.86,61.17,25818.55,-0.16,False,False,10.0,False
2025-12-18,FNO,208,101,106,1,1,1,0,0,0,3,4,5,0,34.13,208,28.85,208,39.13,207,52.43,206,29.81,45.41,60.68,25815.55,-0.01,False,False,6.0,False
2025-12-19,FNO,208,177,31,0,7,0,0,0,0,3,6,1,7,63.46,208,44.71,208,44.93,207,52.43,206,28.85,45.41,59.22,25966.4,0.58,False,False,6.0,False
2025-12-22,FNO,208,156,52,0,6,0,0,0,1,3,17,1,6,77.4,208,55.77,208,48.79,207,54.85,206,30.29,46.86,59.71,26172.4,0.79,False,False,11.0,False
2025-12-23,FNO,208,115,93,0,1,1,0,0,1,3,10,0,0,80.77,208,62.98,208,49.28,207,54.85,206,35.58,46.38,60.19,26177.15,0.02,False,False,13.0,False
2025-12-24,FNO,208,73,135,0,3,0,0,0,1,3,12,0,3,64.9,208,57.69,208,48.31,207,54.85,206,42.79,46.38,59.22,26142.1,-0.13,False,False,16.0,False
2025-12-26,FNO,208,72,135,1,4,2,2,1,1,3,8,4,2,57.21,208,54.33,208,47.83,207,54.85,206,44.71,43.96,57.77,26042.3,-0.38,False,False,18.0,False
2025-12-29,FNO,208,59,148,1,1,2,0,1,1,3,0,3,-1,48.56,208,46.15,208,45.89,207,54.37,206,47.6,43.0,57.28,25942.1,-0.38,False,False,10.0,False
2025-12-30,FNO,208,73,134,1,2,0,0,1,1,3,11,7,2,42.31,208,46.15,208,43.0,207,54.37,206,51.92,42.51,56.31,25938.85,-0.01,False,False,6.0,False
2025-12-31,FNO,208,177,30,1,3,1,0,1,0,3,20,1,2,63.46,208,62.02,208,51.21,207,56.31,206,57.21,41.55,57.28,26129.6,0.74,False,False,8.0,False
2026-01-01,FNO,208,128,79,1,3,1,0,1,0,3,29,3,2,63.94,208,64.9,208,51.21,207,56.31,206,60.58,41.55,57.28,26146.55,0.06,False,False,7.0,False
2026-01-02,FNO,208,168,40,0,11,1,0,1,0,4,31,3,10,75.96,208,76.44,208,61.84,207,61.65,206,66.83,41.55,57.28,26328.55,0.7,False,False,15.0,False
2026-01-05,FNO,208,98,110,0,1,2,0,1,1,3,24,5,-1,74.04,208,75.48,208,64.42,208,61.17,206,70.67,41.35,57.28,26250.3,-0.3,False,False,15.0,False
2026-01-06,FNO,208,102,104,2,3,5,0,1,2,2,26,5,-2,68.75,208,75.96,208,63.94,208,62.62,206,69.71,41.35,56.8,26178.7,-0.27,False,False,11.0,False
2026-01-07,FNO,208,110,97,1,7,1,0,1,2,2,22,4,6,72.6,208,75.0,208,66.35,208,62.14,206,70.19,43.27,56.31,26140.75,-0.14,False,False,15.0,False
2026-01-08,FNO,208,11,196,1,0,13,0,1,1,2,1,10,-13,44.23,208,52.4,208,51.44,208,53.88,206,66.35,45.67,56.31,25876.85,-1.01,False,False,0.0,False
2026-01-09,FNO,208,50,158,0,1,4,0,0,1,2,1,15,-3,25.48,208,38.46,208,45.19,208,50.0,206,62.98,45.19,55.34,25683.3,-0.75,False,True,-13.0,False
2026-01-12,FNO,208,113,93,2,1,0,0,0,1,2,4,9,1,28.85,208,41.83,208,46.63,208,50.0,206,62.5,46.63,55.83,25790.25,0.42,False,False,-11.0,False
2026-01-13,FNO,208,84,124,0,2,1,0,0,1,2,5,11,1,25.96,208,42.31,208,44.23,208,51.46,206,61.06,46.63,55.83,25732.3,-0.22,False,False,-8.0,False
2026-01-14,FNO,208,108,100,0,4,2,0,1,1,3,12,8,2,26.92,208,39.42,208,45.19,208,50.97,206,59.13,46.63,55.34,25665.6,-0.26,False,True,-12.0,False
2026-01-16,FNO,208,94,114,0,10,2,0,1,1,3,9,12,8,33.65,208,42.31,208,45.19,208,50.0,206,55.77,47.6,53.4,25694.35,0.11,False,False,9.0,False
2026-01-19,FNO,208,65,143,0,4,3,0,1,1,3,6,13,1,28.37,208,35.1,208,42.31,208,48.06,206,50.96,49.52,52.91,25585.5,-0.42,False,False,13.0,False
2026-01-20,FNO,208,6,202,0,0,24,0,1,1,3,1,27,-24,10.58,208,20.19,208,27.88,208,42.23,206,44.23,48.56,52.43,25232.5,-1.38,False,False,-12.0,False
2026-01-21,FNO,208,66,142,0,1,7,0,1,1,3,1,27,-6,11.06,208,14.9,208,23.56,208,40.78,206,39.42,47.12,51.46,25157.5,-0.3,False,False,-19.0,False
2026-01-22,FNO,208,158,50,0,10,5,0,1,1,3,6,13,5,25.48,208,23.08,208,30.29,208,44.17,206,29.33,45.67,50.97,25289.9,0.53,False,False,-16.0,False
2026-01-23,FNO,208,32,176,0,2,22,0,1,1,3,3,32,-20,15.38,208,16.35,208,23.56,208,37.86,206,25.48,45.19,50.97,25048.65,-0.95,False,False,-44.0,False
2026-01-27,FNO,208,137,71,0,10,5,0,1,1,4,12,20,5,21.63,208,22.12,208,28.85,208,39.32,206,24.04,44.23,49.51,25175.4,0.51,False,False,-40.0,False
2026-01-28,FNO,207,163,44,0,30,2,0,1,1,4,19,4,28,44.44,207,30.43,207,33.33,207,42.93,205,23.19,44.44,48.29,25342.75,0.66,False,False,12.0,True
2026-01-29,FNO,207,91,114,2,6,3,0,1,3,3,17,12,3,43.48,207,28.02,207,33.33,207,45.15,206,21.74,44.44,48.54,25418.9,0.3,False,False,21.0,False
2026-01-30,FNO,207,104,102,1,3,12,0,1,0,3,5,8,-9,47.83,207,29.47,207,33.33,207,45.63,206,20.77,42.51,48.06,25320.65,-0.39,False,False,7.0,False
2026-02-02,FNO,207,150,56,1,17,1,0,0,1,4,6,10,16,63.77,207,39.61,207,38.65,207,47.57,206,19.81,40.58,47.09,25088.4,-0.92,False,False,43.0,False
2026-02-03,FNO,207,195,12,0,47,1,7,0,1,3,19,1,46,88.89,207,70.53,207,56.52,207,54.37,206,21.26,40.1,46.6,25727.55,2.55,False,False,84.0,True
2026-02-04,FNO,207,149,58,0,11,10,2,0,1,2,26,3,1,85.99,207,76.81,207,62.32,207,55.83,206,29.95,39.61,46.12,25776.0,0.19,False,False,57.0,False
2026-02-05,FNO,207,79,126,2,3,6,0,0,0,3,17,4,-3,81.16,207,71.5,207,61.35,207,55.34,206,37.68,38.16,46.6,25642.8,-0.52,False,False,51.0,False
2026-02-06,FNO,207,88,119,0,4,1,3,0,0,3,11,8,3,80.68,207,74.88,207,59.42,207,54.37,206,45.89,37.2,47.09,25693.7,0.2,False,False,63.0,False
2026-02-09,FNO,207,174,33,0,16,0,0,0,0,2,30,2,16,84.54,207,80.68,207,66.18,207,55.83,206,60.87,38.65,47.57,25867.3,0.68,False,False,63.0,False
2026-02-10,FNO,207,115,90,2,5,1,1,0,5,2,21,0,4,82.13,207,80.68,207,65.7,207,56.8,206,68.12,40.58,48.54,25935.15,0.26,True,False,21.0,False
2026-02-11,FNO,207,120,87,0,4,3,1,0,5,2,28,4,1,80.19,207,81.16,207,68.12,207,56.8,206,78.26,40.58,48.54,25953.85,0.07,False,False,21.0,False
2026-02-12,FNO,207,75,132,0,2,12,1,0,3,2,19,7,-10,74.4,207,81.16,207,64.25,207,55.34,206,80.19,42.03,49.51,25807.2,-0.57,False,False,14.0,False
2026-02-13,FNO,207,22,185,0,0,13,0,0,2,2,5,12,-13,46.86,207,68.12,207,54.59,207,52.91,206,84.06,42.03,49.51,25471.1,-1.3,False,False,-2.0,False
2026-02-16,FNO,207,158,49,0,4,3,0,0,2,1,17,5,1,50.24,207,73.91,207,61.84,207,53.88,206,85.02,41.55,49.51,25682.75,0.83,False,False,-17.0,False
2026-02-17,FNO,207,122,84,1,2,0,0,0,3,1,19,2,2,57.49,207,74.88,207,62.8,207,55.34,206,85.02,43.0,49.03,25725.4,0.17,False,False,-19.0,False
2026-02-18,FNO,207,151,54,2,0,0,0,0,3,1,30,5,0,62.8,207,77.78,207,63.77,207,55.83,206,84.54,45.89,49.03,25819.35,0.37,False,False,-20.0,False
2026-02-19,FNO,207,19,188,0,1,4,0,0,4,1,2,7,-3,35.27,207,60.87,207,58.94,207,50.97,206,82.13,50.24,49.03,25454.35,-1.41,False,False,-13.0,False
2026-02-20,FNO,207,137,67,3,3,0,0,0,8,1,18,8,3,42.03,207,66.18,207,61.84,207,52.91,206,78.74,52.66,49.03,25571.25,0.46,False,False,3.0,False
2026-02-23,FNO,207,128,79,0,0,4,0,0,6,0,22,8,-4,49.28,207,63.77,207,61.35,207,53.4,206,74.4,57.97,50.49,25713.0,0.55,False,False,-2.0,False
2026-02-24,FNO,207,95,112,0,0,11,0,0,13,2,25,13,-11,47.34,207,58.45,207,58.45,207,53.4,206,69.57,57.49,50.49,25424.65,-1.12,False,False,-15.0,False
2026-02-25,FNO,206,143,62,1,6,3,0,0,12,1,30,3,3,58.74,206,66.02,206,61.65,206,53.66,205,65.53,58.74,50.24,25482.5,0.23,False,False,-12.0,False
2026-02-26,FNO,206,116,87,3,1,0,0,0,8,2,32,6,1,61.17,206,65.05,206,62.14,206,55.61,205,61.17,60.19,50.73,25496.55,0.06,False,False,-8.0,False
2026-02-27,FNO,206,32,173,1,1,3,0,0,5,1,11,9,-2,40.49,205,46.83,205,55.61,205,50.98,204,58.05,61.95,50.98,25178.65,-1.25,False,False,-13.0,False
2026-03-02,FNO,206,24,182,0,0,12,0,0,5,1,4,16,-12,26.34,205,31.71,205,47.32,205,46.57,204,51.22,62.44,50.98,24865.7,-1.24,False,False,-21.0,False
2026-03-04,FNO,206,15,191,0,0,34,0,0,3,2,0,23,-34,8.29,205,15.12,205,34.15,205,42.16,204,44.88,61.95,50.98,24480.5,-1.55,False,False,-44.0,False
2026-03-05,FNO,206,176,30,0,11,0,0,0,2,3,5,5,11,19.02,205,23.9,205,42.93,205,45.1,204,39.51,61.46,50.49,24765.9,1.17,False,False,-36.0,False
2026-03-06,FNO,206,59,147,0,3,2,0,0,1,2,7,12,1,18.54,205,20.98,205,38.05,205,44.12,204,38.05,60.49,50.0,24450.45,-1.27,False,True,-36.0,False
2026-03-09,FNO,206,23,183,0,0,26,0,0,1,2,1,25,-26,10.73,205,14.15,205,28.29,205,39.71,204,31.71,58.54,50.0,24028.05,-1.73,False,False,-60.0,False
2026-03-10,FNO,206,180,25,1,15,2,0,0,0,2,4,5,13,21.46,205,22.93,205,38.05,205,43.14,204,26.83,57.07,50.49,24261.6,0.97,False,False,-35.0,False
2026-03-11,FNO,206,41,165,0,2,8,0,0,0,3,8,16,-6,20.0,205,18.05,205,29.27,205,42.16,204,23.41,56.59,50.49,23866.85,-1.63,False,True,-7.0,False
2026-03-12,FNO,206,68,137,1,6,6,0,0,0,3,9,25,0,23.41,205,21.46,205,27.32,205,40.69,204,20.49,53.17,49.51,23639.15,-0.95,False,False,-18.0,False
2026-03-13,FNO,206,12,194,0,1,34,0,0,0,4,0,37,-33,9.22,206,8.78,205,18.54,205,35.78,204,20.0,50.73,49.51,23151.1,-2.06,False,False,-52.0,False
2026-03-16,FNO,206,105,99,2,1,6,0,0,0,3,0,26,-5,9.22,206,7.8,205,19.02,205,37.25,204,14.63,49.76,50.0,23408.8,1.11,False,False,-31.0,False
2026-03-17,FNO,206,156,49,1,5,0,0,0,0,1,0,16,5,16.5,206,10.73,205,20.49,205,37.25,204,12.68,46.83,49.02,23581.15,0.74,False,False,-39.0,False
2026-03-18,FNO,206,178,28,0,19,0,0,0,0,0,1,2,19,43.2,206,16.59,205,25.37,205,42.65,204,13.66,44.88,47.55,23777.8,0.83,False,False,-14.0,False
2026-03-19,FNO,206,2,204,0,0,63,0,0,0,3,0,39,-63,11.65,206,8.29,205,15.61,205,30.39,204,12.2,40.98,46.57,23002.15,-3.26,False,False,-77.0,False
2026-03-20,FNO,206,140,65,1,6,2,0,0,0,3,1,17,4,21.84,206,12.68,205,19.51,205,33.82,204,10.73,39.51,46.57,23114.5,0.49,False,False,-40.0,False
2026-03-23,FNO,206,7,199,0,0,101,0,0,0,4,0,59,-101,4.37,206,5.37,205,9.27,205,25.49,204,10.24,36.1,45.59,22512.65,-2.6,False,False,-136.0,False
2026-03-24,FNO,206,197,9,0,21,0,0,0,0,2,0,3,21,16.02,206,8.29,205,14.63,205,30.39,204,9.27,32.68,45.59,22912.4,1.78,False,False,-120.0,True
2026-03-25,FNO,206,197,9,0,26,0,0,0,0,1,0,0,26,60.68,206,23.41,205,20.98,205,35.78,204,9.76,28.29,45.1,23306.45,1.72,False,False,-113.0,True
2026-03-27,FNO,206,15,191,0,2,26,0,0,0,1,2,8,-24,27.18,206,11.71,205,14.63,205,29.41,204,7.32,25.37,43.63,22819.6,-2.09,False,False,-74.0,False
2026-03-30,FNO,206,13,193,0,1,45,0,0,0,4,1,51,-44,8.74,206,6.31,206,12.2,205,23.53,204,8.74,23.9,43.63,22331.4,-2.14,False,True,-122.0,False
2026-04-01,FNO,213,178,34,1,54,0,0,0,1,4,2,4,54,33.33,213,15.49,213,14.15,212,27.96,211,10.33,21.7,42.18,22679.4,1.56,False,False,33.0,True
2026-04-02,FNO,213,95,118,0,4,4,0,0,1,6,0,8,0,34.27,213,23.0,213,15.09,212,27.49,211,11.27,18.87,41.71,22713.1,0.15,False,False,12.0,False
2026-04-06,FNO,213,187,26,0,21,0,0,0,1,5,0,3,21,64.79,213,38.03,213,20.75,212,30.33,211,9.39,18.87,41.71,22968.25,1.12,False,False,7.0,False
2026-04-07,FNO,213,130,83,0,1,3,0,0,1,1,1,3,-2,68.54,213,39.44,213,23.58,212,32.23,211,14.08,15.57,41.71,23123.65,0.68,False,False,29.0,False
2026-04-08,FNO,213,195,18,0,115,1,2,0,1,0,4,0,114,90.61,213,80.28,213,41.98,212,38.86,211,18.31,15.09,41.71,23997.35,3.78,False,False,187.0,True
2026-04-09,FNO,213,94,118,1,3,0,2,0,2,0,7,1,3,92.02,213,81.69,213,42.45,212,39.34,211,32.39,14.62,41.71,23775.1,-0.93,False,False,136.0,False
2026-04-10,FNO,213,190,23,0,15,1,2,0,5,0,12,0,14,95.77,213,88.73,213,50.0,212,41.23,211,49.77,13.68,42.18,24050.6,1.16,False,False,150.0,False
2026-04-13,FNO,213,53,159,1,1,6,0,0,4,0,7,1,-5,92.49,213,87.32,213,44.81,212,40.76,211,53.99,13.68,41.71,23842.65,-0.86,False,False,124.0,False
2026-04-15,FNO,213,202,11,0,29,1,2,0,5,0,18,0,28,96.71,213,93.9,213,60.38,212,42.18,211,70.89,13.68,41.71,24231.3,1.63,False,False,154.0,True
2026-04-16,FNO,213,142,71,0,6,1,0,0,5,0,14,0,5,95.77,213,92.02,213,66.51,212,45.02,211,81.69,15.09,41.71,24196.75,-0.14,False,False,45.0,False
2026-04-17,FNO,213,175,37,1,12,0,0,0,9,0,26,0,12,96.24,213,96.24,213,69.34,212,49.76,211,84.98,17.92,42.18,24353.55,0.65,False,False,54.0,False
2026-04-20,FNO,213,94,119,0,0,1,0,0,10,0,15,1,-1,91.08,213,94.84,213,70.28,212,49.29,211,91.55,19.81,43.13,24364.85,0.05,False,False,39.0,False
2026-04-21,FNO,213,148,65,0,7,0,0,0,9,0,16,0,7,91.55,213,94.84,213,75.94,212,53.08,211,93.9,21.7,43.6,24576.6,0.87,False,False,51.0,False
2026-04-22,FNO,213,124,86,3,12,5,0,0,7,0,20,1,7,79.34,213,92.96,213,72.17,212,52.13,211,95.77,23.58,44.08,24378.1,-0.81,False,False,30.0,False
2026-04-23,FNO,213,64,148,1,8,7,0,0,11,0,16,1,1,68.54,213,90.61,213,64.62,212,52.61,211,96.24,26.89,44.08,24173.05,-0.84,False,False,26.0,False
2026-04-24,FNO,213,49,164,0,1,12,0,0,9,0,8,2,-11,51.17,213,80.28,213,61.32,212,50.71,211,95.31,31.6,44.08,23897.95,-1.14,False,False,3.0,False
2026-04-27,FNO,213,175,38,0,19,0,0,0,27,0,16,0,19,65.26,213,85.45,213,68.4,212,53.08,211,95.31,39.15,44.55,24092.7,0.81,False,False,23.0,False
2026-04-28,FNO,213,93,120,0,3,0,1,0,21,0,18,2,3,57.75,213,81.22,213,67.45,212,52.13,211,94.84,42.92,44.55,23995.7,-0.4,False,False,19.0,False
2026-04-29,FNO,209,112,97,0,5,0,0,0,14,0,12,0,5,54.55,209,78.95,209,68.75,208,53.14,207,94.26,48.08,43.48,24177.65,0.76,False,False,17.0,False
2026-04-30,FNO,209,33,175,1,1,6,0,1,18,1,5,2,-5,35.41,209,67.46,209,64.42,208,50.24,207,89.0,54.33,43.48,23997.55,-0.74,False,False,11.0,False
2026-05-04,FNO,209,140,69,0,12,3,0,1,28,1,10,2,9,44.02,209,68.42,209,69.71,208,50.72,207,86.12,60.58,43.48,24119.3,0.51,False,False,31.0,False
2026-05-05,FNO,209,110,99,0,2,2,0,1,20,1,5,0,0,49.28,209,66.03,209,67.79,208,53.62,207,78.47,63.94,42.51,24032.8,-0.36,False,False,12.0,False
2026-05-06,FNO,209,172,37,0,22,1,0,1,26,1,13,1,21,69.86,209,77.03,209,76.44,208,57.0,207,72.25,70.67,42.03,24330.95,1.24,False,False,30.0,True
2026-05-07,FNO,209,125,84,0,7,1,0,1,26,1,20,1,6,72.73,209,74.16,209,78.85,208,57.97,207,66.99,73.08,42.03,24326.65,-0.02,False,False,31.0,False
2026-05-08,FNO,209,89,120,0,3,3,1,0,28,1,10,0,0,66.99,209,71.77,209,76.92,208,57.97,207,66.03,75.96,42.51,24176.15,-0.62,False,False,36.0,False
2026-05-11,FNO,209,46,163,0,2,14,1,0,6,1,10,2,-12,46.89,209,55.98,209,69.23,208,55.07,207,63.64,78.37,41.55,23815.85,-1.49,False,True,15.0,False
2026-05-12,FNO,209,14,195,0,2,34,0,0,3,1,2,10,-32,19.14,209,31.1,209,58.17,208,48.79,207,60.77,80.29,41.55,23379.55,-1.83,False,True,-17.0,False
2026-05-13,FNO,209,130,77,2,10,0,0,0,3,1,7,7,10,26.79,209,33.01,209,60.1,208,49.76,207,55.02,81.73,41.55,23412.6,0.14,False,False,-28.0,False
2026-05-14,FNO,209,158,51,0,10,5,0,1,5,1,15,5,5,39.23,209,41.15,209,66.35,208,51.21,207,53.11,83.17,42.51,23689.6,1.18,False,False,-29.0,False
2026-05-15,FNO,209,72,137,0,2,5,0,1,4,1,8,5,-3,33.97,209,37.32,209,61.72,209,49.76,207,50.24,83.25,41.55,23643.5,-0.19,False,False,-32.0,False
2026-05-18,FNO,209,59,150,0,5,8,0,1,2,2,3,6,-3,26.32,209,33.97,209,59.33,209,46.38,207,49.28,80.38,41.55,23649.95,0.03,False,False,-23.0,False
2026-05-19,FNO,209,130,78,1,7,1,0,1,2,2,5,4,6,32.54,209,35.41,209,63.64,209,47.83,207,46.41,78.95,42.03,23618.0,-0.14,False,False,15.0,False
2026-05-20,FNO,209,114,95,0,4,1,0,1,2,2,9,4,3,42.58,209,37.32,209,62.68,209,48.31,207,42.11,77.03,42.03,23659.0,0.17,False,False,8.0,False
2026-05-21,FNO,209,113,94,2,5,3,0,0,1,2,10,3,2,46.41,209,41.63,209,61.72,209,48.31,207,38.28,77.03,42.03,23654.7,-0.02,False,False,5.0,False
2026-05-22,FNO,209,128,79,2,4,3,0,0,1,2,10,2,1,59.33,209,42.58,209,65.55,209,48.79,207,32.06,76.08,42.51,23719.3,0.27,False,False,9.0,False
2026-05-25,FNO,209,170,39,0,9,0,1,0,1,1,13,1,9,77.51,209,58.37,209,76.08,209,50.72,207,31.1,75.6,42.51,24031.7,1.32,False,False,21.0,False
2026-05-26,FNO,209,98,111,0,5,2,1,0,3,1,17,0,3,73.21,209,57.89,209,72.25,209,52.66,207,35.41,73.68,43.48,23913.7,-0.49,False,False,18.0,False
2026-05-27,FNO,211,133,77,1,16,2,1,0,2,1,25,0,14,77.25,211,63.98,211,73.46,211,53.59,209,41.71,73.93,44.5,23907.15,-0.03,False,False,29.0,False
2026-05-29,FNO,211,49,162,0,0,12,0,1,1,2,2,5,-12,55.45,211,49.29,211,65.4,211,51.2,209,44.55,72.99,44.98,23547.75,-1.5,False,False,15.0,False
2026-06-01,FNO,211,38,173,0,2,10,0,1,3,2,2,9,-8,34.6,211,36.02,211,56.4,211,47.85,209,45.02,72.04,45.45,23382.6,-0.7,False,False,6.0,False
2026-06-02,FNO,211,131,80,0,4,2,0,1,3,1,4,6,2,39.34,211,39.34,211,55.92,211,48.33,209,44.08,71.56,46.41,23483.55,0.43,False,False,-1.0,False
2026-06-03,FNO,211,80,131,0,1,9,0,1,1,1,7,6,-8,33.18,211,37.44,211,53.55,211,46.89,209,48.82,70.62,45.93,23405.6,-0.33,False,False,-12.0,False
2026-06-04,FNO,211,118,93,0,4,3,0,2,2,2,9,8,1,33.18,211,39.81,211,53.08,211,48.8,209,51.18,68.72,45.93,23416.55,0.05,False,False,-25.0,False
2026-06-05,FNO,211,101,110,0,1,2,0,1,1,3,9,7,-1,34.12,211,39.81,211,50.24,211,48.33,209,52.61,64.45,45.93,23366.7,-0.21,False,False,-14.0,False
2026-06-08,FNO,211,26,185,0,0,9,0,1,1,4,2,14,-9,15.64,211,27.96,211,42.65,211,45.93,209,53.08,61.14,46.41,23123.0,-1.04,False,False,-15.0,False
2026-06-09,FNO,211,167,44,0,7,0,0,1,1,3,7,5,7,34.6,211,37.44,211,47.87,211,47.85,209,49.76,55.45,46.89,23242.1,0.52,False,False,-10.0,False
2026-06-10,FNO,211,40,171,0,0,6,0,1,0,3,0,9,-6,21.33,211,29.38,211,39.81,211,45.93,209,45.02,53.08,47.85,23214.95,-0.12,False,False,-8.0,False
2026-06-11,FNO,211,42,168,1,0,4,0,0,0,3,2,17,-4,18.01,211,19.91,211,36.97,211,42.58,209,37.44,50.71,48.33,23161.6,-0.23,False,False,-13.0,False
2026-06-12,FNO,211,188,23,0,40,0,0,0,0,3,4,2,40,56.87,211,45.5,211,49.29,211,47.37,209,35.55,49.29,48.33,23622.9,1.99,False,False,28.0,True
2026-06-15,FNO,211,168,43,0,20,1,0,0,1,2,11,0,19,72.04,211,59.24,211,54.98,211,49.76,209,36.97,49.29,48.8,23853.9,0.98,False,False,56.0,False
2026-06-16,FNO,211,131,80,0,3,1,0,0,1,2,8,0,2,77.73,211,65.88,211,56.87,211,51.67,209,34.12,47.87,49.76,23989.15,0.57,False,False,51.0,False
2026-06-17,FNO,211,138,72,1,11,1,0,0,1,1,12,1,10,79.15,211,69.19,211,62.09,211,53.59,209,37.44,47.39,50.72,24085.7,0.4,True,False,67.0,False
2026-06-18,FNO,211,134,77,0,5,0,1,0,1,1,10,0,5,81.99,211,73.93,211,65.4,211,55.5,209,43.6,46.45,51.2,24168.0,0.34,True,False,76.0,False
2026-06-19,FNO,211,92,119,0,2,3,0,0,0,1,11,2,-1,81.52,211,72.04,211,60.66,211,55.5,209,45.5,47.39,52.63,24013.1,-0.64,False,False,35.0,False
2026-06-22,FNO,211,140,71,0,5,0,0,0,0,1,12,1,5,83.41,211,77.73,211,65.4,211,56.94,209,55.45,46.92,52.15,24102.9,0.37,False,False,21.0,False
2026-06-23,FNO,211,35,176,0,0,4,0,0,0,2,3,5,-4,66.82,211,67.77,211,55.92,211,55.02,209,61.14,45.5,52.15,23824.1,-1.16,False,False,15.0,False
2026-06-24,FNO,211,116,95,0,5,3,0,0,0,1,9,2,2,63.03,211,70.14,211,55.92,211,55.98,209,68.72,45.97,52.63,24021.65,0.83,False,False,7.0,False
2026-06-25,FNO,211,77,134,0,3,3,0,0,0,1,5,2,0,47.87,211,63.51,211,54.98,211,55.02,209,76.3,44.08,52.63,24056.0,0.14,False,False,2.0,False
2026-06-29,FNO,211,81,129,1,2,7,0,0,0,1,8,7,-5,34.12,211,52.61,211,49.29,211,53.11,209,77.73,45.02,52.63,23946.25,-0.46,False,False,-2.0,False
2026-06-30,FNO,211,118,93,0,4,3,0,0,0,0,9,8,1,37.44,211,53.55,211,51.18,211,54.07,209,77.73,45.97,52.15,23865.75,-0.34,False,False,-6.0,False
2026-07-01,FNO,210,127,83,0,8,3,0,1,0,1,12,7,5,48.1,210,61.43,210,58.1,210,55.77,208,77.62,48.57,52.4,24005.85,0.59,False,False,3.0,False
2026-07-02,FNO,210,142,67,1,12,1,0,1,0,1,15,0,11,54.76,210,65.24,210,58.57,210,58.65,208,76.19,50.95,51.92,24175.7,0.71,True,False,12.0,False
2026-07-03,FNO,210,111,99,0,4,7,0,1,0,1,18,0,-3,59.52,210,61.9,210,56.19,210,58.65,208,71.9,51.43,50.96,24270.85,0.39,True,False,9.0,False
2026-07-06,FNO,210,121,88,1,4,1,0,1,2,1,19,1,3,65.24,210,64.76,210,55.24,210,58.17,208,69.52,52.38,51.44,24430.35,0.66,True,False,17.0,False
2026-07-07,FNO,210,82,127,1,2,4,0,0,0,1,14,0,-2,60.0,210,60.95,210,57.14,210,57.69,208,62.38,53.81,51.44,24398.7,-0.13,False,False,14.0,False
2026-07-08,FNO,210,23,187,0,1,23,0,0,1,1,4,2,-22,29.05,210,40.0,210,44.29,210,49.04,208,54.29,54.29,50.96,23882.05,-2.12,False,False,-13.0,False
2026-07-09,FNO,210,163,47,0,9,1,0,0,1,1,10,2,8,41.43,210,44.76,210,49.52,210,52.88,208,50.95,54.76,50.48,23962.8,0.34,False,False,-16.0,False
2026-07-10,FNO,210,176,34,0,14,0,1,0,8,0,11,0,14,66.67,210,60.0,210,59.52,210,58.17,208,48.1,58.1,50.96,24206.9,1.02,False,False,1.0,False
2026-07-13,FNO,210,81,128,1,4,0,1,0,10,0,9,2,4,56.67,210,56.67,210,60.95,210,57.69,208,48.1,60.0,50.96,24211.0,0.02,False,False,2.0,False
2026-07-14,FNO,210,65,145,0,3,2,1,0,3,1,8,4,1,44.76,210,50.0,210,53.81,210,55.29,208,50.95,60.48,50.48,24052.05,-0.66,False,False,5.0,False
2026-07-15,FNO,210,114,96,0,7,2,1,0,2,1,4,3,5,51.9,210,55.24,210,57.14,210,56.25,208,52.86,60.48,50.96,24078.5,0.11,False,False,32.0,False
2026-07-16,FNO,210,81,129,0,6,2,1,0,2,1,9,3,4,44.76,210,48.1,210,57.62,210,54.33,208,55.24,60.48,51.44,24072.75,-0.02,False,False,28.0,False
2026-07-17,FNO,210,102,106,2,4,4,1,0,2,1,8,4,0,45.71,210,51.43,210,59.05,210,54.33,208,53.33,60.0,51.44,24334.3,1.09,False,False,14.0,False
2026-07-20,FNO,210,146,63,1,5,2,0,0,2,0,12,0,3,60.0,210,58.57,210,60.0,210,55.29,208,53.33,60.0,50.96,24238.5,-0.39,False,False,13.0,False
2026-07-21,FNO,210,120,89,1,2,0,0,0,2,1,16,1,2,60.48,210,59.52,210,60.0,210,56.25,208,52.86,59.05,51.44,24187.7,-0.21,False,False,14.0,False
2026-07-22,FNO,210,41,168,1,1,6,0,0,2,1,8,3,-5,39.05,210,46.19,210,53.81,210,55.29,208,53.81,58.1,51.92,23996.25,-0.79,False,False,4.0,False
2026-07-23,FNO,210,57,153,0,0,5,0,1,2,1,4,3,-5,31.9,210,38.1,210,49.05,210,51.92,208,54.76,57.62,51.92,23869.6,-0.53,False,False,-5.0,False
2026-07-24,FNO,210,98,112,0,3,1,0,1,1,0,3,0,2,28.57,210,35.24,210,47.62,210,50.96,208,52.86,58.1,53.37,23767.45,-0.43,False,True,-3.0,False
2026-07-27,FNO,210,167,42,1,10,1,0,0,2,0,8,0,9,49.52,210,50.48,210,55.71,210,54.81,208,49.05,59.52,53.85,23995.95,0.96,False,False,3.0,False
2026-07-28,FNO,210,102,108,0,7,8,0,0,4,0,12,2,-1,50.0,210,47.14,210,55.71,210,55.29,208,47.62,58.57,53.85,23985.35,-0.04,False,False,0.0,False
2026-07-29,FNO,208,148,60,0,11,1,0,0,6,0,11,0,10,62.02,208,59.13,208,58.65,208,55.34,206,47.6,58.17,53.4,24250.2,1.1,False,False,15.0,False
2026-07-30,FNO,208,75,131,2,1,4,1,0,7,0,12,2,-3,54.81,208,55.29,208,57.21,208,54.85,206,47.6,57.69,52.91,24317.15,0.28,False,False,17.0,False
2026-07-31,FNO,208,133,75,0,11,1,0,0,1,0,11,0,10,63.94,208,58.65,208,58.65,208,57.77,206,49.52,57.69,53.4,24383.6,0.27,False,False,25.0,False
2026-08-03,FNO,208,162,46,0,15,2,0,0,2,0,17,0,13,80.77,208,70.19,208,65.38,208,60.68,206,51.44,56.73,53.88,24774.3,1.6,False,False,29.0,False
2026-08-04,FNO,208,66,135,7,4,4,1,0,1,0,7,3,0,75.96,208,65.38,208,62.98,208,60.19,206,52.88,57.21,53.88,24614.9,-0.64,False,False,30.0,False
2026-08-05,FNO,208,116,89,3,3,0,0,0,1,0,12,0,3,73.56,208,68.27,208,64.42,208,60.19,206,57.21,57.69,55.83,24624.65,0.04,False,False,23.0,False
2026-08-06,FNO,208,65,138,5,5,1,0,0,1,0,11,1,4,64.42,208,61.54,208,64.9,208,59.71,206,59.62,58.17,55.83,24636.0,0.05,False,False,30.0,False
2026-08-07,FNO,208,104,100,4,2,2,0,0,1,0,8,3,0,54.33,208,61.06,208,63.94,208,58.74,206,63.94,59.62,56.8,24570.65,-0.27,False,False,20.0,False
2026-08-10,FNO,208,108,96,4,5,6,0,0,1,0,12,3,-1,55.29,208,61.06,208,62.02,208,58.25,206,63.94,60.1,57.28,24583.8,0.05,False,False,6.0,False
2026-08-11,FNO,208,71,135,2,4,0,0,0,0,0,12,3,4,45.19,208,56.73,208,60.1,208,57.28,206,63.94,60.58,57.28,24471.7,-0.46,False,False,10.0,False
2026-08-12,FNO,208,103,99,6,5,2,0,0,0,0,11,4,3,42.79,208,58.65,208,58.65,208,59.22,206,63.94,60.58,56.31,24435.95,-0.15,False,False,10.0,False
2026-08-13,FNO,208,100,103,5,3,2,0,0,0,0,8,2,1,45.67,208,59.13,208,57.69,208,58.25,206,63.94,59.62,56.31,24395.85,-0.16,False,False,7.0,False
2026-08-14,FNO,208,58,148,2,1,3,0,0,0,0,2,3,-2,37.98,208,55.29,208,58.17,208,58.74,206,64.9,59.13,57.28,24366.0,-0.12,False,False,5.0,False
2024-04-01,MIDCAP150,129,106,23,0,27,0,0,0,0,0,0,0,27,,0,,0,,0,,0,,,,22462.0,,False,False,,True
2024-04-02,MIDCAP150,129,92,37,0,13,0,0,0,0,0,0,0,13,,0,,0,,0,,0,,,,22453.3,-0.04,False,False,,True
2024-04-03,MIDCAP150,129,71,58,0,8,0,0,0,0,0,0,0,8,,0,,0,,0,,0,,,,22434.65,-0.08,False,False,,False
2024-04-04,MIDCAP150,129,61,67,1,2,1,0,0,0,0,0,0,1,,0,,0,,0,,0,,,,22514.65,0.36,False,False,,False
2024-04-05,MIDCAP150,129,91,38,0,3,0,0,0,0,0,0,0,3,,0,,0,,0,,0,,,,22513.7,-0.0,False,False,52.0,False
2024-04-08,MIDCAP150,129,71,58,0,13,0,3,0,0,0,0,0,13,,0,,0,,0,,0,,,,22666.3,0.68,False,False,38.0,True
2024-04-09,MIDCAP150,129,48,81,0,2,1,1,0,0,0,0,0,1,,0,,0,,0,,0,,,,22642.75,-0.1,False,False,26.0,False
2024-04-10,MIDCAP150,129,67,62,0,11,0,1,0,0,0,0,0,11,,0,,0,,0,,0,,,,22753.8,0.49,False,False,29.0,False
2024-04-12,MIDCAP150,130,42,86,2,2,3,1,0,0,0,0,0,-1,,0,,0,,0,,0,,,,22519.4,-1.03,False,False,27.0,False
2024-04-15,MIDCAP150,130,28,102,0,0,4,1,0,0,0,0,0,-4,37.21,129,,0,,0,,0,,,,22272.5,-1.1,False,False,20.0,False
2024-04-16,MIDCAP150,130,75,54,1,7,0,1,0,0,0,0,0,7,37.21,129,,0,,0,,0,,,,22147.9,-0.56,False,False,14.0,False
2024-04-18,MIDCAP150,130,47,83,0,6,1,0,0,0,0,0,0,5,31.78,129,,0,,0,,0,,,,21995.85,-0.69,False,False,18.0,False
2024-04-19,MIDCAP150,130,56,74,0,1,2,0,0,0,0,0,0,-1,27.91,129,,0,,0,,0,,,,22147.0,0.69,False,False,6.0,False
2024-04-22,MIDCAP150,131,92,38,1,9,2,0,0,0,0,0,0,7,46.51,129,,0,,0,,0,,,,22336.4,0.86,False,False,14.0,False
2024-04-23,MIDCAP150,133,92,41,0,10,1,0,0,0,0,0,0,9,56.59,129,,0,,0,,0,,,,22368.0,0.14,False,False,27.0,False
2024-04-24,MIDCAP150,133,88,45,0,9,3,0,0,0,0,0,0,6,64.34,129,,0,,0,,0,,,,22402.4,0.15,False,False,26.0,False
2024-04-25,MIDCAP150,132,85,46,1,11,1,1,0,0,0,0,0,10,72.87,129,,0,,0,,0,,,,22570.35,0.75,False,False,31.0,False
2024-04-26,MIDCAP150,132,84,47,1,13,2,1,0,0,0,0,0,11,78.46,130,,0,,0,,0,,,,22419.95,-0.67,False,False,43.0,False
2024-04-29,MIDCAP150,132,59,73,0,9,1,1,0,0,0,0,0,8,76.15,130,,0,,0,,0,,,,22643.4,1.0,False,False,44.0,False
2024-04-30,MIDCAP150,132,72,60,0,8,1,1,0,0,0,0,0,7,77.69,130,78.29,129,,0,,0,58.91,,,22604.85,-0.17,False,False,42.0,False
2024-05-02,MIDCAP150,132,81,49,2,3,3,0,0,0,0,0,0,0,77.69,130,77.52,129,,0,,0,64.34,,,22648.2,0.19,False,False,36.0,False
2024-05-03,MIDCAP150,132,44,87,1,4,1,0,0,10,0,0,0,3,63.85,130,68.99,129,,0,,0,70.54,,,22475.85,-0.76,False,False,29.0,False
2024-05-06,MIDCAP150,132,39,93,0,6,6,1,0,5,0,0,0,0,47.69,130,58.91,129,,0,,0,72.87,,,22442.7,-0.15,False,False,18.0,False
2024-05-07,MIDCAP150,132,21,111,0,2,15,0,0,4,0,0,0,-13,25.76,132,37.21,129,,0,,0,75.97,,,22302.5,-0.62,False,False,-3.0,False
2024-05-08,MIDCAP150,132,80,52,0,4,4,0,0,4,0,0,0,0,31.82,132,45.74,129,,0,,0,74.42,,,22302.5,0.0,False,False,-10.0,False
2024-05-09,MIDCAP150,132,13,119,0,2,15,0,0,2,1,0,0,-13,17.42,132,30.23,129,,0,,0,70.54,,,21957.5,-1.55,False,True,-23.0,False
2024-05-10,MIDCAP150,132,93,38,1,7,0,0,0,0,0,0,0,7,26.52,132,37.98,129,,0,,0,63.57,,,22055.2,0.44,False,False,-19.0,False
2024-05-13,MIDCAP150,132,77,55,0,8,1,0,0,1,0,0,0,7,32.58,132,42.31,130,,0,,0,60.77,,,22104.05,0.22,False,False,-12.0,False
2024-05-14,MIDCAP150,132,89,41,2,22,2,0,0,2,0,0,0,20,53.03,132,52.31,130,,0,,0,56.15,,,22217.85,0.51,False,False,21.0,True
2024-05-15,MIDCAP150,132,71,61,0,7,2,1,0,5,0,0,0,5,61.36,132,59.23,130,,0,,0,49.23,,,22200.55,-0.08,False,False,26.0,False
2024-05-16,MIDCAP150,132,90,42,0,10,1,2,0,8,0,0,0,9,74.24,132,66.15,130,,0,,0,43.85,,,22403.85,0.92,False,False,48.0,False
2024-05-17,MIDCAP150,132,96,36,0,16,1,3,0,9,0,0,0,15,83.33,132,74.62,130,,0,,0,45.38,,,22466.1,0.28,False,False,56.0,True
2024-05-21,MIDCAP150,132,62,69,1,13,9,6,0,12,0,0,0,4,76.52,132,69.23,130,,0,,0,47.69,,,22529.05,0.28,False,False,53.0,False
2024-05-22,MIDCAP150,132,61,71,0,4,4,2,0,9,0,0,0,0,77.27,132,71.21,132,,0,,0,50.0,,,22597.8,0.31,False,False,33.0,False
2024-05-23,MIDCAP150,132,83,49,0,8,1,4,0,9,0,0,0,7,78.79,132,72.73,132,,0,,0,53.79,,,22967.65,1.64,True,False,35.0,False
2024-05-24,MIDCAP150,132,53,79,0,3,2,2,1,7,0,0,0,1,74.24,132,64.39,132,,0,,0,59.09,,,22957.1,-0.05,False,False,27.0,False
2024-05-27,MIDCAP150,132,64,68,0,7,1,2,1,9,1,0,0,6,67.42,132,65.91,132,,0,,0,68.18,,,22932.45,-0.11,False,False,18.0,False
2024-05-28,MIDCAP150,132,38,94,0,2,5,0,1,5,1,0,0,-3,52.27,132,63.64,132,,0,,0,71.97,,,22888.15,-0.19,False,False,11.0,False
2024-05-29,MIDCAP150,132,52,79,1,5,1,1,1,4,1,0,0,4,45.45,132,58.33,132,,0,,0,71.21,,,22704.7,-0.8,False,False,15.0,False
2024-05-30,MIDCAP150,132,24,108,0,3,6,0,1,2,1,0,0,-3,31.06,132,48.48,132,,0,,0,72.73,,,22488.65,-0.95,False,False,5.0,False
2024-05-31,MIDCAP150,132,70,61,1,13,5,0,0,2,0,0,0,8,34.85,132,52.27,132,,0,,0,70.45,,,22530.7,0.19,False,False,12.0,False
2024-06-03,MIDCAP150,133,115,18,0,40,1,0,0,4,0,0,0,39,68.18,132,68.94,132,,0,,0,71.97,,,23263.9,3.25,True,False,45.0,True
2024-06-04,MIDCAP150,133,14,119,0,2,87,0,0,1,1,0,0,-85,13.64,132,24.24,132,,0,,0,66.67,,,21884.5,-5.93,False,True,-37.0,False
2024-06-05,MIDCAP150,133,116,17,0,65,4,0,0,0,1,0,0,61,42.42,132,43.94,132,,0,,0,59.85,,,22620.35,3.36,False,False,20.0,True
2024-06-06,MIDCAP150,133,106,26,1,29,0,0,0,6,1,0,0,29,62.12,132,64.39,132,,0,,0,56.82,,,22821.4,0.89,False,False,52.0,True
2024-06-07,MIDCAP150,133,114,19,0,13,0,1,0,5,1,0,0,13,78.79,132,74.24,132,,0,,0,53.79,,,23290.15,2.05,True,False,57.0,False
2024-06-10,MIDCAP150,134,80,54,0,7,2,0,1,8,2,0,0,5,82.58,132,76.52,132,,0,,0,53.03,,,23259.2,-0.13,False,False,23.0,False
2024-06-11,MIDCAP150,134,82,52,0,9,0,5,1,9,2,0,0,9,84.85,132,77.27,132,,0,,0,50.0,,,23264.85,0.02,False,False,117.0,False
2024-06-12,MIDCAP150,134,98,35,1,5,0,1,1,8,2,0,0,5,93.94,132,82.58,132,,0,,0,50.76,,,23322.95,0.25,True,False,61.0,False
2024-06-13,MIDCAP150,134,89,45,0,7,0,1,1,8,2,0,0,7,89.39,132,78.79,132,78.29,129,,0,58.33,65.12,,23398.9,0.33,True,False,39.0,False
2024-06-14,MIDCAP150,134,85,49,0,14,0,0,1,8,1,0,0,14,90.98,133,83.33,132,81.4,129,,0,63.64,66.67,,23465.6,0.29,True,False,40.0,True
2024-06-18,MIDCAP150,134,75,59,0,6,1,1,0,8,2,0,0,5,87.97,133,84.09,132,83.72,129,,0,62.88,68.99,,23557.9,0.39,True,False,40.0,False
2024-06-19,MIDCAP150,134,34,100,0,1,4,0,0,7,2,0,0,-3,74.44,133,80.3,132,79.84,129,,0,76.52,68.22,,23516.0,-0.18,False,False,28.0,False
2024-06-20,MIDCAP150,134,88,45,1,9,0,0,0,8,2,0,0,9,75.19,133,81.82,132,83.72,129,,0,84.09,69.77,,23567.0,0.22,True,False,32.0,False
2024-06-21,MIDCAP150,134,58,76,0,6,7,0,1,7,3,0,0,-1,68.42,133,79.55,132,81.4,129,,0,86.36,70.54,,23501.1,-0.28,False,False,24.0,False
2024-06-24,MIDCAP150,134,69,65,0,5,1,0,1,4,3,0,0,4,64.18,134,78.79,132,80.62,129,,0,87.88,72.09,,23537.85,0.16,False,False,14.0,False
2024-06-25,MIDCAP150,134,53,81,0,3,2,0,1,3,2,0,0,1,55.97,134,76.52,132,79.84,129,,0,87.12,72.09,,23721.3,0.78,True,False,10.0,False
2024-06-26,MIDCAP150,134,59,74,1,6,0,0,1,3,2,0,0,6,52.99,134,75.0,132,73.85,130,,0,87.12,70.0,,23868.8,0.62,True,False,19.0,False
2024-06-27,MIDCAP150,134,63,71,0,2,1,0,1,5,2,0,0,1,48.51,134,71.21,132,75.38,130,,0,85.61,73.85,,24044.5,0.74,True,False,11.0,False
2024-06-28,MIDCAP150,134,77,57,0,8,2,0,0,6,2,0,0,6,52.99,134,73.48,132,76.92,130,,0,83.33,76.15,,24010.6,-0.14,False,False,18.0,False
2024-07-01,MIDCAP150,134,87,47,0,8,0,0,0,9,2,0,0,8,64.18,134,73.68,133,81.54,130,,0,79.7,76.92,,24141.95,0.55,True,False,22.0,False
2024-07-02,MIDCAP150,134,48,86,0,3,2,0,1,7,2,0,0,1,52.24,134,64.66,133,76.92,130,,0,78.95,76.15,,24123.85,-0.07,False,False,22.0,False
2024-07-03,MIDCAP150,134,92,42,0,6,0,0,1,6,3,0,0,6,61.94,134,69.17,133,80.0,130,,0,72.18,78.46,,24286.5,0.67,True,False,22.0,False
2024-07-04,MIDCAP150,134,71,62,1,7,0,0,1,23,2,0,0,7,61.94,134,69.17,133,83.33,132,,0,69.92,79.55,,24302.15,0.06,True,False,28.0,False
2024-07-05,MIDCAP150,134,85,49,0,10,0,2,1,17,2,0,0,10,68.66,134,70.68,133,81.82,132,,0,68.42,82.58,,24323.85,0.09,True,False,32.0,False
2024-07-08,MIDCAP150,134,51,83,0,4,2,3,1,9,2,0,0,2,62.69,134,67.16,134,78.79,132,,0,62.69,82.58,,24320.55,-0.01,False,False,26.0,False
2024-07-09,MIDCAP150,134,72,62,0,3,2,2,0,6,2,0,0,1,67.16,134,67.91,134,78.03,132,,0,61.19,83.33,,24433.2,0.46,True,False,26.0,False
2024-07-10,MIDCAP150,134,54,80,0,2,6,1,0,4,1,0,0,-4,54.48,134,62.69,134,78.03,132,,0,61.94,85.61,,24324.45,-0.45,False,False,16.0,False
2024-07-11,MIDCAP150,134,56,78,0,8,1,2,0,4,1,0,0,7,52.99,134,60.45,134,79.55,132,,0,61.94,84.09,,24315.95,-0.03,False,False,16.0,False
2024-07-12,MIDCAP150,134,53,81,0,6,0,3,0,5,1,0,0,6,54.48,134,56.72,134,78.03,132,,0,63.43,84.09,,24502.15,0.77,True,False,12.0,False
2024-07-15,MIDCAP150,134,86,48,0,7,1,1,0,7,1,0,0,6,63.43,134,63.43,134,81.82,132,,0,65.67,83.33,,24586.7,0.35,True,False,16.0,False
2024-07-16,MIDCAP150,134,61,73,0,3,2,1,0,7,1,0,0,1,58.96,134,61.94,134,80.3,132,,0,63.43,84.09,,24613.0,0.11,True,False,16.0,False
2024-07-18,MIDCAP150,134,39,95,0,0,9,0,0,3,1,0,0,-9,50.75,134,52.24,134,77.27,132,,0,64.93,84.09,,24800.85,0.76,True,False,11.0,False
2024-07-19,MIDCAP150,134,20,114,0,2,23,0,0,2,1,0,0,-21,22.39,134,37.31,134,63.64,132,,0,61.94,82.58,,24530.9,-1.09,False,False,-17.0,False
2024-07-22,MIDCAP150,134,95,39,0,4,1,0,0,3,1,0,0,3,34.33,134,41.79,134,71.97,132,,0,57.46,81.82,,24509.25,-0.09,False,False,-20.0,False
2024-07-23,MIDCAP150,134,59,75,0,3,4,0,0,3,0,0,0,-1,30.6,134,41.79,134,66.67,132,,0,51.49,81.06,,24479.05,-0.12,False,False,-27.0,False
2024-07-24,MIDCAP150,134,84,50,0,13,1,0,0,4,0,0,0,12,45.52,134,45.52,134,65.91,132,,0,51.49,81.06,,24413.5,-0.27,False,False,-16.0,False
2024-07-25,MIDCAP150,134,54,80,0,5,2,0,0,3,0,0,0,3,45.52,134,47.76,134,64.39,132,,0,51.49,80.3,,24406.1,-0.03,False,False,-4.0,False
2024-07-26,MIDCAP150,134,110,24,0,10,2,0,0,3,0,0,0,8,66.42,134,57.46,134,71.21,132,,0,48.51,79.55,,24834.85,1.76,True,False,25.0,False
2024-07-29,MIDCAP150,134,81,52,1,10,0,0,0,2,0,0,0,10,75.37,134,64.93,134,74.24,132,,0,50.0,78.03,,24836.1,0.01,True,False,32.0,False
2024-07-30,MIDCAP150,134,83,51,0,6,0,0,0,3,0,0,0,6,80.6,134,70.9,134,75.0,132,,0,48.51,76.52,,24857.3,0.09,True,False,39.0,False
2024-07-31,MIDCAP150,134,69,65,0,4,0,1,0,4,0,0,0,4,81.34,134,68.66,134,78.03,132,,0,47.01,77.27,,24951.15,0.38,True,False,31.0,False
2024-08-01,MIDCAP150,134,37,97,0,3,3,0,0,3,0,0,0,0,72.39,134,63.43,134,73.48,132,,0,49.25,75.76,,25010.9,0.24,True,False,28.0,False
2024-08-02,MIDCAP150,134,30,104,0,6,4,0,0,4,0,0,0,2,51.49,134,50.0,134,65.15,132,,0,53.73,75.76,,24717.7,-1.17,False,False,22.0,False
2024-08-05,MIDCAP150,134,5,129,0,0,59,0,0,3,0,0,0,-59,14.93,134,28.36,134,42.42,132,,0,53.73,71.97,,24055.6,-2.68,False,False,-47.0,False
2024-08-06,MIDCAP150,134,37,97,0,2,6,0,0,0,0,0,0,-4,11.19,134,22.39,134,40.15,132,,0,52.99,69.7,,23992.55,-0.26,False,False,-57.0,False
2024-08-07,MIDCAP150,134,121,13,0,19,0,0,0,2,0,0,0,19,24.63,134,34.33,134,56.06,132,,0,49.25,67.42,,24297.5,1.27,False,False,-42.0,True
2024-08-08,MIDCAP150,134,49,85,0,5,1,0,0,2,0,0,0,4,26.12,134,31.34,134,47.73,132,,0,51.49,64.39,,24117.0,-0.74,False,False,-38.0,False
2024-08-09,MIDCAP150,134,88,46,0,6,1,1,0,3,0,0,0,5,35.07,134,39.55,134,50.76,132,,0,47.76,64.39,,24367.5,1.04,False,False,-35.0,False
2024-08-12,MIDCAP150,134,68,66,0,5,7,1,0,3,0,0,0,-2,39.55,134,44.03,134,52.27,132,,0,44.03,62.88,,24347.0,-0.08,False,False,22.0,False
2024-08-13,MIDCAP150,134,37,97,0,1,4,3,0,3,0,0,0,-3,34.33,134,36.57,134,45.11,133,,0,39.55,57.14,,24139.0,-0.85,False,False,23.0,False
2024-08-14,MIDCAP150,134,45,89,0,3,4,1,0,3,0,0,0,-1,33.58,134,34.33,134,44.36,133,,0,35.82,54.89,,24143.75,0.02,False,False,3.0,False
2024-08-16,MIDCAP150,134,118,16,0,18,0,0,0,3,0,0,0,18,57.46,134,47.76,134,48.12,133,,0,33.58,51.88,,24541.15,1.65,False,False,17.0,True
2024-08-19,MIDCAP150,134,89,44,1,6,1,0,0,4,0,0,0,5,67.91,134,49.25,134,51.13,133,,0,33.58,51.88,,24572.65,0.13,False,False,17.0,False
2024-08-20,MIDCAP150,134,90,44,0,6,0,1,0,5,0,0,0,6,78.36,134,55.22,134,56.39,133,,0,34.33,51.13,,24698.85,0.51,False,False,25.0,False
2024-08-21,MIDCAP150,134,86,47,1,7,1,1,0,7,0,0,0,6,77.61,134,61.19,134,57.46,134,,0,38.06,52.99,,24770.2,0.29,False,False,34.0,False
2024-08-22,MIDCAP150,134,87,47,0,5,1,1,0,5,0,0,0,4,87.31,134,70.15,134,60.45,134,,0,42.54,52.99,,24811.5,0.17,False,False,39.0,False
2024-08-23,MIDCAP150,134,46,87,1,4,1,1,0,5,0,0,0,3,81.34,134,67.91,134,58.96,134,,0,44.03,52.99,,24823.15,0.05,False,False,24.0,False
2024-08-26,MIDCAP150,134,78,56,0,8,1,2,0,3,0,0,0,7,75.37,134,70.15,134,58.96,134,,0,48.51,54.48,,25010.6,0.76,False,False,26.0,False
2024-08-27,MIDCAP150,134,81,53,0,5,0,1,0,6,0,18,0,5,78.36,134,74.63,134,65.67,134,,0,54.48,53.73,,25017.75,0.03,True,False,25.0,False
2024-08-28,MIDCAP150,134,59,75,0,1,1,0,0,4,0,15,0,0,71.64,134,69.4,134,65.67,134,,0,64.93,53.73,,25052.35,0.14,True,False,19.0,False
2024-08-29,MIDCAP150,134,47,87,0,1,0,0,0,3,1,14,1,1,57.46,134,68.66,134,61.19,134,,0,71.64,52.99,,25151.95,0.4,True,False,16.0,False
2024-08-30,MIDCAP150,134,90,44,0,11,3,1,0,4,1,25,1,8,58.21,134,70.9,134,66.42,134,,0,77.61,54.48,,25235.9,0.33,False,False,21.0,False
2024-09-02,MIDCAP150,134,57,77,0,3,3,0,0,2,1,15,0,0,56.72,134,69.4,134,61.94,134,,0,83.58,54.48,,25278.7,0.17,True,False,14.0,False
2024-09-03,MIDCAP150,135,77,57,1,2,0,0,0,3,1,17,0,2,56.72,134,67.91,134,62.69,134,,0,81.34,55.22,,25279.85,0.0,True,False,11.0,False
2024-09-04,MIDCAP150,135,66,69,0,3,3,1,0,4,0,14,1,0,54.48,134,67.91,134,61.19,134,,0,76.87,56.72,,25198.7,-0.32,False,False,11.0,False
2024-09-05,MIDCAP150,135,70,65,0,3,2,0,0,7,0,15,0,1,55.22,134,64.93,134,62.69,134,,0,75.37,55.22,,25145.1,-0.21,False,False,11.0,False
2024-09-06,MIDCAP150,135,35,100,0,4,7,0,0,5,0,11,3,-3,39.55,134,54.48,134,55.22,134,,0,70.9,58.21,,24852.15,-1.17,False,False,0.0,False
2024-09-09,MIDCAP150,135,55,80,0,3,3,1,0,5,0,12,5,0,38.81,134,47.01,134,55.97,134,,0,70.9,58.96,,24936.4,0.34,False,False,0.0,False
2024-09-10,MIDCAP150,135,97,38,0,7,0,2,0,4,0,17,2,7,50.0,134,56.72,134,57.46,134,,0,67.16,60.45,,25041.1,0.42,False,False,5.0,False
2024-09-11,MIDCAP150,135,44,91,0,3,2,2,0,4,0,14,6,1,44.78,134,55.22,134,58.21,134,,0,64.18,61.94,,24918.45,-0.49,False,False,6.0,False
2024-09-12,MIDCAP150,135,105,30,0,9,0,1,0,6,0,25,2,9,57.46,134,61.94,134,62.69,134,,0,61.19,61.19,,25388.9,1.89,True,False,14.0,False
2024-09-13,MIDCAP150,135,86,48,1,6,0,0,0,6,0,24,1,6,67.91,134,67.91,134,67.91,134,,0,53.73,63.43,,25356.5,-0.13,False,False,23.0,False
2024-09-16,MIDCAP150,136,56,79,1,8,2,2,0,6,0,18,1,6,68.15,135,59.7,134,65.67,134,,0,53.73,63.43,,25383.75,0.11,False,False,29.0,False
2024-09-17,MIDCAP150,136,46,90,0,3,2,0,0,5,0,16,2,1,55.56,135,57.46,134,64.18,134,,0,53.73,64.18,,25418.55,0.14,True,False,23.0,False
2024-09-18,MIDCAP150,136,32,104,0,2,3,1,0,6,0,8,5,-1,44.44,135,50.0,134,61.19,134,,0,53.73,62.69,,25377.55,-0.16,False,False,21.0,False
2024-09-19,MIDCAP150,136,55,81,0,1,7,1,1,5,1,9,7,-6,43.7,135,47.01,134,58.21,134,,0,51.49,62.69,,25415.8,0.15,False,False,6.0,False
2024-09-20,MIDCAP150,136,96,40,0,13,1,1,2,5,2,21,2,12,51.85,135,51.49,134,60.45,134,,0,52.99,61.94,,25790.95,1.48,True,False,12.0,False
2024-09-23,MIDCAP150,136,87,49,0,11,0,0,1,6,2,17,2,11,57.04,135,58.96,134,63.43,134,,0,54.48,63.43,,25939.05,0.57,True,False,17.0,False
2024-09-24,MIDCAP150,136,72,64,0,4,2,0,1,6,2,13,0,2,60.74,135,62.69,134,65.67,134,,0,53.73,64.18,,25940.4,0.01,True,False,18.0,False
2024-09-25,MIDCAP150,135,43,92,0,2,3,0,1,3,2,6,3,-1,50.75,134,54.14,133,64.66,133,,0,57.14,65.41,,26004.15,0.25,True,False,18.0,False
2024-09-26,MIDCAP150,135,74,61,0,4,1,0,1,3,2,14,0,3,50.75,134,53.38,133,67.67,133,,0,55.64,65.41,,26216.05,0.81,True,False,27.0,False
2024-09-27,MIDCAP150,135,71,63,1,7,2,0,0,3,2,8,1,5,50.37,135,59.4,133,66.17,133,,0,57.89,67.67,,26178.95,-0.14,False,False,20.0,False
2024-09-30,MIDCAP150,135,63,72,0,4,2,0,0,2,2,9,2,2,51.85,135,56.72,134,65.41,133,,0,54.48,68.42,,25810.85,-1.41,False,False,11.0,False
2024-10-01,MIDCAP150,135,72,63,0,6,1,0,0,5,2,13,3,5,54.81,135,57.46,134,65.41,133,,0,56.72,66.92,,25796.9,-0.05,False,False,14.0,False
2024-10-03,MIDCAP150,135,14,121,0,1,15,0,0,5,3,4,6,-14,23.7,135,35.07,134,54.89,133,,0,58.21,66.17,,25250.1,-2.12,False,False,1.0,False
2024-10-04,MIDCAP150,135,37,97,1,3,5,0,0,3,2,3,8,-2,20.74,135,26.12,134,48.12,133,,0,55.22,65.41,,25014.6,-0.93,False,False,-4.0,False
2024-10-07,MIDCAP150,135,15,120,0,0,34,0,0,1,2,2,10,-34,8.89,135,16.42,134,35.34,133,,0,45.52,63.91,,24795.75,-0.87,False,False,-43.0,False
2024-10-08,MIDCAP150,135,112,23,0,14,1,0,0,1,2,8,1,13,21.48,135,23.13,134,40.6,133,,0,42.54,62.41,,25013.15,0.88,False,False,-32.0,True
2024-10-09,MIDCAP150,135,94,41,0,20,1,0,0,4,2,10,2,19,40.74,135,37.31,134,46.62,133,,0,38.81,63.16,,24981.95,-0.12,False,False,-18.0,True
2024-10-10,MIDCAP150,135,51,84,0,5,1,0,0,3,2,9,2,4,38.52,135,35.07,134,45.11,133,,0,34.33,61.65,,24998.45,0.07,False,False,0.0,False
2024-10-11,MIDCAP150,135,79,56,0,8,0,0,0,4,2,10,1,8,45.19,135,41.79,134,47.37,133,,0,31.34,62.41,,24964.25,-0.14,False,False,10.0,False
2024-10-14,MIDCAP150,135,77,58,0,4,2,1,0,4,2,14,5,2,44.44,135,41.48,135,50.38,133,,0,31.11,62.41,,25127.95,0.66,False,False,46.0,False
2024-10-15,MIDCAP150,135,79,56,0,4,2,1,0,3,2,13,1,2,53.33,135,45.19,135,51.13,133,,0,31.85,62.41,,25057.35,-0.28,False,False,35.0,False
2024-10-16,MIDCAP150,135,56,79,0,3,4,1,0,3,2,5,0,-1,54.81,135,45.19,135,48.87,133,,0,27.41,60.15,,24971.3,-0.34,False,False,15.0,False
2024-10-17,MIDCAP150,135,13,122,0,1,9,1,0,1,2,1,8,-8,36.3,135,34.07,135,39.85,133,,0,28.15,58.65,,24749.85,-0.89,False,True,3.0,False
2024-10-18,MIDCAP150,135,78,57,0,4,0,1,0,2,2,4,4,4,44.44,135,35.56,135,40.6,133,,0,33.33,57.14,,24854.05,0.42,False,False,-1.0,False
2024-10-21,MIDCAP150,135,24,111,0,1,7,0,0,2,1,4,10,-6,25.93,135,25.19,135,36.09,133,,0,36.3,54.89,,24781.1,-0.29,False,False,-9.0,False
2024-10-22,MIDCAP150,135,4,131,0,0,33,0,0,0,0,0,22,-33,8.15,135,13.33,135,25.56,133,,0,35.56,50.38,,24472.1,-1.25,False,False,-44.0,False
2024-10-23,MIDCAP150,135,72,63,0,8,3,0,0,0,0,5,12,5,13.33,135,17.04,135,27.07,133,,0,34.07,45.86,,24435.5,-0.15,False,True,-38.0,False
2024-10-24,MIDCAP150,135,62,72,1,2,8,0,1,0,0,6,8,-6,18.52,135,21.48,135,21.8,133,,0,32.59,42.11,,24399.4,-0.15,False,False,-36.0,False
2024-10-25,MIDCAP150,135,20,115,0,2,20,0,2,0,3,2,19,-18,6.67,135,13.33,135,18.05,133,,0,29.63,36.09,,24180.8,-0.9,False,False,-58.0,False
2024-10-28,MIDCAP150,136,85,51,0,12,3,0,0,0,1,2,4,9,17.78,135,17.78,135,19.55,133,,0,27.41,31.58,,24339.15,0.65,False,False,-43.0,False
2024-10-29,MIDCAP150,136,100,36,0,10,0,0,0,1,2,3,2,10,28.15,135,20.74,135,22.56,133,,0,25.19,28.57,,24466.85,0.52,False,False,0.0,False
2024-10-30,MIDCAP150,136,76,60,0,6,4,0,0,0,2,2,3,2,42.96,135,28.15,135,23.31,133,,0,22.22,28.57,,24340.85,-0.51,False,False,-3.0,False
2024-10-31,MIDCAP150,136,68,68,0,6,5,0,0,1,1,2,0,1,45.93,135,31.11,135,24.81,133,,0,19.26,29.32,,24205.35,-0.56,False,False,4.0,False
2024-11-01,MIDCAP150,136,116,20,0,4,0,0,0,1,0,1,0,4,62.22,135,37.78,135,28.57,133,,0,18.52,29.32,,24304.35,0.41,False,False,26.0,False
2024-11-04,MIDCAP150,136,28,108,0,0,8,1,0,1,0,2,2,-8,44.44,135,23.7,135,24.81,133,,0,17.78,29.32,,23995.35,-1.27,False,True,9.0,False
2024-11-05,MIDCAP150,136,82,54,0,7,2,2,0,1,0,2,3,5,51.85,135,25.19,135,25.56,133,,0,19.26,29.32,,24213.3,0.91,False,False,4.0,False
2024-11-06,MIDCAP150,136,117,19,0,23,0,1,0,1,0,10,0,23,75.56,135,49.63,135,30.83,133,,0,21.48,27.82,,24484.05,1.12,False,False,25.0,True
2024-11-07,MIDCAP150,136,38,98,0,4,5,1,0,0,0,7,0,-1,66.67,135,43.7,135,32.33,133,,0,21.48,26.32,,24199.35,-1.16,False,False,23.0,False
2024-11-08,MIDCAP150,136,24,112,0,3,9,0,0,1,0,4,4,-6,42.65,136,31.11,135,24.81,133,,0,26.67,24.81,,24148.2,-0.21,False,False,13.0,False
2024-11-11,MIDCAP150,136,42,94,0,1,7,0,0,0,0,3,7,-6,31.62,136,31.11,135,27.07,133,,0,31.85,24.06,,24141.3,-0.03,False,False,15.0,False
2024-11-12,MIDCAP150,136,33,103,0,2,3,0,0,0,0,2,5,-1,23.53,136,26.67,135,25.37,134,,0,39.26,23.13,,23883.45,-1.07,False,True,9.0,False
2024-11-13,MIDCAP150,137,8,129,0,1,23,0,2,0,1,0,18,-22,8.82,136,12.59,135,15.67,134,,0,42.96,21.64,,23559.05,-1.36,False,False,-36.0,False
2024-11-14,MIDCAP150,137,80,57,0,4,3,0,0,0,1,0,11,1,13.97,136,17.78,135,20.15,134,,0,42.22,22.39,,23532.7,-0.11,False,True,-34.0,False
2024-11-18,MIDCAP150,137,56,81,0,6,3,0,0,0,3,1,11,3,14.71,136,17.04,135,16.42,134,,0,38.52,20.9,,23453.8,-0.34,False,True,-25.0,False
2024-11-19,MIDCAP150,137,98,39,0,5,2,0,0,0,2,2,5,3,22.79,136,22.96,135,18.66,134,,0,39.26,20.15,,23518.5,0.28,False,False,-16.0,False
2024-11-21,MIDCAP150,137,41,96,0,4,9,0,0,0,1,5,18,-5,26.47,136,25.19,135,17.91,134,,0,29.63,20.15,,23349.9,-0.72,False,True,-20.0,False
2024-11-22,MIDCAP150,137,102,35,0,8,1,1,0,1,0,7,2,7,41.91,136,35.56,135,20.15,134,,0,23.7,19.4,,23907.25,2.39,False,False,9.0,False
2024-11-25,MIDCAP150,137,107,30,0,15,1,0,0,0,1,6,2,14,65.44,136,49.63,135,26.87,134,,0,22.96,19.4,,24221.9,1.32,False,False,22.0,True
2024-11-26,MIDCAP150,137,77,60,0,8,2,0,0,0,1,4,2,6,72.79,136,50.74,136,29.1,134,,0,21.32,20.9,,24194.5,-0.11,False,False,25.0,False
2024-11-27,MIDCAP150,138,88,50,0,9,1,1,0,0,1,3,1,8,75.0,136,57.35,136,31.11,135,,0,21.32,22.96,,24274.9,0.33,False,False,30.0,False
2024-11-28,MIDCAP150,138,68,70,0,5,1,3,0,1,0,2,0,4,76.64,137,57.35,136,34.07,135,,0,23.53,22.96,,23914.15,-1.49,False,False,39.0,False
2024-11-29,MIDCAP150,138,88,49,1,5,1,3,0,1,0,5,0,4,82.48,137,58.82,136,36.3,135,,0,28.68,22.96,,24131.1,0.91,False,False,36.0,False
2024-12-02,MIDCAP150,138,87,51,0,8,1,1,0,0,0,8,0,7,82.48,137,67.65,136,37.04,135,,0,38.24,22.96,,24276.05,0.6,False,False,29.0,False
2024-12-03,MIDCAP150,138,99,39,0,4,0,1,0,0,0,9,0,4,84.67,137,76.47,136,46.67,135,,0,50.0,20.0,,24457.15,0.75,False,False,27.0,False
2024-12-04,MIDCAP150,138,82,56,0,7,0,1,0,0,0,9,0,7,86.86,137,77.94,136,49.63,135,,0,58.09,24.44,,24467.45,0.04,False,False,26.0,False
2024-12-05,MIDCAP150,138,82,56,0,5,2,0,0,1,0,7,0,3,81.75,137,79.41,136,54.81,135,,0,67.65,25.93,,24708.4,0.98,False,False,25.0,False
2024-12-06,MIDCAP150,138,71,67,0,5,0,0,0,2,0,10,0,5,77.37,137,79.41,136,57.04,135,,0,74.26,25.93,,24677.8,-0.12,False,False,26.0,False
2024-12-09,MIDCAP150,138,78,60,0,4,1,0,0,1,0,7,1,3,75.91,137,80.15,136,62.22,135,,0,78.68,26.67,,24619.0,-0.24,False,False,22.0,False
2024-12-10,MIDCAP150,138,74,63,1,4,0,1,0,0,0,11,0,4,77.54,138,83.09,136,61.48,135,,0,84.56,31.11,,24610.05,-0.04,False,False,22.0,False
2024-12-11,MIDCAP150,139,90,49,0,0,0,1,0,2,0,6,0,0,74.64,138,87.5,136,66.67,135,,0,85.29,32.59,,24641.8,0.13,False,False,15.0,False
2024-12-12,MIDCAP150,139,41,97,1,0,4,0,0,3,0,10,1,-4,60.87,138,81.75,137,62.22,135,,0,86.86,34.07,,24548.7,-0.38,False,False,8.0,False
2024-12-13,MIDCAP150,139,58,81,0,4,0,0,0,1,0,12,1,4,49.28,138,76.64,137,60.0,135,,0,85.4,38.52,,24768.3,0.89,True,False,7.0,False
2024-12-16,MIDCAP150,139,89,49,1,9,0,0,0,10,0,15,0,9,56.52,138,78.1,137,64.44,135,,0,85.4,42.96,,24668.25,-0.4,False,False,13.0,False
2024-12-17,MIDCAP150,139,27,111,1,1,1,0,0,8,0,10,2,0,40.58,138,60.58,137,54.81,135,,0,83.21,47.41,,24336.0,-1.35,False,False,9.0,False
2024-12-18,MIDCAP150,140,42,97,1,5,2,0,0,7,0,12,3,3,31.16,138,50.36,137,48.15,135,,0,82.48,49.63,,24198.85,-0.56,False,False,12.0,False
2024-12-19,MIDCAP150,140,51,89,0,1,1,0,0,3,0,7,4,0,31.16,138,47.45,137,46.67,135,,0,75.18,55.56,,23951.7,-1.02,False,False,16.0,False
2024-12-20,MIDCAP150,140,20,119,1,2,20,0,0,4,0,2,9,-18,17.39,138,31.39,137,37.78,135,,0,63.5,59.26,,23587.5,-1.52,False,True,-6.0,False
2024-12-23,MIDCAP150,140,78,62,0,6,4,0,0,4,0,2,4,2,19.57,138,34.31,137,42.22,135,,0,56.2,60.0,,23753.45,0.7,False,False,-13.0,False
2024-12-24,MIDCAP150,140,65,75,0,2,0,0,0,1,0,1,2,2,21.58,139,31.88,138,40.0,135,,0,50.0,63.7,,23727.65,-0.11,False,False,-11.0,False
2024-12-26,MIDCAP150,140,68,71,1,2,1,0,0,0,0,2,4,1,23.02,139,30.43,138,40.0,135,,0,42.75,62.96,,23750.2,0.1,False,False,-13.0,False
2024-12-27,MIDCAP150,140,69,70,1,2,2,0,1,0,1,2,4,0,27.34,139,31.16,138,41.48,135,,0,37.68,64.44,,23813.4,0.27,False,False,-13.0,False
2024-12-30,MIDCAP150,141,70,71,0,9,12,0,1,1,1,11,7,-3,41.01,139,34.06,138,42.96,135,,0,32.61,65.19,,23644.9,-0.71,False,False,2.0,False
2024-12-31,MIDCAP150,141,81,60,0,5,2,0,1,0,1,7,6,3,44.6,139,32.61,138,45.19,135,,0,28.26,65.19,,23644.8,-0.0,False,False,3.0,False
2025-01-01,MIDCAP150,141,99,42,0,7,0,0,1,1,1,9,2,7,52.86,140,43.48,138,50.37,135,,0,29.71,64.44,,23742.9,0.41,False,False,8.0,False
2025-01-02,MIDCAP150,141,109,32,0,4,1,0,1,1,1,11,1,3,72.14,140,48.55,138,54.07,135,,0,28.99,62.96,,24188.65,1.88,False,False,10.0,False
2025-01-03,MIDCAP150,141,66,75,0,4,0,1,0,1,1,10,1,4,63.57,140,50.0,138,54.81,135,,0,28.26,62.22,,24004.75,-0.76,False,False,14.0,False
2025-01-06,MIDCAP150,142,12,130,0,1,35,0,0,1,1,2,9,-34,34.29,140,31.88,138,41.48,135,,0,28.26,59.26,,23616.05,-1.62,False,False,-17.0,False
2025-01-07,MIDCAP150,142,96,46,0,8,2,0,0,1,1,3,3,6,43.57,140,38.41,138,48.15,135,,0,32.61,54.81,,23707.9,0.39,False,False,-14.0,False
2025-01-08,MIDCAP150,142,38,104,0,1,5,0,0,1,1,0,6,-4,32.86,140,30.94,139,39.71,136,,0,34.53,55.15,,23688.95,-0.08,False,False,-25.0,False
2025-01-09,MIDCAP150,142,40,102,0,4,6,1,0,1,1,1,15,-2,27.14,140,30.22,139,36.03,136,,0,34.53,50.74,,23526.5,-0.69,False,False,-30.0,False
2025-01-10,MIDCAP150,141,24,117,0,0,19,0,0,1,1,1,21,-19,16.31,141,17.99,139,25.74,136,,0,35.25,47.06,,23431.5,-0.4,False,False,-53.0,False
2025-01-13,MIDCAP150,141,6,135,0,0,76,0,1,0,2,0,32,-76,4.26,141,6.47,139,11.03,136,,0,33.81,44.85,,23085.95,-1.47,False,False,-95.0,False
2025-01-14,MIDCAP150,141,119,22,0,30,0,0,0,1,2,0,1,30,11.35,141,12.95,139,16.91,136,,0,31.65,43.38,,23176.05,0.39,False,False,-71.0,True
2025-01-15,MIDCAP150,141,69,72,0,10,2,0,1,0,3,1,1,8,17.02,141,17.14,140,20.59,136,,0,30.0,39.71,,23213.2,0.16,False,False,-59.0,False
2025-01-16,MIDCAP150,141,103,38,0,10,1,0,0,0,3,2,0,9,32.62,141,25.0,140,24.26,136,,0,24.29,37.5,,23311.8,0.42,False,False,-48.0,False
2025-01-17,MIDCAP150,141,73,68,0,2,3,0,0,0,2,2,1,-1,44.68,141,25.71,140,25.0,136,,0,22.14,36.03,,23203.2,-0.47,False,False,-30.0,False
2025-01-20,MIDCAP150,142,90,52,0,7,2,2,0,1,2,1,1,5,54.61,141,30.71,140,27.21,136,37.5,128,20.71,36.03,40.62,23344.75,0.61,False,False,51.0,False
2025-01-21,MIDCAP150,142,26,116,0,1,17,0,0,1,3,0,5,-16,39.72,141,23.57,140,22.06,136,35.16,128,18.57,33.82,39.06,23024.65,-1.37,False,True,5.0,False
2025-01-22,MIDCAP150,142,33,109,0,0,17,0,0,1,3,0,7,-17,30.5,141,18.57,140,17.65,136,29.69,128,15.71,33.82,39.84,23155.35,0.57,False,False,-20.0,False
2025-01-23,MIDCAP150,142,110,30,2,15,0,0,0,1,2,0,3,15,56.74,141,30.71,140,27.21,136,32.03,128,15.71,31.62,39.06,23205.35,0.22,False,False,-14.0,True
2025-01-24,MIDCAP150,142,17,125,0,0,17,0,0,1,3,0,7,-17,33.33,141,22.7,141,19.71,137,31.25,128,15.6,28.47,38.28,23092.2,-0.49,False,False,-30.0,False
2025-01-27,MIDCAP150,142,12,130,0,1,43,0,1,0,10,0,15,-42,12.77,141,11.35,141,13.87,137,24.22,128,17.02,28.47,38.28,22829.15,-1.14,False,True,-77.0,False
2025-01-28,MIDCAP150,142,63,79,0,6,16,0,4,0,9,1,12,-10,12.77,141,14.89,141,13.87,137,21.88,128,20.57,27.01,38.28,22957.25,0.56,False,False,-71.0,False
2025-01-29,MIDCAP150,142,126,16,0,30,1,0,1,0,8,1,3,29,31.21,141,22.7,141,18.98,137,27.34,128,21.99,21.9,38.28,23163.1,0.9,False,False,-25.0,True
2025-01-30,MIDCAP150,142,86,56,0,7,6,0,1,1,7,1,0,1,39.01,141,26.95,141,18.25,137,27.91,129,21.28,18.25,38.76,23249.5,0.37,False,False,-39.0,False
2025-01-31,MIDCAP150,142,118,24,0,24,0,0,0,1,7,0,0,24,66.9,142,46.1,141,24.82,137,31.01,129,24.11,18.25,40.31,23508.4,1.11,False,False,2.0,True
2025-02-03,MIDCAP150,142,37,105,0,7,19,0,0,1,4,2,1,-12,51.41,142,34.75,141,19.71,137,28.68,129,22.7,17.52,39.53,23361.05,-0.63,False,False,32.0,False
2025-02-04,MIDCAP150,142,105,36,1,11,3,2,0,1,2,3,2,8,64.79,142,48.23,141,23.36,137,31.01,129,26.24,17.52,39.53,23739.25,1.62,True,False,50.0,False
2025-02-05,MIDCAP150,142,95,47,0,11,2,2,0,1,4,3,4,9,73.24,142,56.03,141,26.81,138,31.01,129,30.5,18.12,40.31,23696.3,-0.18,False,False,30.0,False
2025-02-06,MIDCAP150,142,43,99,0,2,5,1,0,0,3,1,4,-3,66.2,142,50.35,141,26.09,138,29.46,129,29.08,17.39,39.53,23603.35,-0.39,False,False,26.0,False
2025-02-07,MIDCAP150,142,67,75,0,2,0,0,0,0,3,1,3,2,67.61,142,51.77,141,27.54,138,31.3,131,33.33,17.39,40.46,23559.95,-0.18,False,False,4.0,False
2025-02-10,MIDCAP150,142,13,129,0,0,12,0,1,0,3,0,10,-12,33.8,142,34.04,141,23.19,138,29.01,131,37.59,17.39,40.46,23381.6,-0.76,False,False,4.0,False
2025-02-11,MIDCAP150,143,4,139,0,1,36,0,1,0,3,0,17,-35,9.86,142,14.18,141,8.7,138,20.61,131,37.59,17.39,40.46,23071.8,-1.32,False,False,-39.0,False
2025-02-12,MIDCAP150,143,59,84,0,5,7,0,0,0,3,0,19,-2,6.34,142,16.31,141,12.32,138,22.14,131,36.88,18.84,39.69,23045.25,-0.12,False,False,-50.0,False
2025-02-13,MIDCAP150,143,76,66,1,4,3,0,0,0,4,1,12,1,9.86,142,18.44,141,12.32,138,22.9,131,39.72,18.84,38.93,23031.4,-0.06,False,False,-46.0,False
2025-02-14,MIDCAP150,143,13,130,0,1,37,0,0,0,5,1,29,-36,2.82,142,7.04,142,5.8,138,18.32,131,33.1,17.39,38.17,22929.25,-0.44,False,False,-84.0,False
2025-02-17,MIDCAP150,143,76,67,0,5,3,1,0,1,5,0,13,2,8.45,142,11.27,142,10.87,138,19.85,131,30.99,16.67,38.93,22959.5,0.13,False,False,-70.0,False
2025-02-18,MIDCAP150,143,52,91,0,7,4,2,0,1,6,1,17,3,8.45,142,11.27,142,10.14,138,21.37,131,26.06,15.22,37.4,22945.3,-0.06,False,False,-32.0,False
2025-02-19,MIDCAP150,144,108,36,0,17,1,2,0,1,1,1,2,16,23.94,142,16.9,142,12.23,139,19.85,131,19.72,14.39,36.64,22932.9,-0.05,False,False,-14.0,True
2025-02-20,MIDCAP150,144,107,37,0,15,2,2,0,1,1,0,1,13,47.18,142,32.39,142,16.55,139,21.37,131,17.61,13.67,33.59,22913.15,-0.09,False,False,-2.0,True
2025-02-21,MIDCAP150,144,34,110,0,5,3,2,0,0,2,0,5,2,42.25,142,28.17,142,15.11,139,21.37,131,12.68,13.67,32.06,22795.9,-0.51,False,True,36.0,False
2025-02-24,MIDCAP150,144,38,106,0,1,8,1,1,1,1,0,9,-7,32.87,143,21.13,142,12.23,139,19.85,131,9.86,15.11,32.06,22553.35,-1.06,False,True,27.0,False
2025-02-25,MIDCAP150,144,59,85,0,1,2,1,0,2,1,1,18,-1,26.57,143,19.01,142,10.79,139,19.08,131,10.56,15.83,30.53,22547.55,-0.03,False,True,23.0,False
2025-02-27,MIDCAP150,144,35,108,1,4,13,1,0,3,0,0,30,-9,25.87,143,14.08,142,9.29,140,18.32,131,10.56,15.71,29.77,22545.05,-0.01,False,True,-2.0,False
2025-02-28,MIDCAP150,144,19,125,0,0,33,0,1,1,1,1,33,-33,11.19,143,8.45,142,7.14,140,13.74,131,9.15,15.0,28.24,22124.7,-1.86,False,True,-48.0,False
2025-03-03,MIDCAP150,144,76,68,0,7,5,0,1,1,0,1,15,2,16.08,143,10.56,142,6.43,140,16.03,131,10.56,14.29,27.48,22119.3,-0.02,False,True,-48.0,False
2025-03-04,MIDCAP150,144,76,68,0,8,2,0,1,1,1,1,13,6,20.98,143,11.97,142,7.14,140,14.5,131,12.68,12.14,25.95,22082.65,-0.17,False,True,-35.0,False
2025-03-05,MIDCAP150,144,129,15,0,32,0,0,1,1,0,0,0,32,50.69,144,27.46,142,14.29,140,19.08,131,16.2,11.43,26.72,22337.3,1.15,False,False,-2.0,True
2025-03-06,MIDCAP150,144,101,43,0,6,0,0,0,1,0,0,1,6,62.5,144,39.44,142,16.43,140,19.08,131,19.72,11.43,26.72,22544.7,0.93,False,False,13.0,False
2025-03-07,MIDCAP150,144,59,85,0,4,3,0,0,2,1,0,2,1,65.28,144,40.14,142,17.86,140,17.56,131,19.72,12.14,26.72,22552.5,0.03,False,False,47.0,False
2025-03-10,MIDCAP150,144,19,125,0,0,9,0,0,1,1,0,5,-9,45.83,144,35.92,142,13.48,141,15.27,131,21.13,9.93,25.95,22460.3,-0.41,False,False,36.0,False
2025-03-11,MIDCAP150,144,71,72,1,6,3,0,1,1,2,0,4,3,52.78,144,40.56,143,15.6,141,14.5,131,22.38,9.93,25.95,22497.9,0.17,False,False,33.0,False
2025-03-12,MIDCAP150,144,64,80,0,4,4,0,1,2,2,0,7,0,47.22,144,36.36,143,15.6,141,13.74,131,27.27,9.93,25.19,22470.5,-0.12,False,False,1.0,False
2025-03-13,MIDCAP150,144,42,102,0,2,2,0,1,2,1,0,7,0,39.58,144,34.27,143,14.18,141,12.98,131,32.87,10.64,23.66,22397.2,-0.33,False,False,-5.0,False
2025-03-17,MIDCAP150,144,97,47,0,6,0,0,1,2,2,1,12,6,49.31,144,42.66,143,17.73,141,14.5,131,39.16,10.64,22.14,22508.75,0.5,False,False,0.0,False
2025-03-18,MIDCAP150,144,127,17,0,19,1,1,1,2,1,1,0,18,76.39,144,60.84,143,29.08,141,18.32,131,44.06,12.77,20.61,22834.3,1.45,False,False,27.0,True
2025-03-19,MIDCAP150,144,123,21,0,25,0,0,0,5,1,1,0,25,86.11,144,74.83,143,41.13,141,20.61,131,53.15,15.6,19.85,22907.6,0.32,False,False,49.0,True
2025-03-20,MIDCAP150,144,92,52,0,5,2,0,0,3,1,1,1,3,89.58,144,76.39,144,44.68,141,25.0,132,54.17,17.02,18.94,23190.65,1.24,False,False,52.0,False
2025-03-21,MIDCAP150,144,116,28,0,15,2,2,0,4,1,2,0,13,90.28,144,83.33,144,52.48,141,28.03,132,57.64,17.73,18.94,23350.4,0.69,False,False,65.0,True
2025-03-24,MIDCAP150,144,108,36,0,8,1,3,0,4,1,2,1,7,92.36,144,90.97,144,61.7,141,31.06,132,66.67,19.86,18.18,23658.35,1.32,False,False,66.0,False
2025-03-25,MIDCAP150,144,32,112,0,0,6,0,0,2,1,0,4,-6,86.81,144,87.5,144,54.61,141,28.79,132,72.22,23.4,18.18,23668.65,0.04,True,False,42.0,False
2025-03-26,MIDCAP150,144,40,103,1,0,2,0,0,1,2,1,1,-2,79.17,144,84.03,144,54.61,141,25.0,132,77.08,24.11,18.18,23486.85,-0.77,False,False,15.0,False
2025-03-27,MIDCAP150,144,96,48,0,10,1,0,0,2,1,1,1,9,79.17,144,87.5,144,58.87,141,29.32,133,83.33,26.95,17.29,23591.95,0.45,False,False,21.0,False
2025-03-28,MIDCAP150,144,46,98,0,3,2,0,0,1,1,2,1,1,61.11,144,82.64,144,57.45,141,27.07,133,86.81,31.21,16.54,23519.35,-0.31,False,False,9.0,False
2025-04-01,MIDCAP150,144,41,103,0,6,10,0,0,2,1,2,3,-4,43.75,144,69.44,144,51.77,141,25.56,133,88.19,32.62,16.54,23165.7,-1.5,False,False,-2.0,False
2025-04-02,MIDCAP150,144,115,28,1,8,1,1,0,6,1,2,0,7,56.94,144,80.56,144,59.15,142,27.07,133,90.97,35.21,15.79,23332.35,0.72,False,False,11.0,False
2025-04-03,MIDCAP150,144,88,56,0,5,5,1,0,9,1,2,1,0,63.89,144,70.14,144,64.79,142,29.32,133,90.28,42.25,15.04,23250.1,-0.35,False,False,13.0,False
2025-04-04,MIDCAP150,144,10,134,0,0,41,0,0,5,1,0,9,-41,28.47,144,49.31,144,46.48,142,25.56,133,85.42,45.77,15.04,22904.45,-1.49,False,False,-37.0,False
2025-04-07,MIDCAP150,144,4,140,0,1,54,0,1,0,1,0,18,-53,6.25,144,23.61,144,27.46,142,17.29,133,79.17,47.18,14.29,22161.6,-3.24,False,True,-91.0,False
2025-04-08,MIDCAP150,144,131,13,0,23,1,0,0,1,1,1,1,22,21.53,144,39.58,144,38.03,142,23.31,133,70.83,46.48,14.29,22535.85,1.69,False,False,-65.0,True
2025-04-09,MIDCAP150,144,56,88,0,0,11,0,0,2,2,0,5,-11,22.92,144,35.42,144,39.44,142,21.8,133,60.42,50.0,14.29,22399.15,-0.61,False,False,-83.0,False
2025-04-11,MIDCAP150,144,122,22,0,23,0,0,0,4,0,0,3,23,38.89,144,47.92,144,49.3,142,25.56,133,52.78,50.7,15.04,22828.55,1.92,False,False,-60.0,True
2025-04-15,MIDCAP150,144,138,6,0,39,0,0,0,4,0,3,0,39,78.47,144,70.14,144,66.2,142,31.58,133,46.53,53.52,15.04,23328.55,2.19,False,False,20.0,True
2025-04-16,MIDCAP150,144,101,43,0,7,0,1,0,3,0,3,0,7,87.5,144,74.31,144,71.83,142,33.83,133,46.53,57.04,15.79,23437.2,0.47,False,False,80.0,False
2025-04-17,MIDCAP150,144,92,52,0,4,0,0,0,4,0,4,0,4,88.89,144,75.69,144,74.65,142,36.84,133,45.83,63.38,15.79,23851.65,1.77,False,False,62.0,False
2025-04-21,MIDCAP150,144,124,20,0,20,0,2,0,10,0,6,0,20,97.22,144,83.33,144,80.99,142,39.85,133,46.53,67.61,15.04,24125.55,1.15,False,False,93.0,True
2025-04-22,MIDCAP150,144,90,54,0,9,1,2,0,2,0,5,0,8,99.31,144,88.89,144,83.8,142,41.35,133,47.92,70.42,15.79,24167.25,0.17,False,False,78.0,False
2025-04-23,MIDCAP150,144,97,47,0,13,1,2,0,4,0,5,0,12,96.53,144,93.06,144,86.62,142,42.11,133,53.47,73.24,15.79,24328.95,0.67,False,False,51.0,False
2025-04-24,MIDCAP150,144,66,78,0,3,2,2,0,4,0,7,0,1,95.83,144,92.36,144,87.32,142,41.35,133,68.75,75.35,17.29,24246.7,-0.34,False,False,45.0,False
2025-04-25,MIDCAP150,144,13,131,0,0,28,0,0,2,0,0,1,-28,60.42,144,77.08,144,80.99,142,36.84,133,77.78,74.65,17.29,24039.35,-0.86,False,False,13.0,False
2025-04-28,MIDCAP150,144,109,34,1,6,0,0,0,3,0,5,0,6,67.36,144,81.25,144,82.39,142,39.85,133,84.72,76.76,18.05,24328.5,1.2,False,False,-1.0,False
2025-04-29,MIDCAP150,144,67,76,1,3,1,0,0,4,0,3,1,2,56.25,144,80.56,144,85.31,143,39.85,133,90.28,76.92,16.54,24335.95,0.03,True,False,-7.0,False
2025-04-30,MIDCAP150,144,47,96,1,3,3,0,0,3,0,1,1,0,43.06,144,71.53,144,79.72,143,36.09,133,92.36,78.32,16.54,24334.2,-0.01,False,False,-19.0,False
2025-05-02,MIDCAP150,144,52,92,0,3,3,0,0,3,0,2,2,0,35.42,144,63.89,144,76.22,143,35.34,133,90.28,77.62,16.54,24346.7,0.05,True,False,-20.0,False
2025-05-05,MIDCAP150,144,112,30,2,13,0,0,0,4,0,1,0,13,54.17,144,72.92,144,84.62,143,39.85,133,91.67,78.32,18.05,24461.15,0.47,True,False,21.0,False
2025-05-06,MIDCAP150,144,22,122,0,0,20,0,0,1,0,1,0,-20,25.0,144,56.94,144,72.03,143,35.34,133,88.89,76.92,18.8,24379.6,-0.33,False,False,-5.0,False
2025-05-07,MIDCAP150,144,110,34,0,10,3,0,1,1,1,6,2,7,42.36,144,63.19,144,80.42,143,38.35,133,87.5,75.52,20.3,24414.4,0.14,False,False,0.0,False
2025-05-08,MIDCAP150,144,24,120,0,3,10,0,1,0,1,3,3,-7,25.69,144,42.36,144,66.67,144,36.84,133,80.56,75.69,20.3,24273.8,-0.58,False,False,-7.0,False
2025-05-09,MIDCAP150,144,59,85,0,4,3,1,1,1,1,2,2,1,26.39,144,41.67,144,61.81,144,32.33,133,65.97,79.17,21.05,24008.0,-1.1,False,False,-6.0,False
2025-05-12,MIDCAP150,144,135,9,0,63,1,0,1,20,1,6,0,62,75.69,144,73.61,144,82.64,144,42.11,133,60.42,81.94,21.8,24924.7,3.82,True,False,43.0,True
2025-05-13,MIDCAP150,144,80,64,0,7,1,0,1,13,1,5,1,6,77.08,144,68.75,144,82.64,144,42.11,133,51.39,84.03,21.8,24578.35,-1.39,False,False,69.0,False
2025-05-14,MIDCAP150,144,106,38,0,17,0,3,0,20,1,7,1,17,87.5,144,75.0,144,86.81,144,45.11,133,50.0,86.11,22.56,24666.9,0.36,False,False,79.0,True
2025-05-15,MIDCAP150,144,108,36,0,6,2,4,0,17,1,7,0,4,88.19,144,80.56,144,89.58,144,46.62,133,49.31,86.81,23.31,25062.1,1.6,False,False,90.0,False
2025-05-16,MIDCAP150,144,98,46,0,7,1,5,0,12,1,4,0,6,88.19,144,81.94,144,90.28,144,47.37,133,52.78,86.11,23.31,25019.8,-0.17,False,False,95.0,False
2025-05-19,MIDCAP150,144,82,62,0,4,2,3,0,13,1,6,0,2,89.58,144,83.33,144,91.67,144,49.62,133,52.78,85.42,23.31,24945.45,-0.3,False,False,35.0,False
2025-05-20,MIDCAP150,144,18,126,0,1,3,0,0,6,1,1,1,-2,71.53,144,74.31,144,85.42,144,44.36,133,60.42,85.42,24.06,24683.9,-1.05,False,False,27.0,False
2025-05-21,MIDCAP150,144,112,31,1,6,2,0,0,2,1,3,0,4,79.86,144,78.47,144,88.19,144,47.37,133,68.06,85.42,24.06,24813.45,0.52,False,False,14.0,False
2025-05-22,MIDCAP150,144,56,88,0,5,2,0,0,4,1,5,1,3,67.36,144,72.92,144,86.11,144,45.86,133,77.78,84.72,24.81,24609.7,-0.82,False,False,13.0,False
2025-05-23,MIDCAP150,144,93,50,1,0,2,0,1,3,2,5,1,-2,63.19,144,75.69,144,83.33,144,43.61,133,82.64,83.33,26.32,24853.15,0.99,False,False,5.0,False
2025-05-26,MIDCAP150,144,89,55,0,3,3,0,1,4,2,4,1,0,63.19,144,75.69,144,82.64,144,48.12,133,81.25,83.33,27.07,25001.15,0.6,False,False,3.0,False
2025-05-27,MIDCAP150,144,79,65,0,4,0,1,1,8,2,4,1,4,62.5,144,79.86,144,84.03,144,47.37,133,83.33,83.33,29.32,24826.2,-0.7,False,False,9.0,False
2025-05-28,MIDCAP150,144,71,72,1,4,1,1,1,7,2,6,0,3,57.64,144,78.47,144,79.17,144,48.87,133,81.25,82.64,30.83,24752.45,-0.3,False,False,8.0,False
2025-05-29,MIDCAP150,144,92,52,0,2,1,1,1,7,2,4,1,1,64.58,144,77.08,144,78.47,144,50.38,133,81.25,81.94,32.33,24833.6,0.33,False,False,6.0,False
2025-05-30,MIDCAP150,144,54,90,0,7,3,0,0,7,2,7,1,4,58.33,144,69.44,144,79.17,144,47.37,133,77.78,81.25,33.83,24750.7,-0.33,False,False,12.0,False
2025-06-02,MIDCAP150,144,82,61,1,4,2,0,0,10,2,4,0,2,57.64,144,69.44,144,79.86,144,48.87,133,77.78,79.86,34.59,24716.6,-0.14,False,False,14.0,False
2025-06-03,MIDCAP150,144,52,91,1,3,2,0,0,7,2,6,0,1,51.39,144,63.89,144,76.39,144,48.87,133,77.08,81.25,34.59,24542.5,-0.7,False,False,11.0,False
2025-06-04,MIDCAP150,144,94,50,0,8,1,0,1,8,3,8,1,7,62.5,144,69.44,144,77.78,144,50.38,133,72.92,80.56,35.34,24620.2,0.32,False,False,15.0,False
2025-06-05,MIDCAP150,144,82,62,0,7,0,0,1,9,2,10,0,7,63.89,144,65.97,144,77.08,144,52.63,133,70.14,81.25,36.09,24750.9,0.53,False,False,21.0,False
2025-06-06,MIDCAP150,144,89,54,1,11,3,1,1,10,2,8,0,8,70.83,144,72.92,144,77.78,144,55.64,133,65.28,83.33,36.09,25003.05,1.02,False,False,25.0,False
2025-06-09,MIDCAP150,144,110,33,1,5,0,0,1,14,2,15,0,5,80.56,144,77.78,144,82.64,144,62.41,133,63.89,82.64,38.35,25103.2,0.4,True,False,28.0,False
2025-06-10,MIDCAP150,144,66,76,2,1,0,0,1,6,2,4,0,1,81.25,144,77.78,144,82.64,144,60.9,133,66.67,84.72,38.35,25104.25,0.0,True,False,28.0,False
2025-06-11,MIDCAP150,144,53,91,0,2,1,0,0,4,2,6,0,1,72.22,144,73.61,144,81.94,144,61.65,133,70.14,83.33,39.1,25141.4,0.15,True,False,22.0,False
2025-06-12,MIDCAP150,144,18,126,0,0,5,0,0,2,2,2,0,-5,38.89,144,59.03,144,75.69,144,54.14,133,71.53,82.64,40.6,24888.2,-1.01,False,False,10.0,False
2025-06-13,MIDCAP150,144,44,100,0,2,1,0,0,1,2,1,0,1,32.64,144,50.69,144,73.61,144,54.89,133,70.83,81.94,40.6,24718.6,-0.68,False,False,3.0,False
2025-06-16,MIDCAP150,144,102,40,2,2,0,0,0,0,2,4,0,2,40.28,144,54.17,144,74.31,144,55.64,133,70.83,80.56,40.6,24946.5,0.92,False,False,0.0,False
2025-06-17,MIDCAP150,144,35,109,0,2,0,0,0,0,2,3,0,2,28.47,144,43.06,144,70.83,144,54.14,133,68.75,81.94,39.85,24853.4,-0.37,False,False,1.0,False
2025-06-18,MIDCAP150,144,57,87,0,2,0,0,0,2,2,4,0,2,25.69,144,40.28,144,68.75,144,51.13,133,67.36,78.47,39.85,24812.05,-0.17,False,False,2.0,False
2025-06-19,MIDCAP150,144,18,126,0,0,4,0,0,1,2,1,1,-4,16.67,144,28.47,144,55.56,144,47.37,133,61.81,77.78,40.6,24793.25,-0.08,False,False,3.0,False
2025-06-20,MIDCAP150,144,114,30,0,10,0,0,0,2,2,5,0,10,29.86,144,38.19,144,61.11,144,50.38,133,55.56,76.39,41.35,25112.4,1.29,False,False,12.0,False
2025-06-23,MIDCAP150,144,85,58,1,3,1,0,0,1,1,5,0,2,39.58,144,42.36,144,64.58,144,53.38,133,49.31,76.39,42.86,24971.9,-0.56,False,False,12.0,False
2025-06-24,MIDCAP150,144,106,38,0,2,4,0,0,1,1,8,0,-2,54.17,144,49.31,144,68.06,144,52.99,134,41.67,75.0,44.78,25044.35,0.29,False,False,8.0,False
2025-06-25,MIDCAP150,144,109,35,0,3,0,0,0,1,1,8,0,3,68.75,144,56.25,144,72.92,144,54.48,134,40.28,73.61,44.03,25244.75,0.8,True,False,9.0,False
2025-06-26,MIDCAP150,144,90,53,1,5,1,0,0,4,1,11,0,4,73.61,144,60.42,144,76.39,144,56.72,134,39.58,75.0,44.03,25549.0,1.21,True,False,17.0,False
2025-06-27,MIDCAP150,144,85,59,0,9,0,0,0,1,1,13,0,9,76.39,144,63.19,144,74.31,144,57.46,134,43.06,74.31,44.78,25637.8,0.35,True,False,16.0,False
2025-06-30,MIDCAP150,144,90,54,0,5,0,0,0,1,1,14,0,5,79.86,144,68.75,144,75.0,144,58.96,134,47.92,75.0,44.78,25517.05,-0.47,False,False,19.0,False
2025-07-01,MIDCAP150,144,59,85,0,3,2,0,0,2,1,12,0,1,75.69,144,64.58,144,74.31,144,57.46,134,45.83,74.31,44.78,25541.8,0.1,False,False,22.0,False
2025-07-02,MIDCAP150,145,64,80,1,4,1,0,0,1,1,4,0,3,72.22,144,65.28,144,70.83,144,59.7,134,46.53,74.31,46.27,25453.4,-0.35,False,False,22.0,False
2025-07-03,MIDCAP150,145,72,73,0,5,1,0,0,1,0,3,0,4,67.36,144,62.5,144,73.61,144,60.45,134,54.17,74.31,49.25,25405.3,-0.19,False,False,22.0,False
2025-07-04,MIDCAP150,145,75,70,0,0,3,0,1,1,1,4,1,-3,62.5,144,63.89,144,74.31,144,60.45,134,63.89,73.61,50.75,25461.0,0.22,False,False,10.0,False
2025-07-07,MIDCAP150,145,54,91,0,1,1,0,1,0,1,4,1,0,51.39,144,59.03,144,75.0,144,58.52,135,69.44,72.92,51.11,25461.3,0.0,False,False,5.0,False
2025-07-08,MIDCAP150,145,81,61,3,4,1,0,0,0,1,5,0,3,52.08,144,63.89,144,74.31,144,60.74,135,70.83,70.83,51.85,25522.5,0.24,False,False,7.0,False
2025-07-09,MIDCAP150,145,70,75,0,3,0,0,0,0,0,6,0,3,48.61,144,63.19,144,72.22,144,60.74,135,75.0,68.75,53.33,25476.1,-0.18,False,False,7.0,False
2025-07-10,MIDCAP150,145,65,80,0,1,1,0,0,0,0,5,0,0,43.75,144,63.19,144,72.22,144,61.48,135,76.39,68.06,57.04,25355.25,-0.47,False,False,3.0,False
2025-07-11,MIDCAP150,145,40,105,0,1,2,0,0,1,0,4,0,-1,34.03,144,51.39,144,65.97,144,57.78,135,76.39,64.58,56.3,25149.85,-0.81,False,False,5.0,False
2025-07-14,MIDCAP150,145,92,53,0,4,0,0,0,1,0,6,0,4,43.06,144,56.94,144,63.89,144,58.52,135,72.22,65.97,55.56,25082.3,-0.27,False,False,9.0,False
2025-07-15,MIDCAP150,145,106,38,1,5,0,1,0,1,0,10,0,5,57.93,145,65.28,144,71.53,144,62.96,135,69.44,66.67,56.3,25195.8,0.45,False,False,11.0,False
2025-07-16,MIDCAP150,145,72,73,0,3,1,1,1,1,1,7,1,2,57.93,145,61.81,144,73.61,144,63.7,135,64.58,65.97,57.04,25212.05,0.06,False,False,10.0,False
2025-07-17,MIDCAP150,145,70,74,1,3,0,0,1,1,1,7,1,3,58.62,145,62.5,144,72.22,144,65.93,135,61.81,68.06,58.52,25111.45,-0.4,False,False,13.0,False
2025-07-18,MIDCAP150,145,36,109,0,1,1,0,1,2,1,7,1,0,46.9,145,48.61,144,65.28,144,60.0,135,55.56,68.06,60.0,24968.4,-0.57,False,True,14.0,False
2025-07-21,MIDCAP150,146,94,51,1,2,1,0,1,2,1,8,0,1,53.79,145,55.56,144,63.89,144,62.96,135,54.17,68.06,60.74,25090.7,0.49,False,False,11.0,False
2025-07-22,MIDCAP150,146,53,92,1,4,1,0,1,1,1,8,1,3,47.59,145,48.61,144,62.5,144,63.7,135,51.39,68.75,60.74,25060.9,-0.12,False,False,9.0,False
2025-07-23,MIDCAP150,146,85,61,0,0,0,0,0,1,1,7,2,0,49.66,145,51.39,144,63.19,144,63.7,135,50.0,67.36,62.96,25219.9,0.63,False,False,7.0,False
2025-07-24,MIDCAP150,146,56,90,0,3,4,0,0,0,1,6,3,-1,46.9,145,47.22,144,58.33,144,62.96,135,50.0,65.28,62.96,25062.1,-0.63,False,False,3.0,False
2025-07-25,MIDCAP150,146,17,129,0,1,6,0,0,0,1,1,2,-5,22.76,145,30.56,144,45.83,144,60.0,135,49.31,63.89,62.22,24837.0,-0.9,False,False,-2.0,False
2025-07-28,MIDCAP150,146,42,104,0,1,5,0,0,2,1,4,2,-4,11.72,145,21.53,144,39.58,144,56.3,135,43.06,61.11,62.22,24680.9,-0.63,False,False,-7.0,False
2025-07-29,MIDCAP150,146,112,33,1,5,0,0,0,1,1,2,0,5,28.97,145,30.34,145,45.83,144,60.74,135,41.38,60.42,62.22,24821.1,0.57,False,False,-5.0,False
2025-07-30,MIDCAP150,146,79,66,1,6,0,0,0,0,1,3,2,6,35.17,145,42.07,145,47.22,144,57.78,135,41.38,59.03,62.96,24855.05,0.14,False,False,1.0,False
2025-07-31,MIDCAP150,146,33,113,0,1,3,0,0,0,1,4,3,-2,22.76,145,28.28,145,41.67,144,57.04,135,37.24,57.64,62.96,24768.35,-0.35,False,False,0.0,False
2025-08-01,MIDCAP150,146,25,121,0,2,9,0,0,0,1,3,3,-7,17.12,146,17.24,145,34.72,144,51.85,135,35.86,56.25,61.48,24565.35,-0.82,False,False,-2.0,False
2025-08-04,MIDCAP150,146,110,33,3,10,1,0,0,0,1,3,1,9,28.77,146,30.34,145,38.89,144,54.07,135,31.72,55.56,61.48,24722.75,0.64,False,False,11.0,False
2025-08-05,MIDCAP150,146,59,86,1,3,1,0,0,0,1,7,2,2,30.82,146,26.9,145,37.5,144,54.07,135,26.9,52.78,62.22,24649.55,-0.3,False,False,8.0,False
2025-08-06,MIDCAP150,146,34,112,0,2,6,0,0,1,1,3,6,-4,23.97,146,20.69,145,34.03,144,51.11,135,24.83,49.31,62.22,24574.2,-0.31,False,False,-2.0,False
2025-08-07,MIDCAP150,146,76,70,0,3,2,0,0,0,1,1,2,1,32.88,146,21.38,145,32.64,144,51.85,135,23.45,47.22,62.22,24596.15,0.09,False,False,1.0,False
2025-08-08,MIDCAP150,146,20,126,0,2,6,0,0,0,1,3,6,-4,18.49,146,14.48,145,27.08,144,45.19,135,18.62,47.22,60.0,24363.3,-0.95,False,False,4.0,False
2025-08-11,MIDCAP150,146,95,50,1,4,1,0,0,0,1,3,3,3,26.03,146,18.62,145,30.56,144,43.7,135,17.93,45.14,60.0,24585.05,0.91,False,False,-2.0,False
2025-08-12,MIDCAP150,146,61,85,0,3,1,0,0,0,1,2,5,2,27.4,146,20.0,145,30.56,144,45.93,135,17.24,41.67,60.0,24487.4,-0.4,False,False,-2.0,False
2025-08-13,MIDCAP150,146,93,51,2,9,5,0,0,1,1,4,3,4,43.84,146,28.28,145,33.33,144,45.93,135,16.55,38.89,60.0,24619.35,0.54,False,False,6.0,False
2025-08-14,MIDCAP150,146,56,89,1,2,2,0,0,0,0,1,5,0,45.21,146,28.97,145,31.25,144,48.15,135,17.93,35.42,59.26,24631.3,0.05,False,False,5.0,False
2025-08-18,MIDCAP150,146,113,33,0,20,1,0,0,0,0,6,0,19,58.9,146,41.1,146,40.28,144,50.74,136,22.6,37.5,59.56,24876.95,1.0,False,False,28.0,True
2025-08-19,MIDCAP150,146,112,34,0,2,0,0,0,0,0,9,0,2,76.71,146,55.48,146,43.75,144,54.41,136,28.08,37.5,59.56,24980.65,0.42,False,False,27.0,False
2025-08-20,MIDCAP150,146,89,57,0,3,0,0,0,0,0,9,0,3,80.14,146,62.33,146,45.83,144,56.62,136,32.19,36.81,59.56,25050.55,0.28,False,False,28.0,False
2025-08-21,MIDCAP150,146,58,88,0,1,2,0,0,0,0,8,2,-1,75.34,146,57.53,146,45.14,144,56.62,136,40.41,36.11,59.56,25083.75,0.13,True,False,23.0,False
2025-08-22,MIDCAP150,146,51,95,0,2,2,0,0,0,0,5,2,0,67.12,146,56.85,146,43.75,144,56.62,136,44.52,34.72,59.56,24870.1,-0.85,False,False,23.0,False
2025-08-25,MIDCAP150,146,72,72,2,2,1,0,0,0,0,6,3,1,61.64,146,58.9,146,43.06,144,55.88,136,49.32,36.11,60.29,24967.75,0.39,False,False,5.0,False
2025-08-26,MIDCAP150,146,24,122,0,0,1,0,0,0,0,3,6,-1,39.73,146,44.52,146,38.19,144,50.0,136,49.32,36.81,60.29,24712.05,-1.02,False,False,2.0,False
2025-08-28,MIDCAP150,146,30,116,0,1,4,0,0,0,0,3,6,-3,21.92,146,32.19,146,29.86,144,45.59,136,51.37,35.42,60.29,24500.9,-0.85,False,False,-4.0,False
2025-08-29,MIDCAP150,146,49,97,0,0,1,0,0,0,0,2,5,-1,17.12,146,30.14,146,29.86,144,44.12,136,56.16,35.42,60.29,24426.85,-0.3,False,False,-4.0,False
2025-09-01,MIDCAP150,146,125,21,0,11,1,0,0,0,0,5,2,10,34.25,146,47.26,146,33.33,144,47.79,136,58.9,36.11,60.29,24625.05,0.81,False,False,6.0,False
2025-09-02,MIDCAP150,146,82,63,1,6,1,0,0,1,0,2,1,5,42.47,146,51.37,146,36.11,144,49.26,136,58.9,35.42,60.29,24579.6,-0.18,False,False,10.0,False
2025-09-03,MIDCAP150,146,98,48,0,4,0,0,0,0,0,5,0,4,53.42,146,58.22,146,39.58,144,51.47,136,56.85,34.72,61.03,24715.05,0.55,False,False,15.0,False
2025-09-04,MIDCAP150,146,37,109,0,0,0,0,0,0,0,2,0,0,39.73,146,45.89,146,37.5,144,50.36,137,53.42,34.03,60.58,24734.3,0.08,False,False,18.0,False
2025-09-05,MIDCAP150,146,70,76,0,4,0,0,0,0,0,4,0,4,45.21,146,42.47,146,38.89,144,48.18,137,51.37,34.72,62.04,24741.0,0.03,False,False,23.0,False
2025-09-08,MIDCAP150,146,83,62,1,2,0,0,0,0,0,5,0,2,53.42,146,49.32,146,40.97,144,53.28,137,49.32,35.42,62.04,24773.15,0.13,False,False,15.0,False
2025-09-09,MIDCAP150,146,77,68,1,1,0,0,0,0,0,3,0,1,59.59,146,52.05,146,42.36,144,51.09,137,41.78,36.11,64.23,24868.6,0.39,False,False,11.0,False
2025-09-10,MIDCAP150,146,102,44,0,13,0,0,0,0,0,3,0,13,74.66,146,62.33,146,47.22,144,55.47,137,43.84,35.42,64.23,24973.1,0.42,False,False,20.0,False
2025-09-11,MIDCAP150,146,72,74,0,3,2,0,1,0,1,3,2,1,70.55,146,62.33,146,48.28,145,56.2,137,47.26,36.55,63.5,25005.5,0.13,False,False,21.0,False
2025-09-12,MIDCAP150,146,79,67,0,3,0,0,1,0,1,5,1,3,67.12,146,66.44,146,49.66,145,56.93,137,51.37,37.93,63.5,25114.0,0.43,False,False,20.0,False
2025-09-15,MIDCAP150,146,91,55,0,3,0,0,1,1,1,5,0,3,69.86,146,70.55,146,51.72,145,61.31,137,54.79,38.62,63.5,25069.2,-0.18,False,False,21.0,False
2025-09-16,MIDCAP150,146,99,46,1,2,1,0,2,1,2,7,1,1,76.03,146,71.92,146,59.31,145,61.59,138,58.22,38.62,63.77,25239.1,0.68,False,False,21.0,False
2025-09-17,MIDCAP150,146,75,70,1,1,0,0,2,0,2,5,1,1,76.71,146,74.66,146,60.69,145,61.59,138,62.33,41.38,63.77,25330.25,0.36,False,False,9.0,False
2025-09-18,MIDCAP150,146,84,59,3,1,0,0,1,0,2,5,1,1,80.14,146,78.08,146,62.07,145,64.49,138,67.81,42.76,63.77,25423.6,0.37,False,False,9.0,False
2025-09-19,MIDCAP150,146,68,78,0,4,1,0,1,0,2,4,0,3,69.18,146,74.66,146,62.76,145,64.49,138,73.29,43.45,63.04,25327.05,-0.38,False,False,9.0,False
2025-09-22,MIDCAP150,146,46,100,0,3,4,1,1,2,2,3,2,-1,52.05,146,61.64,146,57.24,145,60.14,138,76.71,44.14,63.04,25202.35,-0.49,False,False,5.0,False
2025-09-23,MIDCAP150,146,51,94,1,2,3,0,0,0,2,4,1,-1,49.32,146,59.59,146,55.17,145,61.59,138,76.71,44.83,63.04,25169.5,-0.13,False,False,3.0,False
2025-09-24,MIDCAP150,146,40,106,0,1,2,1,0,1,2,4,1,-1,33.56,146,49.32,146,53.1,145,57.25,138,75.34,45.52,63.04,25056.9,-0.45,False,False,1.0,False
2025-09-25,MIDCAP150,146,38,106,2,0,1,0,0,1,2,1,3,-1,22.6,146,45.89,146,46.9,145,55.07,138,72.6,48.28,62.32,24890.85,-0.66,False,False,-1.0,False
2025-09-26,MIDCAP150,146,9,137,0,0,9,0,0,1,2,0,8,-9,8.22,146,19.18,146,32.41,145,48.55,138,65.75,48.97,61.59,24654.7,-0.95,False,False,-13.0,False
2025-09-29,MIDCAP150,146,80,64,2,4,4,1,0,3,2,3,4,0,13.7,146,23.29,146,36.55,145,50.0,138,57.53,51.03,60.14,24634.9,-0.08,False,False,-12.0,False
2025-09-30,MIDCAP150,146,81,65,0,2,2,1,0,1,2,5,4,0,19.18,146,25.34,146,36.3,146,48.92,139,52.05,53.42,58.99,24611.1,-0.1,False,True,-11.0,False
2025-10-01,MIDCAP150,146,105,40,1,5,0,0,0,2,2,7,1,5,28.08,146,35.62,146,42.47,146,52.52,139,47.26,56.16,58.99,24836.3,0.92,False,False,-5.0,False
2025-10-03,MIDCAP150,146,110,35,1,2,1,0,0,2,2,5,0,1,49.32,146,45.21,146,47.95,146,53.96,139,41.78,54.79,58.99,24894.25,0.23,False,False,-3.0,False
2025-10-06,MIDCAP150,146,83,62,1,6,0,0,0,2,2,5,1,6,63.01,146,45.89,146,54.11,146,53.96,139,36.3,56.16,57.55,25077.65,0.74,False,False,12.0,False
2025-10-07,MIDCAP150,146,84,62,0,2,1,0,0,2,2,2,0,1,65.75,146,50.0,146,56.85,146,57.55,139,31.51,60.27,57.55,25108.3,0.12,False,False,13.0,False
2025-10-08,MIDCAP150,146,40,105,1,0,2,0,0,1,2,3,1,-2,54.11,146,41.1,146,52.05,146,55.0,140,26.03,60.96,58.57,25046.15,-0.25,False,False,11.0,False
2025-10-09,MIDCAP150,146,98,47,1,5,0,0,0,1,2,6,1,5,65.07,146,50.68,146,56.85,146,57.86,140,23.29,58.9,58.57,25181.8,0.54,False,False,11.0,False
2025-10-10,MIDCAP150,146,91,54,1,2,0,0,0,1,2,5,0,2,69.18,146,50.68,146,58.9,146,60.0,140,26.03,58.9,58.57,25285.35,0.41,False,False,12.0,False
2025-10-13,MIDCAP150,146,54,92,0,2,0,0,0,1,1,5,1,2,60.27,146,45.89,146,58.22,146,55.71,140,34.93,59.59,59.29,25227.35,-0.23,False,False,8.0,False
2025-10-14,MIDCAP150,147,44,102,1,3,2,0,0,1,1,2,2,1,45.89,146,41.1,146,50.68,146,56.43,140,36.99,58.22,60.0,25145.5,-0.32,False,False,8.0,False
2025-10-15,MIDCAP150,147,115,31,1,6,1,0,0,1,1,5,1,5,52.05,146,50.0,146,54.11,146,59.29,140,43.15,56.85,59.29,25323.55,0.71,False,False,15.0,False
2025-10-16,MIDCAP150,147,86,61,0,2,1,0,0,0,0,3,1,1,60.27,146,56.16,146,57.53,146,62.14,140,52.05,54.79,59.29,25585.3,1.03,True,False,11.0,False
2025-10-17,MIDCAP150,147,44,103,0,0,0,0,0,0,0,3,1,0,55.48,146,53.42,146,56.85,146,61.7,141,53.42,54.11,59.57,25709.85,0.49,True,False,9.0,False
2025-10-20,MIDCAP150,147,85,62,0,9,2,0,1,0,0,11,1,7,63.7,146,60.27,146,54.11,146,60.99,141,58.22,52.74,58.16,25843.15,0.52,True,False,14.0,False
2025-10-21,MIDCAP150,147,96,51,0,1,0,0,0,0,0,11,0,1,65.07,146,64.38,146,60.27,146,62.41,141,60.96,52.74,58.87,25868.6,0.1,False,False,14.0,False
2025-10-23,MIDCAP150,147,69,78,0,5,4,0,0,0,0,8,1,1,64.38,146,65.07,146,58.9,146,63.12,141,64.38,56.16,60.28,25891.4,0.09,True,False,10.0,False
2025-10-24,MIDCAP150,147,59,86,2,0,0,0,0,0,0,0,2,0,56.85,146,62.33,146,61.64,146,63.12,141,66.44,52.74,60.99,25795.15,-0.37,False,False,9.0,False
2025-10-27,MIDCAP150,147,90,56,1,3,0,0,0,0,0,8,0,3,63.7,146,66.44,146,63.7,146,65.25,141,61.64,52.05,60.99,25966.05,0.66,False,False,12.0,False
2025-10-28,MIDCAP150,147,61,85,1,2,2,0,0,0,0,10,0,0,53.74,147,63.01,146,60.27,146,60.99,141,63.01,54.11,61.7,25936.2,-0.11,False,False,5.0,False
2025-10-29,MIDCAP150,147,104,42,1,3,2,0,0,0,0,9,0,1,67.35,147,71.23,146,64.38,146,66.67,141,63.7,57.53,61.7,26053.9,0.45,False,False,5.0,False
2025-10-30,MIDCAP150,147,50,97,0,4,1,0,0,0,0,6,0,3,58.5,147,63.7,146,65.07,146,64.54,141,61.64,58.9,62.41,25877.85,-0.68,False,False,7.0,False
2025-10-31,MIDCAP150,147,37,109,1,0,4,0,0,0,1,4,1,-4,43.54,147,56.16,146,58.9,146,61.7,141,63.01,58.9,62.41,25722.1,-0.6,False,False,3.0,False
2025-11-03,MIDCAP150,147,100,47,0,4,2,0,0,0,1,12,0,2,49.66,147,60.96,146,63.7,146,64.54,141,67.81,58.9,62.41,25763.35,0.16,False,False,2.0,False
2025-11-04,MIDCAP150,147,50,96,1,2,1,2,0,0,0,9,2,1,41.5,147,51.37,146,59.59,146,65.25,141,68.49,56.85,63.12,25597.65,-0.64,False,False,3.0,False
2025-11-06,MIDCAP150,147,29,118,0,2,5,1,0,0,1,2,5,-3,31.97,147,41.78,146,50.0,146,58.16,141,62.33,58.22,63.12,25509.7,-0.34,False,False,-1.0,False
2025-11-07,MIDCAP150,147,77,70,0,2,0,0,0,0,0,9,2,2,36.05,147,40.41,146,47.95,146,56.03,141,60.27,59.59,63.12,25492.3,-0.07,False,False,-2.0,False
2025-11-10,MIDCAP150,148,89,59,0,6,1,1,0,0,0,9,1,5,44.22,147,41.1,146,49.32,146,58.87,141,61.64,58.9,63.12,25574.35,0.32,False,False,7.0,False
2025-11-11,MIDCAP150,148,86,62,0,4,0,1,0,0,0,7,0,4,46.26,147,45.89,146,53.42,146,60.56,142,55.48,57.53,63.38,25694.95,0.47,False,False,9.0,False
2025-11-12,MIDCAP150,149,104,44,1,9,1,0,0,0,0,8,0,8,56.46,147,52.38,147,61.64,146,60.56,142,51.7,56.16,63.38,25875.8,0.7,False,False,16.0,False
2025-11-13,MIDCAP150,149,61,87,1,2,3,0,0,0,0,6,3,-1,50.34,147,47.62,147,52.74,146,60.56,142,45.58,55.48,64.79,25879.15,0.01,False,False,18.0,False
2025-11-14,MIDCAP150,149,64,85,0,5,1,0,0,1,0,4,3,4,44.9,147,46.26,147,51.37,146,61.27,142,44.22,54.79,64.08,25910.05,0.12,False,False,20.0,False
2025-11-17,MIDCAP150,149,100,49,0,5,0,0,0,0,0,14,3,5,58.5,147,54.42,147,53.42,146,63.38,142,44.9,54.79,64.79,26013.45,0.4,False,False,20.0,False
2025-11-18,MIDCAP150,149,35,114,0,2,0,0,0,0,0,9,3,2,47.62,147,46.26,147,49.32,146,61.97,142,44.22,55.48,64.08,25910.05,-0.4,False,False,18.0,False
2025-11-19,MIDCAP150,149,64,85,0,6,1,1,0,0,0,10,4,5,48.98,147,48.98,147,53.42,146,59.15,142,45.58,54.79,64.08,26052.65,0.55,False,False,15.0,False
2025-11-20,MIDCAP150,149,63,86,0,2,2,0,0,1,0,6,4,0,44.9,147,49.66,147,52.74,146,58.45,142,48.3,54.11,64.79,26192.15,0.54,True,False,16.0,False
2025-11-21,MIDCAP150,149,23,125,1,0,4,0,0,0,0,2,4,-4,25.68,148,33.33,147,45.21,146,56.34,142,47.62,52.05,64.79,26068.15,-0.47,False,False,8.0,False
2025-11-24,MIDCAP150,149,57,91,1,4,0,0,0,1,0,5,4,4,23.65,148,35.37,147,45.21,146,56.34,142,44.22,50.0,64.08,25959.5,-0.42,False,False,7.0,False
2025-11-25,MIDCAP150,149,77,72,0,2,1,0,0,1,0,7,6,1,26.17,149,35.37,147,45.21,146,54.93,142,43.54,50.0,64.79,25884.8,-0.29,False,False,6.0,False
2025-11-26,MIDCAP150,149,130,19,0,6,0,0,0,1,0,11,3,6,48.99,149,47.62,147,51.37,146,57.75,142,42.86,51.37,64.79,26205.3,1.24,True,False,7.0,False
2025-11-27,MIDCAP150,149,62,87,0,2,1,0,0,1,0,8,2,1,44.97,149,45.58,147,50.68,146,57.04,142,43.54,50.0,65.49,26215.55,0.04,True,False,8.0,False
2025-11-28,MIDCAP150,149,58,89,2,1,0,0,0,1,0,10,6,1,44.3,149,44.22,147,46.58,146,54.93,142,44.9,52.05,65.49,26202.95,-0.05,False,False,13.0,False
2025-12-01,MIDCAP150,149,60,87,2,1,0,0,0,0,0,4,7,1,42.28,149,41.5,147,44.52,146,54.23,142,42.86,52.05,65.49,26175.75,-0.1,False,False,10.0,False
2025-12-02,MIDCAP150,149,55,94,0,1,1,0,0,1,0,3,5,0,42.28,149,37.41,147,44.52,146,57.04,142,38.1,52.05,65.49,26032.2,-0.55,False,False,9.0,False
2025-12-03,MIDCAP150,149,33,116,0,1,2,0,0,0,0,2,7,-1,27.52,149,32.65,147,39.73,146,52.45,143,36.73,50.68,65.03,25986.0,-0.18,False,False,2.0,False
2025-12-04,MIDCAP150,149,69,80,0,2,4,0,0,0,0,3,6,-2,31.54,149,31.97,147,43.84,146,53.15,143,34.01,50.68,63.64,26033.75,0.18,False,False,-1.0,False
2025-12-05,MIDCAP150,149,85,63,1,3,2,0,0,0,0,5,5,1,38.93,149,35.81,148,44.52,146,53.85,143,34.46,50.68,63.64,26186.45,0.59,False,False,-1.0,False
2025-12-08,MIDCAP150,149,14,135,0,0,8,0,0,0,0,0,10,-8,15.44,149,18.24,148,34.93,146,48.25,143,31.08,51.37,62.94,25960.55,-0.86,False,False,-10.0,False
2025-12-09,MIDCAP150,149,98,51,0,4,0,0,0,0,0,3,2,4,22.15,149,22.82,149,34.93,146,49.65,143,30.87,49.32,62.94,25839.65,-0.47,False,False,-6.0,False
2025-12-10,MIDCAP150,149,38,110,1,0,4,0,0,0,0,1,7,-4,16.11,149,18.12,149,32.88,146,48.25,143,29.53,46.58,62.24,25758.0,-0.32,False,False,-9.0,False
2025-12-11,MIDCAP150,149,105,44,0,5,0,0,0,0,0,2,2,5,28.19,149,23.49,149,36.99,146,47.22,144,31.54,43.15,61.81,25898.55,0.55,False,False,-2.0,False
2025-12-12,MIDCAP150,149,115,33,1,6,0,0,0,0,0,4,2,6,53.02,149,40.27,149,40.41,146,50.0,144,30.87,42.47,61.81,26046.95,0.57,False,False,3.0,False
2025-12-15,MIDCAP150,149,70,78,1,0,0,0,0,0,0,4,2,0,56.38,149,42.28,149,41.78,146,52.78,144,28.19,41.1,61.11,26027.3,-0.08,False,False,11.0,False
2025-12-16,MIDCAP150,149,27,121,1,2,2,0,0,0,0,0,7,0,42.95,149,32.21,149,38.36,146,49.31,144,26.17,39.73,59.72,25860.1,-0.64,False,False,7.0,False
2025-12-17,MIDCAP150,149,44,105,0,0,0,0,0,0,0,2,6,0,33.56,149,28.86,149,34.25,146,50.0,144,28.86,39.04,56.25,25818.55,-0.16,False,False,11.0,False
2025-12-18,MIDCAP150,149,69,79,1,2,1,0,0,0,0,2,4,1,32.89,149,30.2,149,35.62,146,50.69,144,26.17,37.67,56.25,25815.55,-0.01,False,False,7.0,False
2025-12-19,MIDCAP150,150,123,27,0,13,0,0,0,0,0,5,1,13,63.76,149,44.97,149,41.1,146,50.69,144,28.19,37.67,55.56,25966.4,0.58,False,False,14.0,False
2025-12-22,MIDCAP150,150,102,48,0,6,1,0,0,0,0,11,0,5,74.5,149,53.69,149,44.52,146,51.39,144,31.54,38.36,54.17,26172.4,0.79,False,False,19.0,False
2025-12-23,MIDCAP150,150,75,75,0,1,1,0,0,0,0,6,0,0,71.14,149,60.4,149,44.52,146,51.39,144,32.89,38.36,54.17,26177.15,0.02,False,False,19.0,False
2025-12-24,MIDCAP150,150,49,100,1,0,0,0,0,0,0,5,1,0,60.4,149,57.05,149,44.22,147,52.78,144,39.6,38.78,52.78,26142.1,-0.13,False,False,19.0,False
2025-12-26,MIDCAP150,150,51,96,3,1,0,1,0,0,0,4,3,1,55.03,149,55.03,149,44.9,147,52.78,144,44.97,36.73,52.78,26042.3,-0.38,False,False,19.0,False
2025-12-29,MIDCAP150,150,54,95,1,0,1,0,0,0,0,0,3,-1,48.32,149,46.98,149,44.9,147,53.47,144,48.32,35.37,53.47,25942.1,-0.38,False,False,5.0,False
2025-12-30,MIDCAP150,150,57,91,2,7,4,0,0,0,0,11,3,3,45.64,149,48.32,149,40.82,147,52.08,144,51.01,36.05,52.78,25938.85,-0.01,False,False,3.0,False
2025-12-31,MIDCAP150,150,120,30,0,3,1,0,0,0,0,13,1,2,62.42,149,61.07,149,46.26,147,54.86,144,55.03,36.05,52.78,26129.6,0.74,False,False,5.0,False
2026-01-01,MIDCAP150,150,78,71,1,5,1,0,0,0,0,18,2,4,61.07,149,63.76,149,46.94,147,55.56,144,60.4,36.05,52.78,26146.55,0.06,False,False,9.0,False
2026-01-02,MIDCAP150,150,106,44,0,7,2,0,2,0,1,17,3,5,70.0,150,70.47,149,57.82,147,57.64,144,61.07,36.73,53.47,26328.55,0.7,False,False,13.0,False
2026-01-05,MIDCAP150,150,69,81,0,1,3,0,1,0,1,17,6,-2,65.33,150,68.46,149,60.54,147,56.25,144,65.1,36.73,54.17,26250.3,-0.3,False,False,12.0,False
2026-01-06,MIDCAP150,150,62,87,1,3,1,0,1,1,1,8,5,2,60.67,150,66.44,149,61.22,147,55.56,144,64.43,38.78,54.17,26178.7,-0.27,False,False,11.0,False
2026-01-07,MIDCAP150,150,85,65,0,5,0,0,2,1,1,9,6,5,67.33,150,71.14,149,63.95,147,59.03,144,65.1,39.46,54.17,26140.75,-0.14,False,False,14.0,False
2026-01-08,MIDCAP150,150,14,136,0,0,12,0,1,1,1,1,9,-12,40.67,150,50.34,149,48.98,147,50.0,144,65.1,42.86,54.17,25876.85,-1.01,False,False,-2.0,False
2026-01-09,MIDCAP150,150,33,117,0,1,3,0,0,1,2,1,12,-2,24.67,150,35.57,149,39.46,147,47.92,144,62.42,44.22,54.17,25683.3,-0.75,False,True,-9.0,False
2026-01-12,MIDCAP150,150,69,79,2,1,1,0,0,1,1,1,7,0,24.0,150,36.24,149,39.46,147,45.14,144,62.42,44.22,53.47,25790.25,0.42,False,False,-7.0,False
2026-01-13,MIDCAP150,150,71,78,1,2,2,0,1,1,2,3,7,0,21.33,150,36.24,149,40.14,147,45.83,144,60.4,44.9,53.47,25732.3,-0.22,False,False,-9.0,False
2026-01-14,MIDCAP150,150,74,76,0,2,1,0,1,1,2,4,8,1,25.33,150,34.9,149,42.86,147,45.14,144,57.72,45.58,52.78,25665.6,-0.26,False,True,-13.0,False
2026-01-16,MIDCAP150,150,67,83,0,7,5,0,1,1,2,4,12,2,31.33,150,38.93,149,42.86,147,44.44,144,52.35,46.26,50.69,25694.35,0.11,False,False,1.0,False
2026-01-19,MIDCAP150,150,38,112,0,3,2,0,1,1,2,3,12,1,19.33,150,28.0,150,38.1,147,41.67,144,46.0,47.62,50.0,25585.5,-0.42,False,False,4.0,False
2026-01-20,MIDCAP150,150,7,143,0,0,17,0,1,1,2,0,21,-17,8.67,150,13.33,150,20.95,148,36.81,144,34.67,47.3,50.0,25232.5,-1.38,False,False,-13.0,False
2026-01-21,MIDCAP150,150,47,103,0,2,10,0,0,1,3,0,22,-8,8.0,150,11.33,150,16.22,148,36.11,144,30.0,44.59,49.31,25157.5,-0.3,False,False,-21.0,False
2026-01-22,MIDCAP150,150,105,45,0,10,3,0,1,1,3,4,12,7,20.0,150,17.33,150,25.5,149,38.89,144,22.67,44.3,47.92,25289.9,0.53,False,False,-15.0,False
2026-01-23,MIDCAP150,150,26,124,0,0,8,0,1,1,3,1,25,-8,14.0,150,11.33,150,17.45,149,33.33,144,20.0,41.61,47.92,25048.65,-0.95,False,True,-25.0,False
2026-01-27,MIDCAP150,150,86,64,0,5,1,0,0,1,3,4,17,4,16.67,150,14.0,150,22.15,149,32.64,144,18.0,38.93,47.22,25175.4,0.51,False,False,-22.0,False
2026-01-28,MIDCAP150,150,117,33,0,18,2,0,0,1,4,6,4,16,35.33,150,24.67,150,29.53,149,38.19,144,18.67,39.6,45.83,25342.75,0.66,False,False,11.0,True
2026-01-29,MIDCAP150,150,62,88,0,4,4,1,0,2,3,5,12,0,36.0,150,22.0,150,27.52,149,39.58,144,14.67,38.93,45.83,25418.9,0.3,False,False,19.0,False
2026-01-30,MIDCAP150,150,88,62,0,4,6,1,0,0,2,4,9,-2,47.33,150,29.33,150,29.53,149,40.28,144,12.67,38.26,45.83,25320.65,-0.39,False,False,10.0,False
2026-02-02,MIDCAP150,150,91,59,0,11,1,1,0,1,4,4,8,10,57.33,150,35.33,150,30.2,149,40.97,144,12.0,36.91,45.14,25088.4,-0.92,False,False,28.0,False
2026-02-03,MIDCAP150,150,138,12,0,39,1,4,0,1,2,12,1,38,85.33,150,62.67,150,47.65,149,47.22,144,16.67,35.57,45.14,25727.55,2.55,False,False,62.0,True
2026-02-04,MIDCAP150,150,92,58,0,7,6,2,0,1,1,14,2,1,82.67,150,68.67,150,51.68,149,46.53,144,22.0,35.57,43.75,25776.0,0.19,False,False,47.0,False
2026-02-05,MIDCAP150,150,52,96,2,3,3,1,0,0,2,8,2,0,80.67,150,64.0,150,51.01,149,47.22,144,29.33,32.89,44.44,25642.8,-0.52,False,False,47.0,False
2026-02-06,MIDCAP150,150,71,79,0,6,2,1,0,0,2,8,5,4,80.67,150,68.0,150,48.99,149,47.22,144,34.67,31.54,44.44,25693.7,0.2,False,False,53.0,False
2026-02-09,MIDCAP150,150,128,22,0,14,0,0,0,0,1,17,2,14,85.33,150,82.67,150,57.05,149,51.39,144,51.33,32.21,44.44,25867.3,0.68,False,False,57.0,False
2026-02-10,MIDCAP150,150,77,72,1,5,1,0,0,4,1,12,2,4,83.33,150,78.67,150,60.4,149,50.69,144,62.0,33.56,44.44,25935.15,0.26,False,False,23.0,False
2026-02-11,MIDCAP150,150,73,77,0,4,3,0,0,4,1,13,4,1,79.33,150,80.67,150,59.06,149,50.69,144,70.67,32.89,43.75,25953.85,0.07,True,False,23.0,False
2026-02-12,MIDCAP150,150,45,105,0,4,7,0,0,3,2,8,4,-3,68.67,150,78.0,150,55.03,149,47.92,144,76.67,33.56,44.44,25807.2,-0.57,False,False,20.0,False
2026-02-13,MIDCAP150,150,23,127,0,1,13,0,0,3,1,3,9,-12,44.0,150,64.0,150,42.28,149,47.22,144,82.0,32.89,44.44,25471.1,-1.3,False,False,4.0,False
2026-02-16,MIDCAP150,150,104,46,0,1,1,0,0,4,0,6,3,0,40.67,150,66.0,150,48.99,149,46.53,144,86.0,32.89,43.75,25682.75,0.83,False,False,-10.0,False
2026-02-17,MIDCAP150,150,90,59,1,3,0,0,0,5,0,9,1,3,48.0,150,69.33,150,52.35,149,48.61,144,86.0,34.9,43.75,25725.4,0.17,False,False,-11.0,False
2026-02-18,MIDCAP150,150,97,52,1,2,0,0,0,4,0,16,3,2,57.33,150,72.0,150,53.69,149,47.92,144,83.33,38.26,44.44,25819.35,0.37,False,False,-10.0,False
2026-02-19,MIDCAP150,150,19,131,0,3,6,0,0,4,1,1,9,-3,38.0,150,59.33,150,51.68,149,42.36,144,79.33,40.94,44.44,25454.35,-1.41,False,False,-10.0,False
2026-02-20,MIDCAP150,150,88,62,0,4,0,0,0,6,1,10,11,4,40.0,150,60.0,150,55.7,149,43.75,144,76.0,42.95,43.75,25571.25,0.46,False,False,6.0,False
2026-02-23,MIDCAP150,150,87,63,0,1,5,0,0,5,1,14,6,-4,52.0,150,57.33,150,53.69,149,45.14,144,68.0,45.64,44.44,25713.0,0.55,False,False,2.0,False
2026-02-24,MIDCAP150,150,65,85,0,1,9,0,0,6,3,14,10,-8,42.67,150,53.33,150,49.66,149,46.53,144,63.33,45.64,45.83,25424.65,-1.12,False,False,-9.0,False
2026-02-25,MIDCAP150,150,95,55,0,9,2,0,0,7,2,16,4,7,54.67,150,57.33,150,53.69,149,45.83,144,60.0,48.32,45.83,25482.5,0.23,False,False,-4.0,False
2026-02-26,MIDCAP150,150,87,62,1,1,0,0,0,7,2,18,4,1,56.0,150,58.67,150,54.36,149,46.53,144,53.33,51.01,45.83,25496.55,0.06,False,False,0.0,False
2026-02-27,MIDCAP150,150,37,113,0,3,5,0,0,6,2,13,11,-2,38.0,150,42.0,150,47.65,149,42.36,144,52.67,53.69,45.83,25178.65,-1.25,False,False,-6.0,False
2026-03-02,MIDCAP150,150,12,138,0,0,12,0,0,5,2,2,20,-12,28.67,150,31.33,150,37.58,149,38.19,144,47.33,55.7,45.83,24865.7,-1.24,False,False,-14.0,False
2026-03-04,MIDCAP150,150,14,136,0,0,21,0,0,2,3,0,23,-21,10.0,150,18.0,150,30.67,150,35.42,144,40.67,53.33,45.83,24480.5,-1.55,False,False,-27.0,False
2026-03-05,MIDCAP150,150,124,26,0,10,0,0,0,1,4,4,8,10,22.0,150,25.33,150,35.33,150,36.81,144,37.33,53.33,45.83,24765.9,1.17,False,False,-24.0,False
2026-03-06,MIDCAP150,150,49,101,0,3,3,0,0,1,3,7,10,0,20.0,150,23.33,150,34.67,150,36.11,144,34.67,52.67,45.14,24450.45,-1.27,False,True,-25.0,False
2026-03-09,MIDCAP150,150,15,135,0,0,14,0,0,1,3,1,23,-14,9.33,150,15.33,150,27.33,150,34.03,144,31.33,49.33,45.14,24028.05,-1.73,False,False,-37.0,False
2026-03-10,MIDCAP150,150,125,24,1,11,2,0,0,0,3,2,7,9,21.33,150,24.0,150,32.0,150,35.42,144,28.67,46.0,44.44,24261.6,0.97,False,False,-16.0,False
2026-03-11,MIDCAP150,150,40,110,0,4,7,0,0,0,3,7,16,-3,22.0,150,18.67,150,28.67,150,37.5,144,26.67,46.0,44.44,23866.85,-1.63,False,True,2.0,False
2026-03-12,MIDCAP150,150,56,94,0,10,2,1,0,0,3,5,15,8,25.33,150,24.0,150,30.0,150,37.5,144,24.67,44.67,43.06,23639.15,-0.95,False,True,0.0,False
2026-03-13,MIDCAP150,150,10,140,0,2,25,0,0,0,3,1,26,-23,12.67,150,15.33,150,18.0,150,31.25,144,21.33,44.0,43.06,23151.1,-2.06,False,False,-23.0,False
2026-03-16,MIDCAP150,150,62,87,1,0,4,0,0,0,1,0,25,-4,13.33,150,10.67,150,18.0,150,33.33,144,19.33,44.67,43.75,23408.8,1.11,False,False,-13.0,False
2026-03-17,MIDCAP150,150,107,43,0,6,0,0,0,0,1,1,16,6,20.0,150,14.67,150,20.67,150,34.72,144,16.67,42.0,42.36,23581.15,0.74,False,False,-16.0,False
2026-03-18,MIDCAP150,150,129,20,1,16,0,0,0,0,0,0,1,16,46.67,150,20.67,150,26.67,150,38.89,144,18.0,41.33,40.28,23777.8,0.83,False,False,3.0,True
2026-03-19,MIDCAP150,150,7,143,0,1,35,0,0,0,3,0,24,-34,17.33,150,12.67,150,19.33,150,29.17,144,15.33,38.0,39.58,23002.15,-3.26,False,True,-39.0,False
2026-03-20,MIDCAP150,150,91,58,1,11,3,0,0,0,2,0,10,8,26.67,150,17.33,150,24.0,150,31.25,144,14.0,38.0,39.58,23114.5,0.49,False,False,-8.0,False
2026-03-23,MIDCAP150,150,6,144,0,0,72,0,0,0,3,0,44,-72,8.67,150,6.67,150,13.33,150,19.44,144,14.0,35.33,38.19,22512.65,-2.6,False,False,-76.0,False
2026-03-24,MIDCAP150,150,143,7,0,16,0,0,0,0,1,0,5,16,24.0,150,14.0,150,18.67,150,25.69,144,14.67,32.67,38.19,22912.4,1.78,False,False,-66.0,True
2026-03-25,MIDCAP150,150,143,7,0,21,0,0,0,0,0,1,0,21,61.33,150,30.0,150,22.67,150,33.33,144,13.33,29.33,38.19,23306.45,1.72,False,False,-61.0,True
2026-03-27,MIDCAP150,150,17,133,0,3,22,0,0,0,1,2,15,-19,30.0,150,18.0,150,19.33,150,23.61,144,12.0,26.0,37.5,22819.6,-2.09,False,False,-46.0,False
2026-03-30,MIDCAP150,150,10,140,0,2,38,0,0,0,2,1,36,-36,14.67,150,8.67,150,14.67,150,20.14,144,13.33,26.0,37.5,22331.4,-2.14,False,True,-90.0,False
2026-04-01,MIDCAP150,150,126,23,1,39,1,0,0,1,2,2,2,38,40.0,150,22.67,150,19.33,150,25.0,144,14.67,24.67,36.11,22679.4,1.56,False,False,20.0,True
2026-04-02,MIDCAP150,150,55,95,0,3,4,0,0,1,2,0,4,-1,34.0,150,28.0,150,20.0,150,25.0,144,16.0,22.0,35.42,22713.1,0.15,False,False,3.0,False
2026-04-06,MIDCAP150,150,122,28,0,11,0,0,0,1,1,0,2,11,60.67,150,38.0,150,22.67,150,27.08,144,16.0,21.33,35.42,22968.25,1.12,False,False,-7.0,False
2026-04-07,MIDCAP150,150,71,78,1,2,2,0,0,1,0,1,2,0,60.0,150,39.33,150,23.33,150,28.47,144,20.0,19.33,35.42,23123.65,0.68,False,False,12.0,False
2026-04-08,MIDCAP150,150,138,12,0,73,1,1,0,1,0,1,0,72,88.0,150,74.67,150,40.0,150,34.03,144,24.0,18.67,35.42,23997.35,3.78,False,False,120.0,True
2026-04-09,MIDCAP150,150,72,77,1,6,0,0,0,2,0,4,1,6,88.0,150,76.0,150,40.67,150,33.33,144,35.33,18.0,34.72,23775.1,-0.93,False,False,88.0,False
2026-04-10,MIDCAP150,150,133,16,1,14,0,1,0,4,0,9,0,14,93.33,150,86.0,150,51.33,150,34.72,144,48.0,16.67,34.72,24050.6,1.16,False,False,103.0,False
2026-04-13,MIDCAP150,150,45,104,1,5,4,2,0,3,0,6,1,1,91.33,150,87.33,150,44.67,150,37.5,144,48.67,18.0,35.42,23842.65,-0.86,False,False,93.0,False
2026-04-15,MIDCAP150,150,138,12,0,21,1,4,0,6,0,10,0,20,96.0,150,93.33,150,59.33,150,40.28,144,71.33,18.0,35.42,24231.3,1.63,False,False,113.0,True
2026-04-16,MIDCAP150,150,102,48,0,6,1,2,0,5,0,10,0,5,94.0,150,88.67,150,65.33,150,41.67,144,78.0,19.33,36.11,24196.75,-0.14,False,False,46.0,False
2026-04-17,MIDCAP150,150,116,33,1,10,0,1,0,9,0,15,0,10,95.33,150,93.33,150,68.67,150,43.75,144,81.33,21.33,36.81,24353.55,0.65,False,False,50.0,False
2026-04-20,MIDCAP150,150,67,83,0,2,0,0,0,9,0,10,1,2,93.33,150,91.33,150,67.33,150,43.75,144,86.67,22.67,38.19,24364.85,0.05,True,False,38.0,False
2026-04-21,MIDCAP150,150,98,52,0,6,0,0,0,7,0,12,1,6,91.33,150,93.33,150,71.33,150,46.53,144,90.67,25.33,38.19,24576.6,0.87,False,False,43.0,False
2026-04-22,MIDCAP150,150,96,53,1,6,5,0,0,4,0,10,0,1,84.67,150,92.0,150,70.0,150,46.53,144,94.0,26.0,38.89,24378.1,-0.81,False,False,24.0,False
2026-04-23,MIDCAP150,150,52,97,1,6,3,0,0,8,0,12,1,3,72.67,150,92.67,150,65.33,150,47.22,144,95.33,28.0,38.89,24173.05,-0.84,False,False,22.0,False
2026-04-24,MIDCAP150,150,31,119,0,1,6,0,0,6,0,6,1,-5,52.67,150,80.0,150,62.67,150,44.14,145,94.67,32.67,38.62,23897.95,-1.14,False,False,7.0,False
2026-04-27,MIDCAP150,150,126,24,0,19,0,0,0,20,0,11,0,19,64.67,150,84.67,150,69.33,150,47.59,145,94.0,43.33,38.62,24092.7,0.81,False,False,24.0,True
2026-04-28,MIDCAP150,150,66,84,0,1,0,1,0,17,0,11,0,1,58.67,150,80.0,150,68.67,150,48.97,145,94.67,46.67,38.62,23995.7,-0.4,False,False,19.0,False
2026-04-29,MIDCAP150,150,78,72,0,3,2,0,0,11,0,9,0,1,58.0,150,78.0,150,69.33,150,48.28,145,93.33,51.33,37.93,24177.65,0.76,False,False,19.0,False
2026-04-30,MIDCAP150,150,28,121,1,1,3,0,0,15,0,2,1,-2,38.67,150,71.33,150,68.0,150,47.59,145,90.0,58.0,37.93,23997.55,-0.74,False,False,14.0,False
2026-05-04,MIDCAP150,150,98,52,0,10,0,0,0,25,0,9,1,10,50.0,150,74.0,150,70.67,150,45.52,145,87.33,62.0,37.93,24119.3,0.51,False,False,29.0,False
2026-05-05,MIDCAP150,150,73,77,0,1,2,0,0,15,0,8,0,-1,50.0,150,68.0,150,68.0,150,48.97,145,81.33,64.0,37.93,24032.8,-0.36,False,False,9.0,False
2026-05-06,MIDCAP150,150,124,26,0,15,2,0,0,20,0,10,1,13,68.67,150,74.0,150,75.33,150,53.1,145,75.33,70.67,37.93,24330.95,1.24,False,False,21.0,True
2026-05-07,MIDCAP150,150,99,51,0,9,0,1,0,19,0,16,0,9,73.33,150,73.33,150,81.33,150,53.1,145,71.33,74.67,37.93,24326.65,-0.02,False,False,29.0,False
2026-05-08,MIDCAP150,150,60,89,1,4,2,1,0,20,0,6,0,2,66.67,150,71.33,150,78.67,150,55.17,145,69.33,77.33,37.24,24176.15,-0.62,False,False,33.0,False
2026-05-11,MIDCAP150,150,35,115,0,2,11,0,0,8,0,7,3,-9,47.33,150,58.0,150,72.0,150,53.1,145,64.67,77.33,37.93,23815.85,-1.49,False,True,14.0,False
2026-05-12,MIDCAP150,150,12,138,0,1,26,0,0,5,0,2,8,-25,23.33,150,36.67,150,62.67,150,46.21,145,62.0,78.67,37.93,23379.55,-1.83,False,True,-10.0,False
2026-05-13,MIDCAP150,150,91,58,1,8,1,0,0,2,0,6,5,7,27.33,150,36.0,150,65.33,150,46.9,145,57.33,81.33,37.93,23412.6,0.14,False,False,-16.0,False
2026-05-14,MIDCAP150,150,112,38,0,10,3,0,0,4,0,9,0,7,39.33,150,40.67,150,68.0,150,48.63,146,53.33,82.67,39.04,23689.6,1.18,False,False,-18.0,False
2026-05-15,MIDCAP150,150,58,92,0,0,4,0,0,4,0,6,5,-4,34.67,150,36.67,150,68.67,150,46.58,146,51.33,82.0,37.67,23643.5,-0.19,False,False,-24.0,False
2026-05-18,MIDCAP150,150,43,107,0,3,5,0,0,3,0,2,7,-2,28.67,150,33.33,150,64.0,150,44.52,146,52.0,82.0,37.67,23649.95,0.03,False,False,-17.0,False
2026-05-19,MIDCAP150,150,96,53,1,5,1,0,0,2,0,5,5,4,36.0,150,38.67,150,68.67,150,45.21,146,48.0,81.33,37.67,23618.0,-0.14,False,False,12.0,False
2026-05-20,MIDCAP150,150,78,72,0,3,1,0,0,2,0,5,4,2,41.33,150,39.33,150,67.33,150,45.21,146,44.0,78.67,37.67,23659.0,0.17,False,False,7.0,False
2026-05-21,MIDCAP150,150,87,62,1,3,2,1,0,2,0,7,5,1,48.67,150,45.33,150,68.67,150,46.58,146,38.67,78.67,36.99,23654.7,-0.02,False,False,1.0,False
2026-05-22,MIDCAP150,150,82,66,2,2,3,1,0,2,0,5,5,-1,55.33,150,48.67,150,68.0,150,47.95,146,34.67,79.33,37.67,23719.3,0.27,False,False,4.0,False
2026-05-25,MIDCAP150,150,107,43,0,2,0,0,0,1,0,5,1,2,70.0,150,53.33,150,75.33,150,48.63,146,32.0,78.0,37.67,24031.7,1.32,False,False,8.0,False
2026-05-26,MIDCAP150,150,76,73,1,4,2,2,0,3,0,10,0,2,64.0,150,58.67,150,73.33,150,51.37,146,38.67,77.33,38.36,23913.7,-0.49,False,False,6.0,False
2026-05-27,MIDCAP150,150,78,71,1,12,1,1,0,2,0,14,0,11,65.33,150,56.0,150,75.33,150,52.05,146,42.0,77.33,39.73,23907.15,-0.03,False,False,15.0,False
2026-05-29,MIDCAP150,150,32,118,0,1,15,1,1,1,1,5,6,-14,48.0,150,44.0,150,65.33,150,47.26,146,44.0,75.33,39.04,23547.75,-1.5,False,False,0.0,False
2026-06-01,MIDCAP150,150,36,114,0,1,10,0,1,3,1,3,9,-9,32.0,150,32.67,150,58.0,150,45.89,146,46.67,74.67,39.04,23382.6,-0.7,False,False,-8.0,False
2026-06-02,MIDCAP150,150,87,61,2,2,2,0,1,3,1,4,6,0,34.67,150,34.67,150,54.67,150,45.89,146,43.33,74.0,39.73,23483.55,0.43,False,False,-10.0,False
2026-06-03,MIDCAP150,150,60,90,0,2,6,0,1,1,1,6,6,-4,30.67,150,33.33,150,52.0,150,44.52,146,41.33,71.33,39.04,23405.6,-0.33,False,False,-16.0,False
2026-06-04,MIDCAP150,150,83,67,0,2,2,0,1,2,1,6,6,0,33.33,150,38.67,150,54.0,150,43.84,146,42.67,69.33,39.04,23416.55,0.05,False,False,-27.0,False
2026-06-05,MIDCAP150,150,69,81,0,0,1,0,0,1,1,5,6,-1,34.67,150,34.67,150,52.0,150,43.84,146,46.0,68.0,39.04,23366.7,-0.21,False,False,-14.0,False
2026-06-08,MIDCAP150,150,21,129,0,0,7,0,0,1,2,2,12,-7,15.33,150,25.33,150,43.33,150,42.47,146,47.33,66.67,39.73,23123.0,-1.04,False,False,-12.0,False
2026-06-09,MIDCAP150,150,124,26,0,6,0,0,0,1,1,1,3,6,34.0,150,34.67,150,47.33,150,44.52,146,44.0,59.33,40.41,23242.1,0.52,False,False,-6.0,False
2026-06-10,MIDCAP150,150,26,124,0,1,6,0,0,1,1,1,7,-5,23.33,150,26.67,150,40.67,150,42.47,146,38.0,56.67,41.1,23214.95,-0.12,False,False,-7.0,False
2026-06-11,MIDCAP150,150,32,117,1,0,2,0,0,1,1,1,14,-2,18.0,150,18.0,150,36.67,150,39.04,146,30.0,54.0,41.1,23161.6,-0.23,False,False,-9.0,False
2026-06-12,MIDCAP150,150,134,16,0,30,0,0,0,2,1,4,0,30,59.33,150,44.67,150,48.0,150,46.58,146,30.0,52.0,41.1,23622.9,1.99,False,False,22.0,True
2026-06-15,MIDCAP150,150,115,35,0,20,1,2,0,2,1,9,0,19,71.33,150,58.0,150,55.33,150,47.95,146,32.0,51.33,41.1,23853.9,0.98,False,False,48.0,True
2026-06-16,MIDCAP150,150,90,59,1,2,2,0,0,2,1,6,0,0,76.0,150,65.33,150,55.33,150,47.26,146,34.67,48.0,41.78,23989.15,0.57,False,False,42.0,False
2026-06-17,MIDCAP150,150,85,65,0,7,0,0,0,2,1,10,2,7,76.67,150,64.67,150,58.67,150,49.32,146,36.0,48.0,43.15,24085.7,0.4,True,False,54.0,False
2026-06-18,MIDCAP150,150,93,57,0,7,0,1,0,2,1,9,1,7,80.67,150,73.33,150,63.33,150,50.0,146,40.0,46.0,43.84,24168.0,0.34,True,False,63.0,False
2026-06-19,MIDCAP150,150,78,72,0,5,2,1,0,1,1,13,0,3,83.33,150,72.0,150,63.33,150,51.37,146,43.33,46.67,46.58,24013.1,-0.64,False,False,36.0,False
2026-06-22,MIDCAP150,150,94,56,0,5,0,1,0,2,1,10,1,5,84.0,150,78.0,150,64.0,150,52.74,146,50.0,46.67,46.58,24102.9,0.37,False,False,22.0,False
2026-06-23,MIDCAP150,150,35,115,0,0,2,1,0,1,1,5,1,-2,68.0,150,68.67,150,58.0,150,50.68,146,60.67,46.0,47.26,23824.1,-1.16,False,False,20.0,False
2026-06-24,MIDCAP150,150,74,76,0,6,2,0,0,2,1,7,1,4,64.0,150,72.0,150,60.0,150,52.05,146,70.0,46.0,48.63,24021.65,0.83,False,False,17.0,False
2026-06-25,MIDCAP150,150,50,99,1,2,1,0,0,2,1,4,1,1,47.33,150,61.33,150,56.0,150,51.37,146,78.0,46.67,49.32,24056.0,0.14,False,False,11.0,False
2026-06-29,MIDCAP150,150,60,89,1,6,13,0,0,0,1,7,7,-7,41.33,150,57.33,150,51.33,150,49.32,146,80.0,46.67,49.32,23946.25,-0.46,False,False,1.0,False
2026-06-30,MIDCAP150,150,92,58,0,4,1,0,0,0,0,12,4,3,48.0,150,62.0,150,54.67,150,50.0,146,78.67,47.33,48.63,23865.75,-0.34,False,False,-1.0,False
2026-07-01,MIDCAP150,150,80,70,0,6,4,0,1,0,1,7,4,2,49.33,150,58.67,150,57.33,150,52.05,146,77.33,49.33,49.32,24005.85,0.59,False,False,3.0,False
2026-07-02,MIDCAP150,150,95,55,0,7,0,0,1,1,1,9,0,7,58.0,150,65.33,150,60.0,150,53.42,146,76.67,50.0,49.32,24175.7,0.71,True,False,6.0,False
2026-07-03,MIDCAP150,150,67,83,0,3,6,0,1,1,1,11,0,-3,57.33,150,62.67,150,58.67,150,54.11,146,74.0,52.0,50.0,24270.85,0.39,True,False,2.0,False
2026-07-06,MIDCAP150,150,80,70,0,3,0,0,1,2,1,9,1,3,55.33,150,62.67,150,58.67,150,54.79,146,72.67,53.33,50.0,24430.35,0.66,True,False,12.0,False
2026-07-07,MIDCAP150,150,57,93,0,2,3,0,0,0,1,7,0,-1,53.33,150,59.33,150,58.0,150,55.48,146,62.0,54.67,50.68,24398.7,-0.13,False,False,8.0,False
2026-07-08,MIDCAP150,150,23,127,0,1,15,0,0,0,1,2,2,-14,27.33,150,42.0,150,45.33,150,50.0,146,55.33,56.0,50.68,23882.05,-2.12,False,False,-8.0,False
2026-07-09,MIDCAP150,150,127,23,0,7,0,0,0,0,1,5,1,7,45.33,150,50.0,150,53.33,150,52.05,146,56.0,58.0,50.0,23962.8,0.34,False,False,-8.0,False
2026-07-10,MIDCAP150,150,125,25,0,9,0,1,0,6,0,6,0,9,66.0,150,64.0,150,64.0,150,56.85,146,53.33,60.67,50.0,24206.9,1.02,False,False,4.0,False
2026-07-13,MIDCAP150,150,63,86,1,3,0,1,0,9,0,7,1,3,59.33,150,59.33,150,61.33,150,55.48,146,51.33,61.33,50.68,24211.0,0.02,False,False,4.0,False
2026-07-14,MIDCAP150,150,47,103,0,2,1,1,0,3,1,3,2,1,51.33,150,52.67,150,56.0,150,55.48,146,51.33,62.0,48.63,24052.05,-0.66,False,False,6.0,False
2026-07-15,MIDCAP150,150,86,64,0,7,2,1,0,2,1,4,2,5,58.67,150,58.67,150,60.67,150,58.22,146,53.33,62.67,48.63,24078.5,0.11,False,False,25.0,False
2026-07-16,MIDCAP150,150,55,95,0,4,3,1,0,2,1,5,2,1,50.67,150,48.67,150,60.0,150,55.48,146,56.67,63.33,48.63,24072.75,-0.02,False,False,19.0,False
2026-07-17,MIDCAP150,150,59,90,1,4,3,1,0,2,1,8,3,1,46.67,150,50.67,150,58.0,150,54.11,146,53.33,62.67,48.63,24334.3,1.09,False,False,11.0,False
2026-07-20,MIDCAP150,150,96,54,0,3,0,0,0,1,0,8,0,3,56.0,150,59.33,150,60.67,150,56.16,146,56.67,62.0,47.95,24238.5,-0.39,False,False,11.0,False
2026-07-21,MIDCAP150,150,89,59,2,2,0,0,0,1,1,10,1,2,57.33,150,58.67,150,61.33,150,58.22,146,55.33,62.0,48.63,24187.7,-0.21,False,False,12.0,False
2026-07-22,MIDCAP150,150,30,119,1,2,4,0,0,2,1,5,4,-2,35.33,150,47.33,150,53.33,150,57.53,146,55.33,62.67,48.63,23996.25,-0.79,False,False,5.0,False
2026-07-23,MIDCAP150,150,27,122,1,1,2,0,0,2,1,0,3,-1,23.33,150,37.33,150,48.67,150,54.79,146,56.67,60.67,48.63,23869.6,-0.53,False,False,3.0,False
2026-07-24,MIDCAP150,150,68,82,0,3,1,0,0,1,0,2,0,2,24.0,150,35.33,150,48.0,150,52.74,146,54.67,61.33,49.32,23767.45,-0.43,False,True,4.0,False
2026-07-27,MIDCAP150,150,109,41,0,6,1,0,0,1,0,5,1,5,41.33,150,45.33,150,55.33,150,56.85,146,52.67,62.0,50.0,23995.95,0.96,False,False,6.0,False
2026-07-28,MIDCAP150,150,65,85,0,4,3,0,0,3,0,5,2,1,44.67,150,44.67,150,54.67,150,56.16,146,49.33,60.67,50.68,23985.35,-0.04,False,False,5.0,False
2026-07-29,MIDCAP150,150,107,43,0,7,1,0,0,3,0,7,0,6,62.0,150,55.33,150,60.67,150,56.85,146,46.0,61.33,50.68,24250.2,1.1,False,False,13.0,False
2026-07-30,MIDCAP150,150,41,108,1,1,6,1,0,4,0,5,0,-5,47.33,150,47.33,150,56.0,150,55.48,146,44.67,61.33,51.37,24317.15,0.28,False,False,9.0,False
2026-07-31,MIDCAP150,150,88,62,0,6,1,1,0,1,0,2,0,5,54.67,150,51.33,150,56.67,150,57.53,146,44.0,62.0,50.0,24383.6,0.27,False,False,12.0,False
2026-08-03,MIDCAP150,150,115,35,0,11,1,1,0,1,0,9,0,10,75.33,150,64.0,150,66.0,150,61.64,146,45.33,60.67,49.32,24774.3,1.6,False,False,17.0,False
2026-08-04,MIDCAP150,150,51,95,4,4,4,1,0,1,0,5,2,0,70.0,150,60.0,150,61.33,150,59.59,146,46.0,60.0,49.32,24614.9,-0.64,False,False,16.0,False
2026-08-05,MIDCAP150,150,89,60,1,3,0,1,0,1,0,7,0,3,72.0,150,64.0,150,65.33,150,58.22,146,47.33,61.33,50.68,24624.65,0.04,False,False,13.0,False
2026-08-06,MIDCAP150,150,45,101,4,4,1,0,0,1,0,4,1,3,63.33,150,58.0,150,64.0,150,56.46,147,50.67,62.0,50.34,24636.0,0.05,False,False,21.0,False
2026-08-07,MIDCAP150,150,81,66,3,2,0,0,0,1,0,7,2,2,55.33,150,58.67,150,63.33,150,58.5,147,56.67,62.67,51.02,24570.65,-0.27,False,False,18.0,False
2026-08-10,MIDCAP150,150,76,74,0,5,3,0,0,1,0,8,2,2,54.67,150,58.67,150,61.33,150,59.18,147,56.67,60.0,52.38,24583.8,0.05,False,False,10.0,False
2026-08-11,MIDCAP150,150,62,86,2,4,0,0,0,0,0,7,1,4,51.33,150,55.33,150,59.33,150,59.18,147,60.0,60.0,52.38,24471.7,-0.46,False,False,14.0,False
2026-08-12,MIDCAP150,150,78,70,2,5,4,0,0,1,0,6,2,1,50.0,150,58.67,150,59.33,150,59.86,147,59.33,58.0,52.38,24435.95,-0.15,False,False,12.0,False
2026-08-13,MIDCAP150,150,71,76,3,4,3,0,0,0,0,8,2,1,50.0,150,60.0,150,56.0,150,59.18,147,61.33,58.0,52.38,24395.85,-0.16,False,False,10.0,False
2026-08-14,MIDCAP150,150,53,95,2,2,2,0,0,0,0,4,2,0,45.33,150,54.0,150,56.67,150,59.18,147,62.0,57.33,52.38,24366.0,-0.12,False,False,8.0,False
2024-04-01,NIFTY50,48,33,15,0,3,0,0,0,0,0,0,0,3,,0,,0,,0,,0,,,,22462.0,,False,False,,False
2024-04-02,NIFTY50,48,27,21,0,2,0,0,0,0,0,0,0,2,,0,,0,,0,,0,,,,22453.3,-0.04,False,False,,False
2024-04-03,NIFTY50,48,19,28,1,0,0,0,0,0,0,0,0,0,,0,,0,,0,,0,,,,22434.65,-0.08,False,False,,False
2024-04-04,NIFTY50,48,26,22,0,0,0,0,0,0,0,0,0,0,,0,,0,,0,,0,,,,22514.65,0.36,False,False,,False
2024-04-05,NIFTY50,48,20,28,0,0,0,0,0,0,0,0,0,0,,0,,0,,0,,0,,,,22513.7,-0.0,False,False,5.0,False
2024-04-08,NIFTY50,48,33,15,0,1,0,0,0,0,0,0,0,1,,0,,0,,0,,0,,,,22666.3,0.68,False,False,3.0,False
2024-04-09,NIFTY50,48,20,28,0,0,0,0,0,0,0,0,0,0,,0,,0,,0,,0,,,,22642.75,-0.1,False,False,1.0,False
2024-04-10,NIFTY50,48,32,16,0,2,0,0,0,0,0,0,0,2,,0,,0,,0,,0,,,,22753.8,0.49,False,False,3.0,False
2024-04-12,NIFTY50,48,8,40,0,0,0,0,0,0,0,0,0,0,,0,,0,,0,,0,,,,22519.4,-1.03,False,False,3.0,False
2024-04-15,NIFTY50,48,6,42,0,1,2,0,0,0,0,0,0,-1,29.17,48,,0,,0,,0,,,,22272.5,-1.1,False,False,2.0,False
2024-04-16,NIFTY50,48,15,32,1,0,0,0,0,0,0,0,0,0,22.92,48,,0,,0,,0,,,,22147.9,-0.56,False,False,1.0,False
2024-04-18,NIFTY50,48,10,37,1,2,2,0,0,0,0,0,0,0,20.83,48,,0,,0,,0,,,,21995.85,-0.69,False,False,1.0,False
2024-04-19,NIFTY50,48,30,18,0,0,0,0,0,0,0,0,0,0,33.33,48,,0,,0,,0,,,,22147.0,0.69,False,False,-1.0,False
2024-04-22,NIFTY50,48,41,6,1,1,0,0,0,0,0,0,0,1,39.58,48,,0,,0,,0,,,,22336.4,0.86,False,False,0.0,False
2024-04-23,NIFTY50,48,27,20,1,0,0,0,0,0,0,0,0,0,41.67,48,,0,,0,,0,,,,22368.0,0.14,False,False,1.0,False
2024-04-24,NIFTY50,48,25,23,0,1,1,0,0,0,0,0,0,0,54.17,48,,0,,0,,0,,,,22402.4,0.15,False,False,1.0,False
2024-04-25,NIFTY50,48,38,10,0,3,1,0,0,0,0,0,0,2,70.83,48,,0,,0,,0,,,,22570.35,0.75,False,False,3.0,False
2024-04-26,NIFTY50,48,15,33,0,1,1,0,0,0,0,0,0,0,62.5,48,,0,,0,,0,,,,22419.95,-0.67,False,False,3.0,False
2024-04-29,NIFTY50,48,31,17,0,2,2,0,0,0,0,0,0,0,77.08,48,,0,,0,,0,,,,22643.4,1.0,False,False,2.0,False
2024-04-30,NIFTY50,48,23,25,0,1,0,0,0,0,0,0,0,1,64.58,48,56.25,48,,0,,0,37.5,,,22604.85,-0.17,False,False,3.0,False
2024-05-02,NIFTY50,48,29,19,0,1,0,0,0,0,0,0,0,1,66.67,48,62.5,48,,0,,0,37.5,,,22648.2,0.19,False,False,4.0,False
2024-05-03,NIFTY50,48,15,33,0,1,0,0,0,0,0,0,0,1,52.08,48,54.17,48,,0,,0,43.75,,,22475.85,-0.76,False,False,3.0,False
2024-05-06,NIFTY50,48,20,28,0,1,1,0,0,0,0,0,0,0,56.25,48,56.25,48,,0,,0,50.0,,,22442.7,-0.15,False,False,3.0,False
2024-05-07,NIFTY50,48,14,34,0,1,1,0,0,0,0,0,0,0,39.58,48,41.67,48,,0,,0,56.25,,,22302.5,-0.62,False,False,3.0,False
2024-05-08,NIFTY50,48,22,26,0,0,0,0,0,0,0,0,0,0,31.25,48,39.58,48,,0,,0,60.42,,,22302.5,0.0,False,False,2.0,False
2024-05-09,NIFTY50,48,5,43,0,0,4,0,0,0,0,0,0,-4,18.75,48,27.08,48,,0,,0,56.25,,,21957.5,-1.55,False,True,-3.0,False
2024-05-10,NIFTY50,48,35,13,0,0,0,0,0,0,0,0,0,0,25.0,48,35.42,48,,0,,0,58.33,,,22055.2,0.44,False,False,-4.0,False
2024-05-13,NIFTY50,48,24,24,0,1,0,0,0,0,0,0,0,1,29.17,48,39.58,48,,0,,0,58.33,,,22104.05,0.22,False,False,-3.0,False
2024-05-14,NIFTY50,48,34,14,0,1,1,0,0,0,0,0,0,0,39.58,48,50.0,48,,0,,0,54.17,,,22217.85,0.51,False,False,-3.0,False
2024-05-15,NIFTY50,48,24,24,0,1,0,0,0,0,0,0,0,1,52.08,48,54.17,48,,0,,0,50.0,,,22200.55,-0.08,False,False,-2.0,False
2024-05-16,NIFTY50,48,40,8,0,0,0,0,0,0,0,0,0,0,72.92,48,60.42,48,,0,,0,47.92,,,22403.85,0.92,False,False,2.0,False
2024-05-17,NIFTY50,48,26,22,0,2,0,0,0,0,0,0,0,2,77.08,48,60.42,48,,0,,0,39.58,,,22466.1,0.28,False,False,4.0,False
2024-05-21,NIFTY50,48,25,23,0,3,0,0,0,1,0,0,0,3,79.17,48,58.33,48,,0,,0,35.42,,,22529.05,0.28,False,False,6.0,False
2024-05-22,NIFTY50,48,30,18,0,0,0,0,0,0,0,0,0,0,77.08,48,60.42,48,,0,,0,43.75,,,22597.8,0.31,False,False,6.0,False
2024-05-23,NIFTY50,48,41,7,0,2,1,0,0,1,0,0,0,1,91.67,48,77.08,48,,0,,0,50.0,,,22967.65,1.64,True,False,6.0,False
2024-05-24,NIFTY50,48,12,36,0,0,0,0,0,1,0,0,0,0,87.5,48,77.08,48,,0,,0,54.17,,,22957.1,-0.05,False,False,6.0,False
2024-05-27,NIFTY50,48,17,31,0,0,0,0,0,0,0,0,0,0,75.0,48,68.75,48,,0,,0,56.25,,,22932.45,-0.11,False,False,4.0,False
2024-05-28,NIFTY50,48,18,30,0,0,0,0,0,0,0,0,0,0,70.83,48,72.92,48,,0,,0,58.33,,,22888.15,-0.19,False,False,1.0,False
2024-05-29,NIFTY50,48,13,35,0,0,1,0,0,0,0,0,0,-1,52.08,48,60.42,48,,0,,0,68.75,,,22704.7,-0.8,False,False,0.0,False
2024-05-30,NIFTY50,48,7,41,0,0,1,0,0,0,0,0,0,-1,18.75,48,41.67,48,,0,,0,72.92,,,22488.65,-0.95,False,False,-2.0,False
2024-05-31,NIFTY50,48,23,25,0,1,0,0,0,0,0,0,0,1,25.0,48,39.58,48,,0,,0,68.75,,,22530.7,0.19,False,False,-1.0,False
2024-06-03,NIFTY50,48,42,6,0,15,0,0,0,1,0,0,0,15,52.08,48,58.33,48,,0,,0,72.92,,,23263.9,3.25,True,False,14.0,True
2024-06-04,NIFTY50,48,6,42,0,1,25,0,0,0,0,0,0,-24,6.25,48,10.42,48,,0,,0,70.83,,,21884.5,-5.93,False,True,-10.0,False
2024-06-05,NIFTY50,48,48,0,0,19,0,0,0,0,0,0,0,19,43.75,48,43.75,48,,0,,0,64.58,,,22620.35,3.36,False,False,10.0,True
2024-06-06,NIFTY50,48,36,12,0,2,0,0,0,0,0,0,0,2,58.33,48,64.58,48,,0,,0,56.25,,,22821.4,0.89,False,False,13.0,False
2024-06-07,NIFTY50,48,45,3,0,5,0,0,0,1,0,0,0,5,83.33,48,87.5,48,,0,,0,54.17,,,23290.15,2.05,True,False,17.0,True
2024-06-10,NIFTY50,48,28,20,0,1,0,0,0,1,0,0,0,1,85.42,48,91.67,48,,0,,0,58.33,,,23259.2,-0.13,False,False,3.0,False
2024-06-11,NIFTY50,48,25,23,0,1,1,0,0,1,0,0,0,0,93.75,48,89.58,48,,0,,0,52.08,,,23264.85,0.02,False,False,27.0,False
2024-06-12,NIFTY50,48,33,15,0,1,0,0,0,1,0,0,0,1,95.83,48,95.83,48,,0,,0,54.17,,,23322.95,0.25,True,False,9.0,False
2024-06-13,NIFTY50,48,33,15,0,1,0,0,0,1,0,0,0,1,87.5,48,93.75,48,85.42,48,,0,62.5,60.42,,23398.9,0.33,True,False,8.0,False
2024-06-14,NIFTY50,48,29,19,0,2,0,0,0,2,0,0,0,2,85.42,48,93.75,48,87.5,48,,0,62.5,60.42,,23465.6,0.29,True,False,5.0,False
2024-06-18,NIFTY50,48,35,13,0,0,0,0,0,2,0,0,0,0,89.58,48,93.75,48,87.5,48,,0,62.5,68.75,,23557.9,0.39,True,False,4.0,False
2024-06-19,NIFTY50,48,10,38,0,0,0,0,0,0,0,0,0,0,68.75,48,79.17,48,79.17,48,,0,83.33,66.67,,23516.0,-0.18,False,False,4.0,False
2024-06-20,NIFTY50,48,26,22,0,0,0,0,0,0,0,0,0,0,72.92,48,75.0,48,79.17,48,,0,89.58,70.83,,23567.0,0.22,True,False,3.0,False
2024-06-21,NIFTY50,48,18,30,0,0,0,0,0,0,0,0,0,0,43.75,48,77.08,48,72.92,48,,0,91.67,68.75,,23501.1,-0.28,False,False,2.0,False
2024-06-24,NIFTY50,48,29,18,1,0,0,0,0,0,0,0,0,0,47.92,48,77.08,48,77.08,48,,0,91.67,68.75,,23537.85,0.16,False,False,0.0,False
2024-06-25,NIFTY50,48,23,24,1,0,0,0,0,0,0,0,0,0,52.08,48,70.83,48,77.08,48,,0,89.58,70.83,,23721.3,0.78,True,False,0.0,False
2024-06-26,NIFTY50,48,21,27,0,1,0,0,0,1,0,0,0,1,47.92,48,70.83,48,83.33,48,,0,87.5,72.92,,23868.8,0.62,True,False,1.0,False
2024-06-27,NIFTY50,48,32,16,0,2,0,0,0,0,0,0,0,2,62.5,48,68.75,48,85.42,48,,0,83.33,75.0,,24044.5,0.74,True,False,3.0,False
2024-06-28,NIFTY50,48,25,23,0,0,0,0,0,0,0,0,0,0,64.58,48,75.0,48,83.33,48,,0,83.33,77.08,,24010.6,-0.14,False,False,3.0,False
2024-07-01,NIFTY50,48,30,18,0,0,0,0,0,1,0,0,0,0,66.67,48,77.08,48,83.33,48,,0,79.17,81.25,,24141.95,0.55,True,False,3.0,False
2024-07-02,NIFTY50,48,22,26,0,0,1,0,0,0,0,0,0,-1,60.42,48,70.83,48,87.5,48,,0,77.08,85.42,,24123.85,-0.07,False,False,2.0,False
2024-07-03,NIFTY50,48,38,10,0,0,0,0,0,0,0,0,0,0,81.25,48,77.08,48,89.58,48,,0,70.83,87.5,,24286.5,0.67,True,False,1.0,False
2024-07-04,NIFTY50,48,24,24,0,0,0,0,0,1,0,0,0,0,75.0,48,75.0,48,87.5,48,,0,66.67,89.58,,24302.15,0.06,True,False,-1.0,False
2024-07-05,NIFTY50,48,37,11,0,1,1,0,0,0,0,0,0,0,75.0,48,77.08,48,91.67,48,,0,66.67,91.67,,24323.85,0.09,True,False,-1.0,False
2024-07-08,NIFTY50,48,21,26,1,0,0,0,0,0,0,0,0,0,66.67,48,70.83,48,87.5,48,,0,70.83,93.75,,24320.55,-0.01,False,False,-1.0,False
2024-07-09,NIFTY50,48,31,17,0,1,0,0,0,0,0,0,0,1,70.83,48,77.08,48,89.58,48,,0,72.92,93.75,,24433.2,0.46,True,False,1.0,False
2024-07-10,NIFTY50,48,20,28,0,0,1,0,0,0,0,0,0,-1,70.83,48,72.92,48,91.67,48,,0,72.92,93.75,,24324.45,-0.45,False,False,0.0,False
2024-07-11,NIFTY50,48,21,26,1,0,0,0,0,0,0,0,0,0,68.75,48,72.92,48,89.58,48,,0,72.92,93.75,,24315.95,-0.03,False,False,0.0,False
2024-07-12,NIFTY50,48,34,14,0,2,0,0,0,0,0,0,0,2,70.83,48,79.17,48,91.67,48,,0,77.08,93.75,,24502.15,0.77,False,False,2.0,False
2024-07-15,NIFTY50,48,32,16,0,1,0,0,0,0,0,0,0,1,85.42,48,85.42,48,91.67,48,,0,72.92,93.75,,24586.7,0.35,False,False,3.0,False
2024-07-16,NIFTY50,48,26,21,1,0,0,0,0,0,0,0,0,0,70.83,48,79.17,48,91.67,48,,0,75.0,93.75,,24613.0,0.11,False,False,2.0,False
2024-07-18,NIFTY50,48,30,18,0,0,1,0,0,0,0,0,0,-1,72.92,48,77.08,48,91.67,48,,0,79.17,91.67,,24800.85,0.76,False,False,2.0,False
2024-07-19,NIFTY50,48,4,43,1,0,2,0,0,0,0,0,0,-2,39.58,48,60.42,48,83.33,48,,0,79.17,89.58,,24530.9,-1.09,False,False,0.0,False
2024-07-22,NIFTY50,48,30,18,0,0,1,0,0,0,0,0,0,-1,56.25,48,56.25,48,85.42,48,,0,81.25,89.58,,24509.25,-0.09,False,False,-3.0,False
2024-07-23,NIFTY50,48,23,25,0,3,0,0,0,0,0,0,0,3,41.67,48,54.17,48,79.17,48,,0,75.0,89.58,,24479.05,-0.12,False,False,-1.0,False
2024-07-24,NIFTY50,48,19,29,0,1,0,0,0,0,0,0,0,1,41.67,48,50.0,48,77.08,48,,0,68.75,89.58,,24413.5,-0.27,False,False,0.0,False
2024-07-25,NIFTY50,48,22,26,0,1,1,0,0,1,0,0,0,0,39.58,48,52.08,48,72.92,48,,0,64.58,89.58,,24406.1,-0.03,False,False,1.0,False
2024-07-26,NIFTY50,48,45,3,0,4,0,0,0,0,0,0,0,4,70.83,48,68.75,48,83.33,48,,0,64.58,89.58,,24834.85,1.76,True,False,7.0,False
2024-07-29,NIFTY50,48,22,26,0,0,0,0,0,0,0,0,0,0,70.83,48,75.0,48,83.33,48,,0,62.5,89.58,,24836.1,0.01,True,False,8.0,False
2024-07-30,NIFTY50,48,20,28,0,0,0,0,0,0,0,0,0,0,68.75,48,70.83,48,83.33,48,,0,62.5,85.42,,24857.3,0.09,True,False,5.0,False
2024-07-31,NIFTY50,48,32,16,0,0,0,0,0,0,0,0,0,0,72.92,48,70.83,48,85.42,48,,0,60.42,87.5,,24951.15,0.38,True,False,4.0,False
2024-08-01,NIFTY50,48,29,19,0,0,0,0,0,0,0,0,0,0,77.08,48,72.92,48,87.5,48,,0,64.58,87.5,,25010.9,0.24,True,False,4.0,False
2024-08-02,NIFTY50,48,8,40,0,0,3,0,0,0,0,0,0,-3,45.83,48,62.5,48,75.0,48,,0,64.58,85.42,,24717.7,-1.17,False,False,-3.0,False
2024-08-05,NIFTY50,48,4,44,0,0,9,0,0,0,0,0,0,-9,18.75,48,29.17,48,54.17,48,,0,64.58,85.42,,24055.6,-2.68,False,False,-12.0,False
2024-08-06,NIFTY50,48,17,31,0,0,1,0,0,0,0,0,0,-1,12.5,48,20.83,48,47.92,48,,0,60.42,83.33,,23992.55,-0.26,False,False,-13.0,False
2024-08-07,NIFTY50,48,41,7,0,5,0,0,0,0,0,0,0,5,39.58,48,47.92,48,62.5,48,,0,64.58,79.17,,24297.5,1.27,False,False,-8.0,True
2024-08-08,NIFTY50,48,12,36,0,0,0,0,0,0,0,0,0,0,27.08,48,35.42,48,54.17,48,,0,64.58,77.08,,24117.0,-0.74,False,False,-8.0,False
2024-08-09,NIFTY50,48,44,4,0,2,0,0,0,0,0,0,0,2,37.5,48,41.67,48,56.25,48,,0,54.17,79.17,,24367.5,1.04,False,False,-3.0,False
2024-08-12,NIFTY50,48,19,29,0,0,0,0,0,0,0,0,0,0,35.42,48,37.5,48,56.25,48,,0,50.0,77.08,,24347.0,-0.08,False,False,6.0,False
2024-08-13,NIFTY50,48,13,35,0,0,0,1,0,0,0,0,0,0,27.08,48,31.25,48,52.08,48,,0,43.75,72.92,,24139.0,-0.85,False,False,7.0,False
2024-08-14,NIFTY50,48,22,26,0,0,0,0,0,0,0,0,0,0,31.25,48,29.17,48,45.83,48,,0,41.67,72.92,,24143.75,0.02,False,False,2.0,False
2024-08-16,NIFTY50,48,46,2,0,1,0,0,0,0,0,0,0,1,68.75,48,50.0,48,56.25,48,,0,35.42,66.67,,24541.15,1.65,False,False,3.0,False
2024-08-19,NIFTY50,48,27,21,0,0,0,0,0,1,0,0,0,0,77.08,48,56.25,48,56.25,48,,0,31.25,62.5,,24572.65,0.13,False,False,1.0,False
2024-08-20,NIFTY50,48,38,10,0,1,0,0,0,1,0,0,0,1,85.42,48,68.75,48,64.58,48,,0,41.67,60.42,,24698.85,0.51,False,False,2.0,False
2024-08-21,NIFTY50,48,32,16,0,0,0,0,0,1,0,0,0,0,83.33,48,70.83,48,64.58,48,,0,43.75,62.5,,24770.2,0.29,False,False,2.0,False
2024-08-22,NIFTY50,48,26,22,0,1,0,0,0,1,0,0,0,1,85.42,48,75.0,48,66.67,48,,0,45.83,62.5,,24811.5,0.17,False,False,3.0,False
2024-08-23,NIFTY50,48,19,29,0,2,0,0,0,1,0,0,0,2,81.25,48,72.92,48,62.5,48,,0,56.25,60.42,,24823.15,0.05,False,False,4.0,False
2024-08-26,NIFTY50,48,31,17,0,0,0,0,0,1,0,0,0,0,89.58,48,81.25,48,70.83,48,,0,64.58,56.25,,25010.6,0.76,False,False,4.0,False
2024-08-27,NIFTY50,48,21,27,0,0,0,0,0,1,0,10,0,0,83.33,48,83.33,48,68.75,48,,0,70.83,56.25,,25017.75,0.03,True,False,3.0,False
2024-08-28,NIFTY50,48,21,27,0,1,0,0,0,1,0,10,0,1,72.92,48,77.08,48,66.67,48,,0,75.0,54.17,,25052.35,0.14,True,False,4.0,False
2024-08-29,NIFTY50,48,25,22,1,0,0,0,0,1,0,8,0,0,64.58,48,79.17,48,68.75,48,,0,83.33,54.17,,25151.95,0.4,True,False,3.0,False
2024-08-30,NIFTY50,48,33,15,0,0,0,0,0,0,0,10,0,0,75.0,48,81.25,48,70.83,48,,0,89.58,54.17,,25235.9,0.33,True,False,1.0,False
2024-09-02,NIFTY50,48,25,23,0,1,0,0,0,0,0,9,0,1,75.0,48,83.33,48,70.83,48,,0,89.58,50.0,,25278.7,0.17,False,False,2.0,False
2024-09-03,NIFTY50,48,22,26,0,0,0,0,0,1,0,4,0,0,68.75,48,79.17,48,68.75,48,,0,89.58,54.17,,25279.85,0.0,True,False,2.0,False
2024-09-04,NIFTY50,48,18,29,1,0,0,0,0,1,0,6,0,0,58.33,48,75.0,48,64.58,48,,0,89.58,54.17,,25198.7,-0.32,False,False,1.0,False
2024-09-05,NIFTY50,48,17,31,0,0,0,0,0,1,0,4,0,0,54.17,48,68.75,48,60.42,48,,0,85.42,54.17,,25145.1,-0.21,False,False,1.0,False
2024-09-06,NIFTY50,48,5,43,0,0,1,0,0,1,0,2,0,-1,29.17,48,56.25,48,45.83,48,,0,83.33,54.17,,24852.15,-1.17,False,False,0.0,False
2024-09-09,NIFTY50,48,25,23,0,0,0,0,0,1,0,4,0,0,39.58,48,60.42,48,52.08,48,,0,77.08,58.33,,24936.4,0.34,False,False,-1.0,False
2024-09-10,NIFTY50,48,33,15,0,0,1,0,0,0,0,3,0,-1,52.08,48,62.5,48,60.42,48,,0,72.92,58.33,,25041.1,0.42,False,False,-2.0,False
2024-09-11,NIFTY50,48,13,35,0,0,0,0,0,0,0,5,0,0,45.83,48,52.08,48,52.08,48,,0,66.67,62.5,,24918.45,-0.49,False,False,-2.0,False
2024-09-12,NIFTY50,48,48,0,0,3,0,0,0,0,0,12,0,3,81.25,48,72.92,48,68.75,48,,0,64.58,64.58,,25388.9,1.89,True,False,1.0,False
2024-09-13,NIFTY50,48,17,31,0,0,0,0,0,0,0,6,0,0,77.08,48,72.92,48,72.92,48,,0,62.5,64.58,,25356.5,-0.13,False,False,2.0,False
2024-09-16,NIFTY50,48,27,21,0,0,0,0,0,0,0,6,0,0,72.92,48,77.08,48,75.0,48,,0,60.42,68.75,,25383.75,0.11,False,False,2.0,False
2024-09-17,NIFTY50,48,24,23,1,0,0,0,0,0,0,9,0,0,70.83,48,72.92,48,77.08,48,,0,62.5,70.83,,25418.55,0.14,False,False,3.0,False
2024-09-18,NIFTY50,48,16,32,0,1,0,0,0,0,0,3,0,1,54.17,48,56.25,48,75.0,48,,0,60.42,66.67,,25377.55,-0.16,False,False,4.0,False
2024-09-19,NIFTY50,48,23,25,0,0,0,0,0,0,0,6,0,0,62.5,48,68.75,48,75.0,48,,0,56.25,68.75,,25415.8,0.15,False,False,1.0,False
2024-09-20,NIFTY50,48,43,4,1,2,0,0,0,0,0,14,0,2,75.0,48,70.83,48,77.08,48,,0,58.33,72.92,,25790.95,1.48,False,False,3.0,False
2024-09-23,NIFTY50,48,34,14,0,0,0,0,0,0,0,12,0,0,83.33,48,81.25,48,77.08,48,,0,66.67,77.08,,25939.05,0.57,False,False,3.0,False
2024-09-24,NIFTY50,48,22,26,0,1,0,0,0,0,0,9,0,1,83.33,48,79.17,48,81.25,48,,0,72.92,77.08,,25940.4,0.01,False,False,4.0,False
2024-09-25,NIFTY50,48,29,19,0,0,0,0,0,0,0,9,0,0,79.17,48,72.92,48,81.25,48,,0,75.0,77.08,,26004.15,0.25,False,False,3.0,False
2024-09-26,NIFTY50,48,43,5,0,1,0,0,0,0,0,17,0,1,83.33,48,89.58,48,85.42,48,,0,70.83,77.08,,26216.05,0.81,False,False,4.0,False
2024-09-27,NIFTY50,48,28,20,0,0,0,0,0,0,0,12,0,0,85.42,48,89.58,48,87.5,48,,0,72.92,79.17,,26178.95,-0.14,False,False,2.0,False
2024-09-30,NIFTY50,48,10,38,0,0,0,0,0,0,0,4,0,0,62.5,48,70.83,48,81.25,48,,0,72.92,79.17,,25810.85,-1.41,False,False,2.0,False
2024-10-01,NIFTY50,48,20,27,1,0,0,0,0,0,0,2,0,0,60.42,48,77.08,48,79.17,48,,0,72.92,83.33,,25796.9,-0.05,False,False,1.0,False
2024-10-03,NIFTY50,48,2,46,0,0,3,0,0,0,0,1,0,-3,22.92,48,39.58,48,70.83,48,,0,79.17,81.25,,25250.1,-2.12,False,False,-2.0,False
2024-10-04,NIFTY50,48,9,39,0,0,0,0,0,0,0,0,1,0,20.83,48,29.17,48,54.17,48,,0,85.42,79.17,,25014.6,-0.93,False,False,-3.0,False
2024-10-07,NIFTY50,48,10,38,0,0,1,0,0,0,0,0,1,-1,10.42,48,16.67,48,50.0,48,,0,79.17,79.17,,24795.75,-0.87,False,False,-4.0,False
2024-10-08,NIFTY50,48,35,13,0,5,0,0,0,0,0,1,0,5,16.67,48,25.0,48,54.17,48,,0,64.58,79.17,,25013.15,0.88,False,False,1.0,True
2024-10-09,NIFTY50,48,26,22,0,0,0,0,0,0,0,3,0,0,20.83,48,31.25,48,54.17,48,,0,47.92,77.08,,24981.95,-0.12,False,False,1.0,False
2024-10-10,NIFTY50,48,23,24,1,1,0,0,0,0,0,1,1,1,22.92,48,29.17,48,58.33,48,,0,43.75,77.08,,24998.45,0.07,False,False,5.0,False
2024-10-11,NIFTY50,48,28,20,0,0,0,0,0,0,0,2,0,0,25.0,48,31.25,48,52.08,48,,0,35.42,79.17,,24964.25,-0.14,False,False,5.0,False
2024-10-14,NIFTY50,48,33,15,0,1,0,0,0,0,0,2,0,1,35.42,48,37.5,48,56.25,48,,0,31.25,79.17,,25127.95,0.66,False,False,7.0,False
2024-10-15,NIFTY50,48,19,29,0,0,0,0,0,0,0,1,1,0,39.58,48,31.25,48,50.0,48,,0,29.17,79.17,,25057.35,-0.28,False,False,2.0,False
2024-10-16,NIFTY50,48,15,33,0,0,0,0,0,0,0,0,0,0,41.67,48,29.17,48,52.08,48,,0,27.08,79.17,,24971.3,-0.34,False,False,2.0,False
2024-10-17,NIFTY50,48,9,39,0,0,1,0,0,0,0,2,0,-1,29.17,48,16.67,48,39.58,48,,0,25.0,72.92,,24749.85,-0.89,False,False,0.0,False
2024-10-18,NIFTY50,48,34,14,0,1,1,0,0,0,0,0,1,0,45.83,48,25.0,48,45.83,48,,0,20.83,72.92,,24854.05,0.42,False,False,0.0,False
2024-10-21,NIFTY50,48,15,33,0,1,2,0,0,0,0,1,1,-1,31.25,48,18.75,48,39.58,48,,0,20.83,68.75,,24781.1,-0.29,False,False,-2.0,False
2024-10-22,NIFTY50,48,1,47,0,0,1,0,0,0,0,0,4,-1,12.5,48,12.5,48,22.92,48,,0,16.67,64.58,,24472.1,-1.25,False,False,-3.0,False
2024-10-23,NIFTY50,48,19,29,0,1,0,0,0,0,0,1,2,1,8.33,48,10.42,48,18.75,48,,0,16.67,56.25,,24435.5,-0.15,False,False,-2.0,False
2024-10-24,NIFTY50,48,23,25,0,0,2,0,0,0,0,1,4,-2,12.5,48,8.33,48,16.67,48,,0,16.67,52.08,,24399.4,-0.15,False,False,-3.0,False
2024-10-25,NIFTY50,48,11,37,0,0,2,0,0,0,0,0,7,-2,10.42,48,12.5,48,16.67,48,,0,16.67,47.92,,24180.8,-0.9,False,False,-5.0,False
2024-10-28,NIFTY50,48,32,16,0,1,4,0,2,0,2,1,3,-3,25.0,48,14.58,48,16.67,48,,0,18.75,41.67,,24339.15,0.65,False,False,-7.0,False
2024-10-29,NIFTY50,48,33,14,1,2,0,0,2,0,2,1,2,2,39.58,48,25.0,48,22.92,48,,0,16.67,31.25,,24466.85,0.52,False,False,-4.0,False
2024-10-30,NIFTY50,48,18,30,0,1,1,0,2,0,2,0,1,0,31.25,48,29.17,48,22.92,48,,0,18.75,29.17,,24340.85,-0.51,False,False,-5.0,False
2024-10-31,NIFTY50,48,14,34,0,2,1,0,2,0,2,0,1,1,35.42,48,18.75,48,16.67,48,,0,20.83,29.17,,24205.35,-0.56,False,False,-2.0,False
2024-11-01,NIFTY50,48,42,6,0,0,0,0,2,0,2,0,0,0,50.0,48,27.08,48,20.83,48,,0,18.75,33.33,,24304.35,0.41,False,False,0.0,False
2024-11-04,NIFTY50,48,8,40,0,0,1,0,0,0,2,0,3,-1,20.83,48,16.67,48,12.5,48,,0,16.67,31.25,,23995.35,-1.27,False,False,2.0,False
2024-11-05,NIFTY50,48,37,11,0,1,0,0,0,0,2,0,1,1,39.58,48,22.92,48,16.67,48,,0,14.58,31.25,,24213.3,0.91,False,False,1.0,False
2024-11-06,NIFTY50,48,39,9,0,3,0,0,0,0,2,1,0,3,64.58,48,39.58,48,29.17,48,,0,16.67,31.25,,24484.05,1.12,False,False,4.0,False
2024-11-07,NIFTY50,48,5,43,0,1,2,0,0,0,2,1,1,-1,35.42,48,27.08,48,25.0,48,,0,20.83,27.08,,24199.35,-1.16,False,False,2.0,False
2024-11-08,NIFTY50,48,24,24,0,0,0,0,0,0,2,2,2,0,39.58,48,27.08,48,22.92,48,,0,22.92,25.0,,24148.2,-0.21,False,False,2.0,False
2024-11-11,NIFTY50,48,19,29,0,1,2,0,0,0,2,1,4,-1,39.58,48,35.42,48,25.0,48,,0,29.17,18.75,,24141.3,-0.03,False,False,2.0,False
2024-11-12,NIFTY50,48,8,40,0,0,0,0,0,0,2,1,5,0,14.58,48,22.92,48,20.83,48,,0,29.17,18.75,,23883.45,-1.07,False,True,1.0,False
2024-11-13,NIFTY50,48,2,46,0,0,0,0,0,0,2,0,9,0,10.42,48,12.5,48,10.42,48,,0,31.25,18.75,,23559.05,-1.36,False,False,-2.0,False
2024-11-14,NIFTY50,48,22,26,0,2,0,0,0,0,2,0,5,2,14.58,48,14.58,48,12.5,48,,0,29.17,14.58,,23532.7,-0.11,False,True,1.0,False
2024-11-18,NIFTY50,48,22,26,0,0,0,0,0,0,2,0,1,0,8.33,48,12.5,48,12.5,48,,0,27.08,14.58,,23453.8,-0.34,False,True,1.0,False
2024-11-19,NIFTY50,48,25,21,2,0,0,0,0,0,2,0,3,0,14.58,48,12.5,48,14.58,48,,0,29.17,14.58,,23518.5,0.28,False,False,2.0,False
2024-11-21,NIFTY50,48,16,32,0,0,2,0,1,0,3,0,7,-2,16.67,48,16.67,48,14.58,48,,0,29.17,16.67,,23349.9,-0.72,False,True,0.0,False
2024-11-22,NIFTY50,48,46,2,0,3,0,0,1,0,2,2,0,3,54.17,48,35.42,48,29.17,48,,0,27.08,18.75,,23907.25,2.39,False,False,3.0,False
2024-11-25,NIFTY50,48,38,10,0,3,0,0,1,0,2,2,0,3,72.92,48,43.75,48,31.25,48,,0,18.75,18.75,,24221.9,1.32,False,False,4.0,False
2024-11-26,NIFTY50,48,22,26,0,0,1,0,1,0,2,3,1,-1,70.83,48,50.0,48,31.25,48,,0,18.75,18.75,,24194.5,-0.11,False,False,3.0,False
2024-11-27,NIFTY50,48,27,21,0,2,0,0,0,0,2,2,0,2,83.33,48,54.17,48,29.17,48,,0,22.92,18.75,,24274.9,0.33,False,False,5.0,False
2024-11-28,NIFTY50,48,5,43,0,0,1,0,0,0,0,0,1,-1,58.33,48,35.42,48,20.83,48,,0,27.08,20.83,,23914.15,-1.49,False,False,6.0,False
2024-11-29,NIFTY50,48,43,5,0,1,0,0,0,0,0,0,0,1,68.75,48,54.17,48,22.92,48,,0,29.17,20.83,,24131.1,0.91,False,False,4.0,False
2024-12-02,NIFTY50,48,34,14,0,1,0,0,0,0,0,0,0,1,83.33,48,70.83,48,35.42,48,,0,37.5,20.83,,24276.05,0.6,False,False,2.0,False
2024-12-03,NIFTY50,48,39,9,0,1,1,0,1,0,1,1,1,0,81.25,48,72.92,48,37.5,48,,0,39.58,22.92,,24457.15,0.75,False,False,3.0,False
2024-12-04,NIFTY50,48,23,25,0,0,0,0,1,0,1,2,0,0,77.08,48,68.75,48,33.33,48,,0,54.17,22.92,,24467.45,0.04,False,False,1.0,False
2024-12-05,NIFTY50,48,38,10,0,0,0,0,1,0,1,4,0,0,81.25,48,79.17,48,37.5,48,,0,62.5,22.92,,24708.4,0.98,False,False,2.0,False
2024-12-06,NIFTY50,48,20,28,0,0,0,0,1,0,1,2,1,0,79.17,48,81.25,48,41.67,48,,0,77.08,22.92,,24677.8,-0.12,False,False,1.0,False
2024-12-09,NIFTY50,48,22,26,0,0,1,0,1,0,1,3,1,-1,75.0,48,70.83,48,41.67,48,,0,77.08,25.0,,24619.0,-0.24,False,False,-1.0,False
2024-12-10,NIFTY50,48,19,29,0,0,0,0,0,0,1,2,1,0,62.5,48,72.92,48,43.75,48,,0,77.08,27.08,,24610.05,-0.04,False,False,-1.0,False
2024-12-11,NIFTY50,48,24,23,1,0,0,0,0,0,1,2,0,0,60.42,48,70.83,48,45.83,48,,0,81.25,31.25,,24641.8,0.13,False,False,-1.0,False
2024-12-12,NIFTY50,48,16,32,0,0,0,0,0,0,1,4,1,0,56.25,48,66.67,48,47.92,48,,0,81.25,33.33,,24548.7,-0.38,False,False,-1.0,False
2024-12-13,NIFTY50,48,41,7,0,1,0,0,0,0,1,7,0,1,64.58,48,70.83,48,50.0,48,,0,81.25,33.33,,24768.3,0.89,False,False,0.0,False
2024-12-16,NIFTY50,48,16,32,0,0,0,0,0,0,1,2,0,0,54.17,48,68.75,48,47.92,48,,0,77.08,39.58,,24668.25,-0.4,False,False,1.0,False
2024-12-17,NIFTY50,48,2,46,0,0,1,0,0,0,1,1,3,-1,20.83,48,47.92,48,39.58,48,,0,70.83,39.58,,24336.0,-1.35,False,False,0.0,False
2024-12-18,NIFTY50,48,17,31,0,0,0,0,0,0,1,0,2,0,20.83,48,39.58,48,37.5,48,,0,68.75,41.67,,24198.85,-0.56,False,False,0.0,False
2024-12-19,NIFTY50,48,12,36,0,0,0,0,0,0,1,0,3,0,14.58,48,22.92,48,33.33,48,,0,62.5,41.67,,23951.7,-1.02,False,False,0.0,False
2024-12-20,NIFTY50,48,4,44,0,0,0,0,0,0,1,0,4,0,8.33,48,10.42,48,18.75,48,,0,56.25,41.67,,23587.5,-1.52,False,False,-1.0,False
2024-12-23,NIFTY50,48,36,12,0,0,0,0,0,0,1,0,3,0,12.5,48,16.67,48,25.0,48,,0,43.75,43.75,,23753.45,0.7,False,False,-1.0,False
2024-12-24,NIFTY50,48,20,27,1,0,0,0,0,0,1,0,1,0,14.58,48,14.58,48,20.83,48,,0,31.25,43.75,,23727.65,-0.11,False,False,0.0,False
2024-12-26,NIFTY50,48,29,19,0,1,0,0,0,0,1,0,2,1,18.75,48,18.75,48,29.17,48,,0,25.0,41.67,,23750.2,0.1,False,False,1.0,False
2024-12-27,NIFTY50,48,26,22,0,0,0,0,0,0,1,0,1,0,22.92,48,20.83,48,31.25,48,,0,22.92,43.75,,23813.4,0.27,False,False,1.0,False
2024-12-30,NIFTY50,48,11,37,0,1,0,0,0,0,1,0,4,1,25.0,48,20.83,48,29.17,48,,0,22.92,43.75,,23644.9,-0.71,False,False,2.0,False
2024-12-31,NIFTY50,48,25,23,0,0,0,0,0,0,1,0,1,0,29.17,48,20.83,48,22.92,48,,0,18.75,41.67,,23644.8,-0.0,False,False,2.0,False
2025-01-01,NIFTY50,48,34,14,0,0,0,0,0,0,1,0,1,0,43.75,48,25.0,48,35.42,48,,0,18.75,43.75,,23742.9,0.41,False,False,2.0,False
2025-01-02,NIFTY50,48,46,2,0,9,0,0,0,0,0,4,0,9,81.25,48,52.08,48,47.92,48,,0,18.75,45.83,,24188.65,1.88,False,False,10.0,True
2025-01-03,NIFTY50,48,20,28,0,1,0,0,0,0,0,1,0,1,72.92,48,52.08,48,43.75,48,,0,16.67,43.75,,24004.75,-0.76,False,False,11.0,False
2025-01-06,NIFTY50,48,4,44,0,0,4,0,0,0,0,1,3,-4,37.5,48,31.25,48,31.25,48,,0,22.92,41.67,,23616.05,-1.62,False,False,6.0,False
2025-01-07,NIFTY50,48,34,14,0,0,0,0,0,0,0,1,0,0,43.75,48,37.5,48,33.33,48,,0,29.17,43.75,,23707.9,0.39,False,False,6.0,False
2025-01-08,NIFTY50,48,21,27,0,0,0,0,0,0,0,0,2,0,39.58,48,39.58,48,35.42,48,,0,37.5,45.83,,23688.95,-0.08,False,False,6.0,False
2025-01-09,NIFTY50,48,15,33,0,0,0,0,0,0,0,1,4,0,37.5,48,37.5,48,35.42,48,,0,35.42,41.67,,23526.5,-0.69,False,True,-3.0,False
2025-01-10,NIFTY50,48,13,35,0,1,3,0,1,0,1,1,7,-2,35.42,48,37.5,48,33.33,48,,0,41.67,35.42,,23431.5,-0.4,False,True,-6.0,False
2025-01-13,NIFTY50,48,3,45,0,0,8,0,1,0,1,0,11,-8,20.83,48,25.0,48,31.25,48,,0,39.58,33.33,,23085.95,-1.47,False,True,-10.0,False
2025-01-14,NIFTY50,48,32,16,0,5,1,0,1,0,1,0,1,4,22.92,48,27.08,48,25.0,48,,0,41.67,33.33,,23176.05,0.39,False,False,-6.0,True
2025-01-15,NIFTY50,48,24,24,0,0,1,0,1,0,1,0,3,-1,18.75,48,29.17,48,25.0,48,,0,39.58,31.25,,23213.2,0.16,False,False,-7.0,False
2025-01-16,NIFTY50,48,33,15,0,1,0,0,1,0,1,0,3,1,33.33,48,29.17,48,22.92,48,,0,31.25,31.25,,23311.8,0.42,False,False,-6.0,False
2025-01-17,NIFTY50,48,26,22,0,0,2,0,0,0,1,0,3,-2,35.42,48,29.17,48,22.92,48,,0,31.25,33.33,,23203.2,-0.47,False,False,-6.0,False
2025-01-20,NIFTY50,48,29,19,0,2,0,0,0,0,1,0,3,2,52.08,48,43.75,48,25.0,48,27.08,48,29.17,31.25,35.42,23344.75,0.61,False,False,4.0,False
2025-01-21,NIFTY50,48,7,41,0,0,2,0,0,0,1,0,3,-2,43.75,48,29.17,48,25.0,48,25.0,48,29.17,33.33,35.42,23024.65,-1.37,False,True,-2.0,False
2025-01-22,NIFTY50,48,26,22,0,0,0,0,0,0,1,0,2,0,41.67,48,33.33,48,22.92,48,29.17,48,27.08,29.17,37.5,23155.35,0.57,False,False,-1.0,False
2025-01-23,NIFTY50,48,31,17,0,1,0,0,0,0,1,0,3,1,62.5,48,41.67,48,27.08,48,33.33,48,29.17,27.08,37.5,23205.35,0.22,False,False,-1.0,False
2025-01-24,NIFTY50,48,18,29,1,0,3,0,0,0,1,0,3,-3,52.08,48,39.58,48,22.92,48,31.25,48,31.25,29.17,37.5,23092.2,-0.49,False,False,-2.0,False
2025-01-27,NIFTY50,48,6,42,0,0,3,0,0,0,1,0,4,-3,27.08,48,22.92,48,14.58,48,29.17,48,31.25,27.08,37.5,22829.15,-1.14,False,False,-7.0,False
2025-01-28,NIFTY50,48,24,24,0,1,1,0,0,0,1,0,2,0,29.17,48,27.08,48,14.58,48,29.17,48,31.25,25.0,39.58,22957.25,0.56,False,False,-5.0,False
2025-01-29,NIFTY50,48,40,8,0,1,0,0,0,0,1,0,1,1,45.83,48,35.42,48,18.75,48,33.33,48,33.33,25.0,39.58,23163.1,0.9,False,False,-4.0,False
2025-01-30,NIFTY50,48,32,16,0,1,0,0,0,0,1,1,0,1,62.5,48,52.08,48,29.17,48,33.33,48,33.33,22.92,39.58,23249.5,0.37,False,False,-4.0,False
2025-01-31,NIFTY50,48,41,7,0,5,0,0,0,0,1,0,0,5,81.25,48,72.92,48,41.67,48,39.58,48,39.58,22.92,39.58,23508.4,1.11,False,False,4.0,True
2025-02-03,NIFTY50,48,15,33,0,1,1,0,0,0,1,1,0,0,72.92,48,60.42,48,33.33,48,37.5,48,39.58,22.92,39.58,23361.05,-0.63,False,False,7.0,False
2025-02-04,NIFTY50,48,39,9,0,3,1,0,0,0,1,1,0,2,89.58,48,79.17,48,45.83,48,41.67,48,45.83,22.92,39.58,23739.25,1.62,False,False,9.0,False
2025-02-05,NIFTY50,48,21,27,0,0,0,0,0,0,1,1,0,0,87.5,48,77.08,48,45.83,48,39.58,48,50.0,25.0,39.58,23696.3,-0.18,False,False,8.0,False
2025-02-06,NIFTY50,48,16,32,0,0,1,0,0,0,2,1,1,-1,66.67,48,66.67,48,43.75,48,37.5,48,58.33,22.92,39.58,23603.35,-0.39,False,False,6.0,False
2025-02-07,NIFTY50,48,25,23,0,1,0,0,0,0,1,0,0,1,68.75,48,66.67,48,39.58,48,35.42,48,62.5,22.92,39.58,23559.95,-0.18,False,False,2.0,False
2025-02-10,NIFTY50,48,9,38,1,0,2,0,0,0,1,1,1,-2,54.17,48,54.17,48,33.33,48,35.42,48,66.67,25.0,41.67,23381.6,-0.76,False,False,0.0,False
2025-02-11,NIFTY50,48,4,44,0,0,3,0,0,0,0,0,3,-3,25.0,48,39.58,48,25.0,48,29.17,48,66.67,27.08,39.58,23071.8,-1.32,False,False,-5.0,False
2025-02-12,NIFTY50,48,24,24,0,0,0,0,0,0,0,0,4,0,29.17,48,45.83,48,27.08,48,27.08,48,66.67,29.17,39.58,23045.25,-0.12,False,False,-5.0,False
2025-02-13,NIFTY50,48,25,23,0,0,1,0,0,0,0,1,1,-1,31.25,48,43.75,48,29.17,48,27.08,48,60.42,29.17,39.58,23031.4,-0.06,False,False,-5.0,False
2025-02-14,NIFTY50,48,11,37,0,0,3,0,0,0,0,0,3,-3,20.83,48,39.58,48,27.08,48,25.0,48,54.17,31.25,37.5,22929.25,-0.44,False,False,-9.0,False
2025-02-17,NIFTY50,48,33,15,0,0,0,0,0,0,0,0,2,0,20.83,48,35.42,48,29.17,48,27.08,48,52.08,33.33,35.42,22959.5,0.13,False,False,-7.0,False
2025-02-18,NIFTY50,48,25,23,0,0,0,0,0,0,0,0,3,0,31.25,48,35.42,48,35.42,48,29.17,48,50.0,31.25,35.42,22945.3,-0.06,False,False,-4.0,False
2025-02-19,NIFTY50,48,24,23,1,0,0,0,0,0,0,1,1,0,33.33,48,39.58,48,35.42,48,25.0,48,47.92,31.25,31.25,22932.9,-0.05,False,False,-4.0,False
2025-02-20,NIFTY50,48,26,22,0,1,0,0,0,0,0,0,1,1,47.92,48,31.25,48,35.42,48,25.0,48,43.75,31.25,31.25,22913.15,-0.09,False,False,-2.0,False
2025-02-21,NIFTY50,48,16,32,0,0,1,0,0,0,0,0,4,-1,39.58,48,31.25,48,31.25,48,25.0,48,39.58,29.17,31.25,22795.9,-0.51,False,True,0.0,False
2025-02-24,NIFTY50,48,12,36,0,0,0,0,0,0,0,0,4,0,33.33,48,25.0,48,27.08,48,16.67,48,25.0,33.33,31.25,22553.35,-1.06,False,True,0.0,False
2025-02-25,NIFTY50,48,19,29,0,0,0,0,0,0,0,0,7,0,25.0,48,25.0,48,29.17,48,16.67,48,22.92,33.33,31.25,22547.55,-0.03,False,True,0.0,False
2025-02-27,NIFTY50,48,18,30,0,1,1,0,0,0,0,1,6,0,31.25,48,25.0,48,27.08,48,16.67,48,22.92,35.42,31.25,22545.05,-0.01,False,True,0.0,False
2025-02-28,NIFTY50,48,6,42,0,0,9,0,0,0,0,0,14,-9,16.67,48,18.75,48,16.67,48,12.5,48,22.92,35.42,31.25,22124.7,-1.86,False,False,-10.0,False
2025-03-03,NIFTY50,48,29,19,0,1,0,0,0,0,0,0,6,1,16.67,48,14.58,48,18.75,48,12.5,48,22.92,35.42,31.25,22119.3,-0.02,False,True,-8.0,False
2025-03-04,NIFTY50,48,24,24,0,0,1,0,0,0,0,0,7,-1,22.92,48,16.67,48,18.75,48,14.58,48,18.75,33.33,31.25,22082.65,-0.17,False,True,-9.0,False
2025-03-05,NIFTY50,48,44,4,0,6,0,0,0,0,0,0,0,6,43.75,48,29.17,48,20.83,48,18.75,48,20.83,33.33,29.17,22337.3,1.15,False,False,-3.0,True
2025-03-06,NIFTY50,48,42,6,0,1,0,0,0,0,0,0,0,1,58.33,48,37.5,48,29.17,48,18.75,48,20.83,35.42,29.17,22544.7,0.93,False,False,-2.0,False
2025-03-07,NIFTY50,48,21,27,0,0,0,0,0,0,0,0,0,0,64.58,48,41.67,48,37.5,48,20.83,48,27.08,29.17,27.08,22552.5,0.03,False,False,7.0,False
2025-03-10,NIFTY50,48,13,35,0,0,2,0,0,0,0,0,2,-2,54.17,48,39.58,48,35.42,48,18.75,48,27.08,29.17,29.17,22460.3,-0.41,False,False,4.0,False
2025-03-11,NIFTY50,48,29,19,0,1,0,0,0,0,0,0,1,1,60.42,48,45.83,48,41.67,48,20.83,48,27.08,29.17,27.08,22497.9,0.17,False,False,6.0,False
2025-03-12,NIFTY50,48,18,30,0,0,1,0,0,0,0,0,3,-1,60.42,48,50.0,48,37.5,48,20.83,48,31.25,29.17,27.08,22470.5,-0.12,False,False,-1.0,False
2025-03-13,NIFTY50,48,16,32,0,0,0,0,0,0,0,1,2,0,52.08,48,50.0,48,33.33,48,20.83,48,31.25,29.17,25.0,22397.2,-0.33,False,False,-2.0,False
2025-03-17,NIFTY50,48,32,16,0,0,0,0,0,0,0,1,1,0,66.67,48,56.25,48,37.5,48,25.0,48,37.5,27.08,25.0,22508.75,0.5,False,False,-2.0,False
2025-03-18,NIFTY50,48,44,4,0,0,0,0,0,0,0,1,0,0,87.5,48,70.83,48,43.75,48,29.17,48,43.75,27.08,22.92,22834.3,1.45,False,False,0.0,False
2025-03-19,NIFTY50,48,32,16,0,1,0,0,0,0,0,2,0,1,81.25,48,72.92,48,58.33,48,31.25,48,58.33,33.33,22.92,22907.6,0.32,False,False,0.0,False
2025-03-20,NIFTY50,48,45,3,0,2,0,0,0,0,0,2,0,2,91.67,48,83.33,48,64.58,48,33.33,48,66.67,33.33,20.83,23190.65,1.24,False,False,3.0,False
2025-03-21,NIFTY50,48,35,13,0,0,0,0,0,0,0,3,0,0,91.67,48,85.42,48,68.75,48,33.33,48,70.83,37.5,20.83,23350.4,0.69,False,False,3.0,False
2025-03-24,NIFTY50,48,41,7,0,2,0,0,0,0,0,4,0,2,95.83,48,91.67,48,70.83,48,39.58,48,79.17,37.5,20.83,23658.35,1.32,False,False,5.0,False
2025-03-25,NIFTY50,48,19,28,1,0,0,0,0,0,0,1,0,0,93.75,48,91.67,48,68.75,48,43.75,48,81.25,39.58,20.83,23668.65,0.04,True,False,5.0,False
2025-03-26,NIFTY50,48,7,41,0,0,1,0,0,0,0,0,0,-1,85.42,48,87.5,48,66.67,48,35.42,48,83.33,41.67,20.83,23486.85,-0.77,False,False,3.0,False
2025-03-27,NIFTY50,48,35,13,0,0,0,0,0,0,0,0,0,0,83.33,48,91.67,48,66.67,48,35.42,48,89.58,41.67,18.75,23591.95,0.45,False,False,1.0,False
2025-03-28,NIFTY50,48,21,27,0,0,0,0,0,0,0,1,0,0,70.83,48,83.33,48,68.75,48,35.42,48,93.75,41.67,18.75,23519.35,-0.31,False,False,1.0,False
2025-04-01,NIFTY50,48,12,36,0,1,0,0,0,0,0,0,1,1,45.83,48,77.08,48,66.67,48,33.33,48,93.75,52.08,18.75,23165.7,-1.5,False,False,0.0,False
2025-04-02,NIFTY50,48,28,20,0,1,0,0,0,0,0,0,0,1,50.0,48,75.0,48,70.83,48,35.42,48,93.75,56.25,18.75,23332.35,0.72,False,False,1.0,False
2025-04-03,NIFTY50,48,23,25,0,1,0,0,0,0,0,0,2,1,43.75,48,77.08,48,72.92,48,35.42,48,91.67,60.42,18.75,23250.1,-0.35,False,False,3.0,False
2025-04-04,NIFTY50,48,11,36,1,0,6,0,0,0,0,0,2,-6,29.17,48,56.25,48,60.42,48,27.08,48,89.58,62.5,20.83,22904.45,-1.49,False,False,-3.0,False
2025-04-07,NIFTY50,48,1,47,0,0,12,0,0,0,0,0,6,-12,10.42,48,25.0,48,43.75,48,22.92,48,79.17,62.5,20.83,22161.6,-3.24,False,True,-15.0,False
2025-04-08,NIFTY50,48,46,2,0,2,0,0,0,0,0,0,0,2,20.83,48,41.67,48,56.25,48,27.08,48,72.92,62.5,20.83,22535.85,1.69,False,False,-14.0,False
2025-04-09,NIFTY50,49,16,33,0,1,1,0,0,0,0,1,3,0,22.92,48,37.5,48,54.17,48,27.08,48,62.5,66.67,20.83,22399.15,-0.61,False,False,-15.0,False
2025-04-11,NIFTY50,49,44,5,0,5,0,0,0,0,0,0,1,5,52.08,48,50.0,48,66.67,48,31.25,48,56.25,66.67,20.83,22828.55,1.92,False,False,-11.0,True
2025-04-15,NIFTY50,49,46,3,0,5,0,0,0,0,0,5,0,5,77.08,48,68.75,48,70.83,48,35.42,48,50.0,68.75,20.83,23328.55,2.19,False,False,0.0,True
2025-04-16,NIFTY50,49,33,16,0,1,0,0,0,0,0,3,0,1,77.08,48,70.83,48,70.83,48,43.75,48,47.92,68.75,20.83,23437.2,0.47,False,False,13.0,False
2025-04-17,NIFTY50,49,44,5,0,1,1,0,0,0,0,9,0,0,87.5,48,77.08,48,75.0,48,45.83,48,47.92,72.92,20.83,23851.65,1.77,False,False,11.0,False
2025-04-21,NIFTY50,49,37,12,0,2,0,0,0,0,0,8,0,2,95.83,48,83.33,48,79.17,48,47.92,48,47.92,77.08,20.83,24125.55,1.15,False,False,13.0,False
2025-04-22,NIFTY50,49,23,26,0,1,0,0,0,0,0,5,1,1,97.92,48,85.42,48,81.25,48,45.83,48,47.92,79.17,20.83,24167.25,0.17,False,False,9.0,False
2025-04-23,NIFTY50,49,38,11,0,3,0,0,0,0,0,4,0,3,100.0,48,87.5,48,85.42,48,47.92,48,54.17,77.08,20.83,24328.95,0.67,False,False,7.0,False
2025-04-24,NIFTY50,49,17,32,0,0,1,0,0,0,0,2,0,-1,97.92,48,87.5,48,85.42,48,47.92,48,68.75,79.17,22.92,24246.7,-0.34,False,False,5.0,False
2025-04-25,NIFTY50,49,8,41,0,1,1,0,0,0,0,1,0,0,67.35,49,77.08,48,83.33,48,47.92,48,77.08,77.08,22.92,24039.35,-0.86,False,False,5.0,False
2025-04-28,NIFTY50,49,38,11,0,1,1,0,0,0,0,1,0,0,73.47,49,93.75,48,81.25,48,47.92,48,81.25,77.08,22.92,24328.5,1.2,False,False,3.0,False
2025-04-29,NIFTY50,49,18,30,1,0,0,0,0,0,0,1,0,0,61.22,49,87.5,48,85.42,48,45.83,48,83.33,77.08,22.92,24335.95,0.03,False,False,2.0,False
2025-04-30,NIFTY50,49,23,26,0,1,3,0,0,0,0,1,0,-2,53.06,49,79.17,48,85.42,48,45.83,48,93.75,77.08,22.92,24334.2,-0.01,False,False,-3.0,False
2025-05-02,NIFTY50,49,16,32,1,1,1,0,0,0,0,1,0,0,46.94,49,70.83,48,83.33,48,45.83,48,97.92,75.0,25.0,24346.7,0.05,True,False,-2.0,False
2025-05-05,NIFTY50,49,38,11,0,4,1,0,0,0,0,0,0,3,61.22,49,77.08,48,83.33,48,47.92,48,97.92,79.17,27.08,24461.15,0.47,True,False,1.0,False
2025-05-06,NIFTY50,49,19,30,0,0,1,0,0,0,0,2,0,-1,42.86,49,72.92,48,83.33,48,50.0,48,93.75,77.08,27.08,24379.6,-0.33,False,False,0.0,False
2025-05-07,NIFTY50,49,23,26,0,0,0,0,0,0,0,1,0,0,44.9,49,68.75,48,81.25,48,52.08,48,93.75,81.25,29.17,24414.4,0.14,False,False,0.0,False
2025-05-08,NIFTY50,49,12,37,0,0,0,0,0,0,0,1,0,0,38.78,49,54.17,48,72.92,48,41.67,48,85.42,79.17,29.17,24273.8,-0.58,False,False,2.0,False
2025-05-09,NIFTY50,49,10,39,0,1,0,0,0,0,0,0,0,1,22.45,49,37.5,48,66.67,48,43.75,48,68.75,79.17,29.17,24008.0,-1.1,False,False,3.0,False
2025-05-12,NIFTY50,49,48,1,0,24,0,0,0,0,0,2,0,24,89.8,49,81.63,49,93.75,48,60.42,48,63.27,83.33,29.17,24924.7,3.82,False,False,24.0,True
2025-05-13,NIFTY50,49,14,35,0,1,0,0,0,0,0,1,0,1,71.43,49,65.31,49,85.42,48,56.25,48,59.18,85.42,31.25,24578.35,-1.39,False,False,26.0,False
2025-05-14,NIFTY50,49,37,12,0,0,0,0,0,1,0,1,0,0,71.43,49,67.35,49,89.58,48,60.42,48,55.1,87.5,31.25,24666.9,0.36,False,False,26.0,False
2025-05-15,NIFTY50,49,49,0,0,2,0,0,0,1,0,5,0,2,85.71,49,83.67,49,93.75,48,60.42,48,53.06,87.5,31.25,25062.1,1.6,False,False,28.0,False
2025-05-16,NIFTY50,49,23,26,0,0,0,0,0,0,0,3,0,0,91.84,49,79.59,49,95.83,48,60.42,48,57.14,87.5,33.33,25019.8,-0.17,False,False,27.0,False
2025-05-19,NIFTY50,49,19,30,0,1,0,0,0,0,0,2,0,1,89.8,49,77.55,49,93.75,48,60.42,48,59.18,85.42,35.42,24945.45,-0.3,False,False,4.0,False
2025-05-20,NIFTY50,49,7,42,0,0,1,0,0,0,0,1,0,-1,55.1,49,63.27,49,85.42,48,54.17,48,61.22,85.42,35.42,24683.9,-1.05,False,False,2.0,False
2025-05-21,NIFTY50,49,34,14,1,1,0,0,0,1,0,2,0,1,73.47,49,71.43,49,87.5,48,58.33,48,67.35,87.5,35.42,24813.45,0.52,False,False,3.0,False
2025-05-22,NIFTY50,49,8,41,0,0,0,0,0,1,0,1,0,0,26.53,49,53.06,49,81.25,48,54.17,48,69.39,87.5,35.42,24609.7,-0.82,False,False,1.0,False
2025-05-23,NIFTY50,49,47,2,0,0,0,0,0,1,0,2,0,0,51.02,49,71.43,49,85.42,48,56.25,48,81.63,89.58,37.5,24853.15,0.99,False,False,1.0,False
2025-05-26,NIFTY50,49,35,12,2,0,1,0,0,1,0,3,0,-1,75.51,49,77.55,49,87.5,48,58.33,48,81.63,89.58,37.5,25001.15,0.6,False,False,-1.0,False
2025-05-27,NIFTY50,49,10,39,0,0,0,0,0,1,0,1,0,0,40.82,49,63.27,49,77.08,48,60.42,48,79.59,85.42,37.5,24826.2,-0.7,False,False,0.0,False
2025-05-28,NIFTY50,49,13,36,0,0,0,0,0,1,0,2,0,0,32.65,49,55.1,49,75.0,48,58.33,48,79.59,85.42,37.5,24752.45,-0.3,False,False,-1.0,False
2025-05-29,NIFTY50,49,34,14,1,0,0,0,0,0,0,0,0,0,44.9,49,57.14,49,72.92,48,58.33,48,75.51,85.42,39.58,24833.6,0.33,False,False,-1.0,False
2025-05-30,NIFTY50,49,8,41,0,1,0,0,0,0,0,0,0,1,26.53,49,51.02,49,66.67,48,47.92,48,67.35,83.33,41.67,24750.7,-0.33,False,False,0.0,False
2025-06-02,NIFTY50,49,22,27,0,0,0,0,0,0,0,0,0,0,28.57,49,44.9,49,66.67,48,47.92,48,53.06,81.25,41.67,24716.6,-0.14,False,False,1.0,False
2025-06-03,NIFTY50,49,8,41,0,0,0,0,0,0,0,0,0,0,16.33,49,24.49,49,60.42,48,47.92,48,57.14,77.08,45.83,24542.5,-0.7,False,False,1.0,False
2025-06-04,NIFTY50,49,32,17,0,0,0,0,0,1,0,1,0,0,24.49,49,38.78,49,58.33,48,47.92,48,44.9,77.08,43.75,24620.2,0.32,False,False,1.0,False
2025-06-05,NIFTY50,49,32,17,0,1,0,0,0,1,0,1,0,1,34.69,49,40.82,49,56.25,48,50.0,48,42.86,77.08,43.75,24750.9,0.53,False,False,2.0,False
2025-06-06,NIFTY50,49,43,6,0,2,0,0,0,1,0,3,0,2,71.43,49,51.02,49,70.83,48,60.42,48,38.78,79.17,43.75,25003.05,1.02,False,False,3.0,False
2025-06-09,NIFTY50,49,38,11,0,0,0,0,0,0,0,3,0,0,83.67,49,67.35,49,83.33,48,62.5,48,38.78,79.17,45.83,25103.2,0.4,True,False,3.0,False
2025-06-10,NIFTY50,49,24,25,0,0,0,0,0,0,0,1,0,0,81.63,49,69.39,49,85.42,48,66.67,48,34.69,79.17,47.92,25104.25,0.0,True,False,3.0,False
2025-06-11,NIFTY50,49,28,21,0,0,0,0,0,0,0,0,0,0,85.71,49,69.39,49,85.42,48,66.67,48,36.73,79.17,50.0,25141.4,0.15,True,False,3.0,False
2025-06-12,NIFTY50,49,8,41,0,0,0,0,0,0,0,0,0,0,55.1,49,53.06,49,75.0,48,62.5,48,46.94,79.17,50.0,24888.2,-1.01,False,False,2.0,False
2025-06-13,NIFTY50,49,10,39,0,0,0,0,0,0,0,0,0,0,36.73,49,34.69,49,68.75,48,60.42,48,51.02,77.08,50.0,24718.6,-0.68,False,False,0.0,False
2025-06-16,NIFTY50,49,45,3,1,0,0,0,0,0,0,1,0,0,61.22,49,61.22,49,77.08,48,66.67,48,55.1,75.0,52.08,24946.5,0.92,False,False,0.0,False
2025-06-17,NIFTY50,49,11,38,0,0,0,0,0,0,0,0,0,0,40.82,49,48.98,49,64.58,48,60.42,48,55.1,75.0,52.08,24853.4,-0.37,False,False,0.0,False
2025-06-18,NIFTY50,49,13,36,0,0,0,0,0,0,0,0,0,0,36.73,49,44.9,49,64.58,48,58.33,48,61.22,72.92,52.08,24812.05,-0.17,False,False,0.0,False
2025-06-19,NIFTY50,49,20,29,0,0,0,0,0,0,0,0,0,0,36.73,49,40.82,49,58.33,48,54.17,48,61.22,72.92,52.08,24793.25,-0.08,False,False,0.0,False
2025-06-20,NIFTY50,49,46,3,0,1,0,0,0,0,0,2,0,1,63.27,49,67.35,49,68.75,48,64.58,48,61.22,68.75,56.25,25112.4,1.29,False,False,1.0,False
2025-06-23,NIFTY50,49,16,33,0,0,0,0,0,0,0,2,0,0,46.94,49,59.18,49,63.27,49,62.5,48,59.18,69.39,58.33,24971.9,-0.56,False,False,1.0,False
2025-06-24,NIFTY50,49,33,16,0,0,0,0,0,0,0,0,0,0,63.27,49,63.27,49,67.35,49,62.5,48,59.18,65.31,58.33,25044.35,0.29,False,False,1.0,False
2025-06-25,NIFTY50,49,41,8,0,0,0,0,0,0,0,3,0,0,87.76,49,75.51,49,77.55,49,64.58,48,61.22,63.27,58.33,25244.75,0.8,True,False,1.0,False
2025-06-26,NIFTY50,49,42,7,0,1,0,0,0,0,0,6,0,1,89.8,49,87.76,49,79.59,49,66.67,48,63.27,63.27,56.25,25549.0,1.21,True,False,2.0,False
2025-06-27,NIFTY50,49,25,23,1,0,0,0,0,0,0,5,0,0,83.67,49,89.8,49,81.63,49,68.75,48,69.39,63.27,56.25,25637.8,0.35,True,False,1.0,False
2025-06-30,NIFTY50,49,19,30,0,0,0,0,0,0,0,3,0,0,79.59,49,81.63,49,79.59,49,68.75,48,67.35,69.39,56.25,25517.05,-0.47,False,False,1.0,False
2025-07-01,NIFTY50,49,24,25,0,0,0,0,0,0,0,3,0,0,73.47,49,75.51,49,77.55,49,66.67,48,65.31,71.43,58.33,25541.8,0.1,False,False,1.0,False
2025-07-02,NIFTY50,49,22,27,0,0,0,0,0,0,0,3,0,0,59.18,49,65.31,49,69.39,49,66.67,48,69.39,75.51,58.33,25453.4,-0.35,False,False,1.0,False
2025-07-03,NIFTY50,49,19,30,0,0,0,0,0,0,0,2,0,0,57.14,49,65.31,49,67.35,49,64.58,48,69.39,77.55,58.33,25405.3,-0.19,False,False,0.0,False
2025-07-04,NIFTY50,49,28,21,0,0,1,0,0,0,0,1,0,-1,59.18,49,65.31,49,77.55,49,66.67,48,73.47,77.55,60.42,25461.0,0.22,False,False,-1.0,False
2025-07-07,NIFTY50,49,23,26,0,0,0,0,0,0,0,2,0,0,46.94,49,67.35,49,77.55,49,66.67,48,77.55,77.55,62.5,25461.3,0.0,False,False,-1.0,False
2025-07-08,NIFTY50,49,26,23,0,0,1,0,0,0,0,0,0,-1,48.98,49,69.39,49,75.51,49,66.67,48,81.63,79.59,62.5,25522.5,0.24,False,False,-2.0,False
2025-07-09,NIFTY50,49,22,27,0,0,0,0,0,0,0,1,0,0,42.86,49,69.39,49,71.43,49,70.83,48,81.63,79.59,62.5,25476.1,-0.18,False,False,-2.0,False
2025-07-10,NIFTY50,49,10,39,0,0,0,0,0,0,0,0,0,0,30.61,49,55.1,49,67.35,49,64.58,48,73.47,79.59,62.5,25355.25,-0.47,False,False,-2.0,False
2025-07-11,NIFTY50,49,12,37,0,1,0,0,0,0,0,0,0,1,24.49,49,46.94,49,63.27,49,66.67,48,71.43,77.55,64.58,25149.85,-0.81,False,False,0.0,False
2025-07-14,NIFTY50,49,22,27,0,0,0,0,0,0,0,0,1,0,24.49,49,38.78,49,53.06,49,66.67,48,63.27,75.51,64.58,25082.3,-0.27,False,False,0.0,False
2025-07-15,NIFTY50,49,33,16,0,0,0,0,0,0,0,0,0,0,44.9,49,48.98,49,63.27,49,66.67,48,59.18,77.55,64.58,25195.8,0.45,False,False,1.0,False
2025-07-16,NIFTY50,49,22,26,1,0,0,0,0,0,0,0,0,0,28.57,49,40.82,49,65.31,49,68.75,48,53.06,77.55,64.58,25212.05,0.06,False,False,1.0,False
2025-07-17,NIFTY50,49,17,32,0,0,0,0,0,0,0,0,1,0,34.69,49,38.78,49,61.22,49,66.67,48,48.98,79.59,64.58,25111.45,-0.4,False,False,1.0,False
2025-07-18,NIFTY50,49,15,34,0,0,1,0,0,0,0,0,1,-1,36.73,49,38.78,49,55.1,49,64.58,48,44.9,79.59,64.58,24968.4,-0.57,False,True,-1.0,False
2025-07-21,NIFTY50,49,31,18,0,1,0,0,0,0,0,2,1,1,40.82,49,42.86,49,63.27,49,62.5,48,40.82,77.55,66.67,25090.7,0.49,False,False,0.0,False
2025-07-22,NIFTY50,49,20,29,0,1,0,0,0,0,0,1,1,1,32.65,49,34.69,49,57.14,49,62.5,48,32.65,75.51,66.67,25060.9,-0.12,False,False,1.0,False
2025-07-23,NIFTY50,49,36,13,0,0,0,0,0,0,0,3,0,0,48.98,49,40.82,49,57.14,49,62.5,48,34.69,71.43,66.67,25219.9,0.63,False,False,1.0,False
2025-07-24,NIFTY50,49,14,34,1,0,1,1,0,0,0,0,1,-1,40.82,49,32.65,49,55.1,49,64.58,48,30.61,71.43,66.67,25062.1,-0.63,False,False,0.0,False
2025-07-25,NIFTY50,49,8,41,0,0,1,1,0,0,0,0,1,-1,30.61,49,22.45,49,40.82,49,58.33,48,34.69,71.43,66.67,24837.0,-0.9,False,False,0.0,False
2025-07-28,NIFTY50,49,15,34,0,0,1,0,0,0,0,1,1,-1,22.45,49,20.41,49,38.78,49,56.25,48,28.57,69.39,66.67,24680.9,-0.63,False,False,-2.0,False
2025-07-29,NIFTY50,49,34,15,0,1,0,0,0,0,0,0,1,1,34.69,49,28.57,49,40.82,49,60.42,48,26.53,65.31,66.67,24821.1,0.57,False,False,-2.0,False
2025-07-30,NIFTY50,49,23,26,0,1,0,0,0,0,0,1,1,1,36.73,49,30.61,49,46.94,49,58.33,48,24.49,63.27,66.67,24855.05,0.14,False,False,-1.0,False
2025-07-31,NIFTY50,49,13,36,0,0,1,0,0,0,0,0,1,-1,34.69,49,28.57,49,38.78,49,56.25,48,20.41,63.27,66.67,24768.35,-0.35,False,False,-1.0,False
2025-08-01,NIFTY50,49,11,37,1,0,1,0,0,0,0,0,1,-1,18.37,49,16.33,49,32.65,49,60.42,48,20.41,51.02,66.67,24565.35,-0.82,False,False,-1.0,False
2025-08-04,NIFTY50,49,41,8,0,1,0,0,0,0,0,0,0,1,26.53,49,28.57,49,38.78,49,60.42,48,24.49,48.98,66.67,24722.75,0.64,False,False,1.0,False
2025-08-05,NIFTY50,49,24,25,0,0,0,0,0,0,0,0,0,0,36.73,49,34.69,49,38.78,49,62.5,48,26.53,46.94,68.75,24649.55,-0.3,False,False,0.0,False
2025-08-06,NIFTY50,49,13,36,0,0,0,0,0,0,0,0,0,0,42.86,49,34.69,49,36.73,49,62.5,48,26.53,44.9,68.75,24574.2,-0.31,False,False,-1.0,False
2025-08-07,NIFTY50,49,28,19,2,0,0,0,0,0,0,1,0,0,53.06,49,36.73,49,34.69,49,62.5,48,30.61,44.9,66.67,24596.15,0.09,False,False,0.0,False
2025-08-08,NIFTY50,49,9,40,0,0,1,0,1,0,1,0,1,-1,30.61,49,26.53,49,26.53,49,60.42,48,28.57,42.86,66.67,24363.3,-0.95,False,False,0.0,False
2025-08-11,NIFTY50,49,46,2,1,1,0,0,1,0,1,0,0,1,48.98,49,40.82,49,42.86,49,62.5,48,28.57,40.82,66.67,24585.05,0.91,False,False,0.0,False
2025-08-12,NIFTY50,49,18,31,0,0,0,0,1,0,1,0,1,0,44.9,49,46.94,49,36.73,49,60.42,48,26.53,40.82,66.67,24487.4,-0.4,False,False,0.0,False
2025-08-13,NIFTY50,49,38,11,0,2,0,0,1,0,1,1,0,2,61.22,49,55.1,49,40.82,49,62.5,48,30.61,38.78,64.58,24619.35,0.54,False,False,2.0,False
2025-08-14,NIFTY50,49,24,25,0,0,0,0,1,0,1,2,1,0,61.22,49,46.94,49,42.86,49,62.5,48,32.65,36.73,66.67,24631.3,0.05,False,False,2.0,False
2025-08-18,NIFTY50,49,37,12,0,4,0,0,0,0,1,6,0,4,75.51,49,57.14,49,44.9,49,64.58,48,44.9,38.78,66.67,24876.95,1.0,False,False,7.0,False
2025-08-19,NIFTY50,49,27,22,0,0,0,0,0,0,1,4,0,0,83.67,49,63.27,49,46.94,49,66.67,48,44.9,38.78,66.67,24980.65,0.42,False,False,6.0,False
2025-08-20,NIFTY50,49,26,23,0,0,0,0,0,0,1,6,0,0,85.71,49,71.43,49,51.02,49,68.75,48,53.06,40.82,68.75,25050.55,0.28,False,False,6.0,False
2025-08-21,NIFTY50,49,24,25,0,0,0,0,0,0,1,5,0,0,85.71,49,75.51,49,57.14,49,66.67,48,55.1,42.86,68.75,25083.75,0.13,False,False,4.0,False
2025-08-22,NIFTY50,49,7,41,1,0,0,0,0,0,1,3,0,0,61.22,49,61.22,49,48.98,49,66.67,48,55.1,42.86,68.75,24870.1,-0.85,False,False,4.0,False
2025-08-25,NIFTY50,49,30,19,0,0,0,0,0,0,1,2,0,0,61.22,49,67.35,49,46.94,49,64.58,48,71.43,40.82,68.75,24967.75,0.39,False,False,0.0,False
2025-08-26,NIFTY50,49,7,42,0,0,2,0,1,0,2,2,1,-2,34.69,49,44.9,49,32.65,49,62.5,48,73.47,38.78,68.75,24712.05,-1.02,False,False,-2.0,False
2025-08-28,NIFTY50,49,12,36,1,0,1,0,1,0,2,1,1,-1,20.41,49,36.73,49,28.57,49,62.5,48,71.43,36.73,68.75,24500.9,-0.85,False,False,-3.0,False
2025-08-29,NIFTY50,49,24,25,0,0,0,0,1,0,2,1,1,0,16.33,49,32.65,49,24.49,49,62.5,48,71.43,36.73,68.75,24426.85,-0.3,False,False,-3.0,False
2025-09-01,NIFTY50,49,41,8,0,0,0,0,1,0,2,2,2,0,42.86,49,51.02,49,32.65,49,62.5,48,67.35,38.78,68.75,24625.05,0.81,False,False,-3.0,False
2025-09-02,NIFTY50,49,26,23,0,0,0,0,1,0,2,1,1,0,51.02,49,53.06,49,30.61,49,62.5,48,59.18,40.82,68.75,24579.6,-0.18,False,False,-3.0,False
2025-09-03,NIFTY50,49,35,14,0,1,0,0,0,0,2,3,0,1,44.9,49,57.14,49,40.82,49,64.58,48,55.1,40.82,68.75,24715.05,0.55,False,False,0.0,False
2025-09-04,NIFTY50,49,18,31,0,2,0,0,0,0,2,3,0,2,42.86,49,46.94,49,42.86,49,64.58,48,51.02,38.78,66.67,24734.3,0.08,False,False,3.0,False
2025-09-05,NIFTY50,49,25,24,0,0,0,0,0,0,2,3,0,0,42.86,49,42.86,49,40.82,49,64.58,48,46.94,38.78,68.75,24741.0,0.03,False,False,3.0,False
2025-09-08,NIFTY50,49,22,27,0,0,0,0,0,0,2,6,0,0,51.02,49,40.82,49,36.73,49,62.5,48,46.94,38.78,68.75,24773.15,0.13,False,False,3.0,False
2025-09-09,NIFTY50,49,33,16,0,1,0,0,0,0,2,4,0,1,69.39,49,46.94,49,40.82,49,64.58,48,42.86,38.78,64.58,24868.6,0.39,False,False,4.0,False
2025-09-10,NIFTY50,49,36,13,0,1,0,0,0,0,1,3,0,1,77.55,49,61.22,49,55.1,49,64.58,48,48.98,48.98,64.58,24973.1,0.42,False,False,4.0,False
2025-09-11,NIFTY50,49,24,25,0,0,0,0,0,0,1,2,0,0,79.59,49,63.27,49,48.98,49,66.67,48,44.9,48.98,64.58,25005.5,0.13,False,False,2.0,False
2025-09-12,NIFTY50,49,27,19,3,0,0,0,0,0,1,4,0,0,83.67,49,71.43,49,61.22,49,64.58,48,48.98,48.98,66.67,25114.0,0.43,False,False,2.0,False
2025-09-15,NIFTY50,49,17,32,0,0,0,0,0,0,1,1,0,0,79.59,49,65.31,49,55.1,49,64.58,48,53.06,48.98,66.67,25069.2,-0.18,False,False,2.0,False
2025-09-16,NIFTY50,49,38,11,0,0,0,0,0,0,1,4,0,0,83.67,49,75.51,49,63.27,49,70.83,48,51.02,48.98,68.75,25239.1,0.68,False,False,1.0,False
2025-09-17,NIFTY50,49,33,16,0,1,0,0,0,0,1,1,0,1,81.63,49,79.59,49,69.39,49,70.83,48,55.1,48.98,68.75,25330.25,0.36,False,False,1.0,False
2025-09-18,NIFTY50,49,34,14,1,0,0,0,0,0,1,5,0,0,87.76,49,85.71,49,75.51,49,72.92,48,67.35,48.98,68.75,25423.6,0.37,False,False,1.0,False
2025-09-19,NIFTY50,49,16,33,0,1,0,0,0,0,1,4,0,1,69.39,49,77.55,49,75.51,49,72.92,48,69.39,48.98,68.75,25327.05,-0.38,False,False,2.0,False
2025-09-22,NIFTY50,49,20,29,0,1,0,0,0,0,1,1,0,1,59.18,49,69.39,49,63.27,49,72.92,48,79.59,51.02,68.75,25202.35,-0.49,False,False,3.0,False
2025-09-23,NIFTY50,49,17,32,0,0,0,0,0,0,1,6,0,0,46.94,49,61.22,49,55.1,49,70.83,48,83.67,51.02,70.83,25169.5,-0.13,False,False,3.0,False
2025-09-24,NIFTY50,49,15,34,0,0,0,0,0,0,1,4,0,0,34.69,49,53.06,49,57.14,49,72.92,48,85.71,59.18,70.83,25056.9,-0.45,False,False,2.0,False
2025-09-25,NIFTY50,49,9,40,0,0,0,0,0,0,0,2,1,0,24.49,49,46.94,49,46.94,49,68.75,48,77.55,59.18,70.83,24890.85,-0.66,False,False,2.0,False
2025-09-26,NIFTY50,49,5,44,0,0,0,0,0,0,0,2,2,0,16.33,49,32.65,49,42.86,49,62.5,48,71.43,63.27,68.75,24654.7,-0.95,False,False,1.0,False
2025-09-29,NIFTY50,49,22,27,0,0,0,0,0,0,0,1,1,0,18.37,49,28.57,49,40.82,49,60.42,48,63.27,61.22,68.75,24634.9,-0.08,False,False,0.0,False
2025-09-30,NIFTY50,49,24,24,1,0,0,0,0,0,0,2,1,0,14.29,49,30.61,49,40.82,49,60.42,48,57.14,57.14,68.75,24611.1,-0.1,False,True,0.0,False
2025-10-01,NIFTY50,49,38,11,0,1,0,0,0,0,0,1,0,1,30.61,49,36.73,49,46.94,49,68.75,48,46.94,53.06,66.67,24836.3,0.92,False,False,1.0,False
2025-10-03,NIFTY50,49,26,23,0,0,0,0,0,0,0,3,0,0,38.78,49,38.78,49,48.98,49,70.83,48,40.82,57.14,66.67,24894.25,0.23,False,False,1.0,False
2025-10-06,NIFTY50,49,32,17,0,1,0,0,0,0,0,1,0,1,57.14,49,40.82,49,51.02,49,66.67,48,38.78,57.14,66.67,25077.65,0.74,False,False,2.0,False
2025-10-07,NIFTY50,49,21,28,0,0,0,0,0,0,0,0,0,0,69.39,49,44.9,49,53.06,49,72.92,48,38.78,61.22,66.67,25108.3,0.12,False,False,2.0,False
2025-10-08,NIFTY50,49,16,33,0,1,0,0,0,0,0,1,1,1,51.02,49,40.82,49,51.02,49,64.58,48,32.65,61.22,66.67,25046.15,-0.25,False,False,3.0,False
2025-10-09,NIFTY50,49,42,7,0,0,0,0,0,0,0,3,0,0,69.39,49,55.1,49,61.22,49,70.83,48,30.61,59.18,66.67,25181.8,0.54,False,False,2.0,False
2025-10-10,NIFTY50,49,37,12,0,0,0,0,0,0,0,2,0,0,87.76,49,71.43,49,65.31,49,75.0,48,34.69,59.18,66.67,25285.35,0.41,False,False,2.0,False
2025-10-13,NIFTY50,49,19,30,0,0,0,0,0,0,0,4,0,0,81.63,49,59.18,49,65.31,49,68.75,48,38.78,59.18,66.67,25227.35,-0.23,False,False,1.0,False
2025-10-14,NIFTY50,49,17,32,0,0,0,0,0,0,0,0,1,0,61.22,49,57.14,49,61.22,49,68.75,48,38.78,57.14,66.67,25145.5,-0.32,False,False,1.0,False
2025-10-15,NIFTY50,49,39,10,0,0,0,0,0,0,0,4,0,0,75.51,49,67.35,49,65.31,49,72.92,48,44.9,57.14,66.67,25323.55,0.71,False,False,0.0,False
2025-10-16,NIFTY50,49,42,7,0,1,0,0,0,0,0,5,0,1,91.84,49,91.84,49,73.47,49,77.08,48,61.22,57.14,70.83,25585.3,1.03,True,False,1.0,False
2025-10-17,NIFTY50,49,29,20,0,1,1,0,0,0,0,5,0,0,85.71,49,85.71,49,79.59,49,77.08,48,71.43,53.06,70.83,25709.85,0.49,False,False,1.0,False
2025-10-20,NIFTY50,49,32,17,0,0,0,0,0,0,0,11,0,0,81.63,49,85.71,49,79.59,49,77.08,48,79.59,51.02,70.83,25843.15,0.52,False,False,1.0,False
2025-10-21,NIFTY50,49,29,20,0,0,0,0,0,0,0,7,0,0,81.63,49,91.84,49,79.59,49,77.08,48,85.71,53.06,70.83,25868.6,0.1,False,False,1.0,False
2025-10-23,NIFTY50,49,26,23,0,0,0,0,0,0,0,7,0,0,79.59,49,85.71,49,81.63,49,77.08,48,89.8,55.1,70.83,25891.4,0.09,False,False,1.0,False
2025-10-24,NIFTY50,50,17,33,0,1,0,0,0,0,0,1,0,1,61.22,49,79.59,49,77.55,49,81.25,48,93.88,53.06,70.83,25795.15,-0.37,False,False,1.0,False
2025-10-27,NIFTY50,50,37,13,0,0,0,0,0,0,0,7,0,0,69.39,49,79.59,49,81.63,49,83.33,48,93.88,57.14,72.92,25966.05,0.66,False,False,1.0,False
2025-10-28,NIFTY50,50,20,30,0,0,0,0,0,0,0,8,0,0,57.14,49,79.59,49,81.63,49,77.08,48,95.92,59.18,72.92,25936.2,-0.11,False,False,1.0,False
2025-10-29,NIFTY50,50,33,17,0,0,0,0,0,0,0,8,0,0,59.18,49,79.59,49,75.51,49,79.17,48,93.88,63.27,72.92,26053.9,0.45,True,False,1.0,False
2025-10-30,NIFTY50,50,12,38,0,0,0,0,0,0,0,4,0,0,51.02,49,63.27,49,69.39,49,79.17,48,91.84,69.39,72.92,25877.85,-0.68,False,False,1.0,False
2025-10-31,NIFTY50,50,9,41,0,0,0,0,0,0,0,1,0,0,34.69,49,51.02,49,61.22,49,77.08,48,85.71,69.39,75.0,25722.1,-0.6,False,False,0.0,False
2025-11-03,NIFTY50,50,27,22,1,1,0,0,0,0,0,3,0,1,32.65,49,53.06,49,61.22,49,72.92,48,81.63,71.43,75.0,25763.35,0.16,False,False,1.0,False
2025-11-04,NIFTY50,50,9,41,0,0,0,0,0,0,0,4,0,0,16.33,49,44.9,49,55.1,49,68.75,48,69.39,71.43,75.0,25597.65,-0.64,False,False,1.0,False
2025-11-06,NIFTY50,50,16,34,0,1,3,0,0,0,0,2,0,-2,18.37,49,34.69,49,48.98,49,66.67,48,59.18,73.47,77.08,25509.7,-0.34,False,False,-1.0,False
2025-11-07,NIFTY50,50,30,20,0,0,1,0,0,0,0,1,0,-1,20.0,50,38.78,49,51.02,49,66.67,48,53.06,77.55,77.08,25492.3,-0.07,False,False,-2.0,False
2025-11-10,NIFTY50,50,32,18,0,0,1,0,0,0,0,0,1,-1,34.0,50,40.82,49,53.06,49,62.5,48,51.02,77.55,77.08,25574.35,0.32,False,False,-3.0,False
2025-11-11,NIFTY50,50,40,10,0,0,2,0,0,0,0,3,0,-2,42.0,50,40.82,49,55.1,49,66.67,48,48.98,73.47,77.08,25694.95,0.47,False,False,-6.0,False
2025-11-12,NIFTY50,50,35,15,0,2,0,0,0,0,0,3,0,2,58.0,50,53.06,49,59.18,49,72.92,48,48.98,73.47,77.08,25875.8,0.7,False,False,-4.0,False
2025-11-13,NIFTY50,50,20,30,0,0,0,0,0,0,0,1,0,0,58.0,50,51.02,49,57.14,49,72.92,48,42.86,71.43,77.08,25879.15,0.01,False,False,-2.0,False
2025-11-14,NIFTY50,50,30,20,0,0,0,0,0,1,0,4,0,0,60.0,50,51.02,49,59.18,49,75.0,48,38.78,71.43,75.0,25910.05,0.12,False,False,-1.0,False
2025-11-17,NIFTY50,50,32,18,0,0,1,0,0,0,0,4,0,-1,78.0,50,57.14,49,59.18,49,75.0,48,36.73,69.39,72.92,26013.45,0.4,False,False,-1.0,False
2025-11-18,NIFTY50,50,9,41,0,0,0,0,0,0,0,5,0,0,58.0,50,36.73,49,51.02,49,68.75,48,34.69,63.27,72.92,25910.05,-0.4,False,False,1.0,False
2025-11-19,NIFTY50,50,31,18,1,2,0,0,0,0,0,5,0,2,64.0,50,51.02,49,57.14,49,75.0,48,36.73,61.22,72.92,26052.65,0.55,False,False,1.0,False
2025-11-20,NIFTY50,50,31,18,1,0,0,0,0,0,0,6,0,0,78.0,50,61.22,49,67.35,49,75.0,48,42.86,59.18,70.83,26192.15,0.54,True,False,1.0,False
2025-11-21,NIFTY50,50,20,30,0,0,0,0,0,0,0,2,0,0,58.0,50,54.0,50,53.06,49,72.92,48,48.0,59.18,70.83,26068.15,-0.47,False,False,1.0,False
2025-11-24,NIFTY50,50,12,38,0,0,0,0,0,0,0,1,0,0,44.0,50,52.0,50,55.1,49,64.58,48,54.0,57.14,70.83,25959.5,-0.42,False,False,2.0,False
2025-11-25,NIFTY50,50,17,32,1,0,0,0,0,0,0,3,1,0,32.0,50,50.0,50,53.06,49,64.58,48,58.0,59.18,70.83,25884.8,-0.29,False,False,2.0,False
2025-11-26,NIFTY50,50,45,5,0,0,0,0,0,0,0,5,0,0,74.0,50,64.0,50,65.31,49,72.92,48,60.0,57.14,68.75,26205.3,1.24,True,False,0.0,False
2025-11-27,NIFTY50,50,22,28,0,0,0,0,0,0,0,1,0,0,60.0,50,68.0,50,65.31,49,75.0,48,60.0,55.1,70.83,26215.55,0.04,True,False,0.0,False
2025-11-28,NIFTY50,50,19,31,0,0,0,0,0,0,0,2,0,0,60.0,50,64.0,50,65.31,49,77.08,48,64.0,53.06,70.83,26202.95,-0.05,False,False,0.0,False
2025-12-01,NIFTY50,50,24,25,1,0,0,0,0,0,0,1,1,0,56.0,50,58.0,50,65.31,49,75.0,48,66.0,55.1,70.83,26175.75,-0.1,False,False,0.0,False
2025-12-02,NIFTY50,50,14,36,0,0,0,0,0,0,0,1,0,0,48.0,50,48.0,50,59.18,49,72.92,48,66.0,55.1,70.83,26032.2,-0.55,False,False,0.0,False
2025-12-03,NIFTY50,50,13,37,0,0,0,0,0,0,0,1,1,0,28.0,50,38.0,50,53.06,49,68.75,48,64.0,57.14,70.83,25986.0,-0.18,False,False,0.0,False
2025-12-04,NIFTY50,50,34,15,1,0,0,0,0,0,0,1,0,0,42.0,50,44.0,50,53.06,49,75.0,48,58.0,57.14,70.83,26033.75,0.18,False,False,0.0,False
2025-12-05,NIFTY50,50,38,12,0,0,1,0,0,0,0,1,1,-1,60.0,50,62.0,50,63.27,49,68.75,48,56.0,57.14,70.83,26186.45,0.59,False,False,-1.0,False
2025-12-08,NIFTY50,50,4,46,0,0,2,0,0,0,0,0,1,-2,34.0,50,40.0,50,53.06,49,66.67,48,48.0,57.14,70.83,25960.55,-0.86,False,False,-3.0,False
2025-12-09,NIFTY50,50,18,32,0,0,1,0,0,0,0,0,1,-1,22.0,50,28.0,50,53.06,49,64.58,48,44.0,55.1,70.83,25839.65,-0.47,False,True,-4.0,False
2025-12-10,NIFTY50,50,23,27,0,0,0,0,0,0,0,0,1,0,26.0,50,30.0,50,48.98,49,64.58,48,44.0,53.06,70.83,25758.0,-0.32,False,False,-4.0,False
2025-12-11,NIFTY50,50,38,11,1,0,0,0,0,0,0,1,0,0,50.0,50,42.0,50,55.1,49,64.58,48,44.0,53.06,70.83,25898.55,0.55,False,False,-4.0,False
2025-12-12,NIFTY50,50,38,12,0,0,0,0,0,0,0,1,0,0,64.0,50,54.0,50,57.14,49,66.67,48,42.0,55.1,72.92,26046.95,0.57,False,False,-3.0,False
2025-12-15,NIFTY50,50,24,26,0,0,0,0,0,0,0,2,0,0,60.0,50,48.0,50,51.02,49,64.58,48,36.0,55.1,72.92,26027.3,-0.08,False,False,-1.0,False
2025-12-16,NIFTY50,50,11,39,0,0,2,0,0,0,0,2,0,-2,36.0,50,34.0,50,51.02,49,64.58,48,34.0,53.06,70.83,25860.1,-0.64,False,False,-2.0,False
2025-12-17,NIFTY50,50,25,24,1,0,0,0,0,0,0,0,0,0,38.0,50,38.0,50,46.94,49,64.58,48,32.0,55.1,70.83,25818.55,-0.16,False,False,-2.0,False
2025-12-18,NIFTY50,50,25,24,1,0,0,0,0,0,0,0,0,0,38.0,50,34.0,50,46.94,49,66.67,48,32.0,55.1,68.75,25815.55,-0.01,False,False,-2.0,False
2025-12-19,NIFTY50,50,43,7,0,0,0,0,0,0,0,1,0,0,58.0,50,44.0,50,51.02,49,68.75,48,34.0,55.1,68.75,25966.4,0.58,False,False,-2.0,False
2025-12-22,NIFTY50,50,40,10,0,0,0,0,0,0,0,5,0,0,78.0,50,60.0,50,53.06,49,66.67,48,34.0,55.1,70.83,26172.4,0.79,False,False,-2.0,False
2025-12-23,NIFTY50,50,26,24,0,0,0,0,0,0,0,2,0,0,82.0,50,62.0,50,55.1,49,68.75,48,44.0,53.06,70.83,26177.15,0.02,False,False,0.0,False
2025-12-24,NIFTY50,50,24,26,0,0,0,0,0,0,0,3,0,0,66.0,50,60.0,50,53.06,49,68.75,48,50.0,53.06,70.83,26142.1,-0.13,False,False,0.0,False
2025-12-26,NIFTY50,50,15,35,0,0,0,0,0,0,0,3,0,0,64.0,50,56.0,50,51.02,49,66.67,48,48.0,51.02,68.75,26042.3,-0.38,False,False,0.0,False
2025-12-29,NIFTY50,50,14,36,0,0,0,0,0,0,0,0,0,0,48.0,50,44.0,50,46.94,49,66.67,48,50.0,48.98,66.67,25942.1,-0.38,False,False,0.0,False
2025-12-30,NIFTY50,50,17,33,0,0,0,0,0,0,0,1,0,0,40.0,50,48.0,50,51.02,49,62.5,48,52.0,48.98,66.67,25938.85,-0.01,False,False,0.0,False
2025-12-31,NIFTY50,50,43,7,0,1,0,0,0,0,0,4,0,1,66.0,50,66.0,50,59.18,49,64.58,48,58.0,48.98,66.67,26129.6,0.74,False,False,1.0,False
2026-01-01,NIFTY50,50,38,12,0,0,1,0,0,0,0,10,1,-1,68.0,50,68.0,50,55.1,49,64.58,48,56.0,51.02,68.75,26146.55,0.06,False,False,0.0,False
2026-01-02,NIFTY50,50,39,11,0,2,0,0,0,0,0,9,1,2,76.0,50,76.0,50,65.31,49,70.83,48,68.0,53.06,70.83,26328.55,0.7,False,False,2.0,False
2026-01-05,NIFTY50,50,24,26,0,0,0,0,0,0,0,7,1,0,72.0,50,72.0,50,70.0,50,72.92,48,70.0,50.0,70.83,26250.3,-0.3,False,False,2.0,False
2026-01-06,NIFTY50,50,31,19,0,0,2,0,0,0,0,10,1,-2,66.0,50,74.0,50,68.0,50,81.25,48,72.0,48.0,68.75,26178.7,-0.27,False,False,0.0,False
2026-01-07,NIFTY50,50,21,29,0,0,1,0,0,0,0,6,1,-1,64.0,50,68.0,50,66.0,50,75.0,48,70.0,54.0,68.75,26140.75,-0.14,False,False,-2.0,False
2026-01-08,NIFTY50,50,4,45,1,0,0,0,0,0,0,0,2,0,48.0,50,48.0,50,54.0,50,68.75,48,62.0,52.0,68.75,25876.85,-1.01,False,False,-1.0,False
2026-01-09,NIFTY50,50,13,37,0,0,0,0,0,0,0,0,3,0,30.0,50,42.0,50,50.0,50,60.42,48,58.0,48.0,66.67,25683.3,-0.75,False,True,-3.0,False
2026-01-12,NIFTY50,50,39,11,0,0,0,0,0,0,0,2,1,0,38.0,50,48.0,50,56.0,50,62.5,48,56.0,50.0,68.75,25790.25,0.42,False,False,-3.0,False
2026-01-13,NIFTY50,50,19,31,0,0,0,0,0,0,0,1,3,0,38.0,50,50.0,50,56.0,50,68.75,48,56.0,50.0,68.75,25732.3,-0.22,False,False,-1.0,False
2026-01-14,NIFTY50,50,22,28,0,0,1,0,1,0,1,5,3,-1,32.0,50,44.0,50,50.0,50,62.5,48,56.0,48.0,66.67,25665.6,-0.26,False,True,-1.0,False
2026-01-16,NIFTY50,50,22,28,0,2,0,0,1,0,1,1,3,2,40.0,50,48.0,50,48.0,50,60.42,48,52.0,46.0,64.58,25694.35,0.11,False,False,1.0,False
2026-01-19,NIFTY50,50,20,30,0,1,1,0,1,0,1,2,0,0,34.0,50,38.0,50,44.0,50,56.25,48,48.0,48.0,62.5,25585.5,-0.42,False,False,1.0,False
2026-01-20,NIFTY50,50,2,48,0,0,1,0,1,0,1,0,3,-1,10.0,50,30.0,50,38.0,50,47.92,48,48.0,50.0,62.5,25232.5,-1.38,False,False,0.0,False
2026-01-21,NIFTY50,50,20,30,0,1,0,0,1,0,1,0,4,1,18.0,50,26.0,50,34.0,50,50.0,48,48.0,48.0,60.42,25157.5,-0.3,False,False,1.0,False
2026-01-22,NIFTY50,50,39,11,0,1,0,0,0,0,1,2,2,1,36.0,50,32.0,50,40.0,50,54.17,48,40.0,48.0,60.42,25289.9,0.53,False,False,3.0,False
2026-01-23,NIFTY50,50,12,38,0,0,5,0,0,0,1,0,5,-5,20.0,50,26.0,50,34.0,50,47.92,48,38.0,48.0,60.42,25048.65,-0.95,False,False,-4.0,False
2026-01-27,NIFTY50,50,31,19,0,4,1,0,0,0,1,6,3,3,36.0,50,40.0,50,42.0,50,52.08,48,36.0,50.0,58.33,25175.4,0.51,False,False,-1.0,False
2026-01-28,NIFTY50,50,32,18,0,4,2,0,0,0,1,9,1,2,44.0,50,34.0,50,38.0,50,47.92,48,32.0,50.0,58.33,25342.75,0.66,False,False,2.0,False
2026-01-29,NIFTY50,50,22,26,2,1,0,0,0,0,1,9,2,1,46.0,50,32.0,50,36.0,50,48.98,49,30.0,46.0,59.18,25418.9,0.3,False,False,2.0,False
2026-01-30,NIFTY50,50,25,24,1,0,2,0,0,0,1,2,1,-2,46.0,50,36.0,50,36.0,50,51.02,49,30.0,46.0,59.18,25320.65,-0.39,False,False,-1.0,False
2026-02-02,NIFTY50,50,39,11,0,3,0,0,0,0,1,3,2,3,64.0,50,40.0,50,44.0,50,51.02,49,30.0,46.0,57.14,25088.4,-0.92,False,False,7.0,False
2026-02-03,NIFTY50,50,47,3,0,10,0,0,0,0,1,9,0,10,88.0,50,72.0,50,60.0,50,63.27,49,34.0,46.0,57.14,25727.55,2.55,False,False,14.0,True
2026-02-04,NIFTY50,50,37,13,0,2,4,0,0,0,1,10,1,-2,84.0,50,78.0,50,66.0,50,65.31,49,40.0,46.0,59.18,25776.0,0.19,False,False,10.0,False
2026-02-05,NIFTY50,50,19,31,0,0,0,0,0,0,1,6,1,0,82.0,50,72.0,50,66.0,50,63.27,49,46.0,46.0,59.18,25642.8,-0.52,False,False,9.0,False
2026-02-06,NIFTY50,50,18,32,0,1,0,0,0,0,1,2,2,1,84.0,50,78.0,50,64.0,50,63.27,49,50.0,46.0,59.18,25693.7,0.2,False,False,12.0,False
2026-02-09,NIFTY50,50,36,14,0,2,0,0,0,0,1,8,1,2,86.0,50,78.0,50,68.0,50,65.31,49,60.0,48.0,61.22,25867.3,0.68,False,False,11.0,False
2026-02-10,NIFTY50,50,29,20,1,1,0,0,0,0,1,9,0,1,84.0,50,80.0,50,68.0,50,67.35,49,66.0,48.0,63.27,25935.15,0.26,False,False,2.0,False
2026-02-11,NIFTY50,50,28,22,0,1,0,0,0,1,1,7,2,1,82.0,50,80.0,50,70.0,50,67.35,49,78.0,48.0,63.27,25953.85,0.07,False,False,5.0,False
2026-02-12,NIFTY50,50,21,29,0,0,5,0,0,0,1,8,3,-5,80.0,50,82.0,50,68.0,50,65.31,49,80.0,50.0,63.27,25807.2,-0.57,False,False,0.0,False
2026-02-13,NIFTY50,50,6,44,0,0,3,0,0,0,1,2,4,-3,46.0,50,74.0,50,60.0,50,61.22,49,84.0,50.0,63.27,25471.1,-1.3,False,False,-4.0,False
2026-02-16,NIFTY50,50,37,13,0,1,0,0,0,0,0,6,2,1,52.0,50,78.0,50,64.0,50,61.22,49,84.0,48.0,63.27,25682.75,0.83,False,False,-5.0,False
2026-02-17,NIFTY50,50,27,23,0,0,0,0,0,0,0,4,0,0,64.0,50,78.0,50,64.0,50,61.22,49,84.0,50.0,61.22,25725.4,0.17,False,False,-6.0,False
2026-02-18,NIFTY50,50,32,16,2,0,0,0,0,0,0,9,1,0,64.0,50,78.0,50,64.0,50,61.22,49,86.0,52.0,61.22,25819.35,0.37,False,False,-7.0,False
2026-02-19,NIFTY50,50,4,46,0,0,0,0,0,0,0,0,2,0,30.0,50,62.0,50,62.0,50,61.22,49,84.0,56.0,61.22,25454.35,-1.41,False,False,-2.0,False
2026-02-20,NIFTY50,50,36,13,1,0,0,0,0,1,0,4,2,0,48.0,50,74.0,50,64.0,50,61.22,49,78.0,58.0,61.22,25571.25,0.46,False,False,1.0,False
2026-02-23,NIFTY50,50,34,16,0,0,0,0,0,0,0,6,3,0,54.0,50,74.0,50,66.0,50,61.22,49,80.0,64.0,61.22,25713.0,0.55,False,False,0.0,False
2026-02-24,NIFTY50,50,17,33,0,0,3,0,0,2,0,6,4,-3,54.0,50,66.0,50,64.0,50,59.18,49,78.0,62.0,61.22,25424.65,-1.12,False,False,-3.0,False
2026-02-25,NIFTY50,50,37,13,0,0,0,0,0,0,0,9,0,0,64.0,50,76.0,50,66.0,50,57.14,49,72.0,62.0,61.22,25482.5,0.23,False,False,-3.0,False
2026-02-26,NIFTY50,50,23,26,1,0,0,0,0,0,0,9,1,0,64.0,50,70.0,50,66.0,50,59.18,49,70.0,62.0,63.27,25496.55,0.06,False,False,-3.0,False
2026-02-27,NIFTY50,50,4,45,1,0,0,0,0,0,0,0,1,0,36.0,50,42.0,50,60.0,50,55.1,49,60.0,64.0,63.27,25178.65,-1.25,False,False,-3.0,False
2026-03-02,NIFTY50,50,8,42,0,0,2,0,0,0,0,2,2,-2,20.0,50,32.0,50,54.0,50,51.02,49,54.0,64.0,63.27,24865.7,-1.24,False,False,-5.0,False
2026-03-04,NIFTY50,50,4,46,0,0,6,0,0,0,0,0,4,-6,8.0,50,12.0,50,36.0,50,46.94,49,48.0,64.0,63.27,24480.5,-1.55,False,False,-8.0,False
2026-03-05,NIFTY50,50,38,12,0,2,0,0,0,0,0,2,1,2,16.0,50,22.0,50,44.0,50,51.02,49,42.0,64.0,61.22,24765.9,1.17,False,False,-6.0,False
2026-03-06,NIFTY50,50,10,40,0,0,0,0,0,0,0,1,4,0,18.0,50,18.0,50,36.0,50,48.98,49,38.0,64.0,59.18,24450.45,-1.27,False,False,-6.0,False
2026-03-09,NIFTY50,50,8,42,0,0,6,0,0,0,0,0,6,-6,14.0,50,14.0,50,26.0,50,44.9,49,30.0,62.0,59.18,24028.05,-1.73,False,False,-12.0,False
2026-03-10,NIFTY50,50,41,9,0,1,0,0,0,0,0,0,1,1,18.0,50,18.0,50,34.0,50,46.94,49,24.0,62.0,59.18,24261.6,0.97,False,False,-9.0,False
2026-03-11,NIFTY50,50,9,41,0,0,2,0,0,0,0,1,5,-2,14.0,50,16.0,50,24.0,50,42.86,49,20.0,60.0,59.18,23866.85,-1.63,False,False,-5.0,False
2026-03-12,NIFTY50,50,11,38,1,1,1,0,0,0,1,3,7,0,18.0,50,14.0,50,24.0,50,38.78,49,16.0,58.0,59.18,23639.15,-0.95,False,False,-7.0,False
2026-03-13,NIFTY50,50,3,47,0,0,5,0,0,0,1,0,9,-5,8.0,50,8.0,50,16.0,50,34.69,49,16.0,52.0,59.18,23151.1,-2.06,False,False,-12.0,False
2026-03-16,NIFTY50,50,35,15,0,1,0,0,0,0,1,0,3,1,8.0,50,6.0,50,18.0,50,38.78,49,12.0,50.0,59.18,23408.8,1.11,False,False,-5.0,False
2026-03-17,NIFTY50,50,36,14,0,2,0,0,0,0,0,0,5,2,16.0,50,8.0,50,20.0,50,36.73,49,12.0,44.0,59.18,23581.15,0.74,False,False,-4.0,False
2026-03-18,NIFTY50,50,38,12,0,1,0,0,0,0,0,0,2,1,32.0,50,12.0,50,24.0,50,42.86,49,12.0,42.0,57.14,23777.8,0.83,False,False,-1.0,False
2026-03-19,NIFTY50,50,1,49,0,0,13,0,0,0,0,0,14,-13,8.0,50,2.0,50,14.0,50,32.65,49,12.0,40.0,53.06,23002.15,-3.26,False,False,-14.0,False
2026-03-20,NIFTY50,50,35,15,0,0,0,0,0,0,0,0,6,0,20.0,50,12.0,50,16.0,50,36.73,49,8.0,34.0,53.06,23114.5,0.49,False,False,-9.0,False
2026-03-23,NIFTY50,50,4,46,0,0,13,0,0,0,0,0,15,-13,8.0,50,10.0,50,14.0,50,30.61,49,8.0,32.0,51.02,22512.65,-2.6,False,False,-23.0,False
2026-03-24,NIFTY50,50,44,6,0,5,0,0,0,0,0,0,1,5,14.0,50,10.0,50,16.0,50,36.73,49,10.0,28.0,51.02,22912.4,1.78,False,False,-20.0,True
2026-03-25,NIFTY50,50,46,4,0,2,0,0,0,0,0,0,0,2,64.0,50,16.0,50,18.0,50,38.78,49,10.0,22.0,48.98,23306.45,1.72,False,False,-19.0,False
2026-03-27,NIFTY50,50,6,44,0,1,5,0,0,0,0,1,1,-4,30.0,50,8.0,50,14.0,50,34.69,49,6.0,20.0,44.9,22819.6,-2.09,False,False,-10.0,False
2026-03-30,NIFTY50,50,4,46,0,0,1,0,0,0,0,1,12,-1,6.0,50,6.0,50,14.0,50,28.57,49,8.0,16.0,44.9,22331.4,-2.14,False,False,-11.0,False
2026-04-01,NIFTY50,50,39,11,0,5,0,0,0,0,0,1,2,5,30.0,50,12.0,50,8.0,50,30.61,49,10.0,16.0,44.9,22679.4,1.56,False,False,7.0,True
2026-04-02,NIFTY50,50,27,23,0,0,0,0,0,0,0,0,3,0,32.0,50,20.0,50,6.0,50,28.57,49,10.0,16.0,44.9,22713.1,0.15,False,False,2.0,False
2026-04-06,NIFTY50,50,45,5,0,2,0,0,0,0,0,0,1,2,66.0,50,34.0,50,12.0,50,32.65,49,8.0,16.0,44.9,22968.25,1.12,False,False,2.0,False
2026-04-07,NIFTY50,50,37,13,0,0,0,0,0,0,0,0,1,0,74.0,50,36.0,50,16.0,50,34.69,49,12.0,14.0,44.9,23123.65,0.68,False,False,6.0,False
2026-04-08,NIFTY50,50,41,9,0,21,0,0,0,0,0,1,0,21,86.0,50,80.0,50,32.0,50,38.78,49,14.0,14.0,44.9,23997.35,3.78,False,False,28.0,True
2026-04-09,NIFTY50,50,21,29,0,0,0,0,0,0,0,2,0,0,92.0,50,84.0,50,30.0,50,40.82,49,30.0,14.0,44.9,23775.1,-0.93,False,False,23.0,False
2026-04-10,NIFTY50,50,42,8,0,1,1,0,0,0,0,2,0,0,92.0,50,86.0,50,38.0,50,42.86,49,50.0,10.0,46.94,24050.6,1.16,False,False,23.0,False
2026-04-13,NIFTY50,50,12,38,0,0,2,0,0,0,0,0,0,-2,88.0,50,86.0,50,34.0,50,40.82,49,58.0,10.0,46.94,23842.65,-0.86,False,False,19.0,False
2026-04-15,NIFTY50,50,47,3,0,4,0,0,0,0,0,3,0,4,94.0,50,90.0,50,50.0,50,40.82,49,66.0,10.0,46.94,24231.3,1.63,False,False,23.0,False
2026-04-16,NIFTY50,50,25,25,0,0,0,0,0,0,0,1,0,0,94.0,50,90.0,50,52.0,50,40.82,49,82.0,8.0,46.94,24196.75,-0.14,False,False,2.0,False
2026-04-17,NIFTY50,50,39,11,0,1,0,0,0,0,0,5,0,1,94.0,50,94.0,50,54.0,50,46.94,49,86.0,10.0,46.94,24353.55,0.65,False,False,3.0,False
2026-04-20,NIFTY50,50,23,27,0,0,0,0,0,0,0,3,0,0,82.0,50,92.0,50,58.0,50,48.98,49,90.0,10.0,46.94,24364.85,0.05,False,False,3.0,False
2026-04-21,NIFTY50,50,36,14,0,1,0,0,0,0,0,2,0,1,86.0,50,90.0,50,70.0,50,51.02,49,92.0,12.0,46.94,24576.6,0.87,False,False,6.0,False
2026-04-22,NIFTY50,50,20,30,0,0,1,0,0,0,0,4,1,-1,62.0,50,88.0,50,60.0,50,48.98,49,92.0,14.0,46.94,24378.1,-0.81,False,False,1.0,False
2026-04-23,NIFTY50,50,17,33,0,3,1,0,0,0,0,4,1,2,58.0,50,84.0,50,56.0,50,48.98,49,92.0,16.0,46.94,24173.05,-0.84,False,False,3.0,False
2026-04-24,NIFTY50,50,12,38,0,0,4,0,0,0,0,1,2,-4,44.0,50,74.0,50,52.0,50,48.98,49,90.0,20.0,46.94,23897.95,-1.14,False,False,-2.0,False
2026-04-27,NIFTY50,50,41,9,0,1,0,0,0,3,0,6,0,1,58.0,50,80.0,50,58.0,50,51.02,49,92.0,24.0,46.94,24092.7,0.81,False,False,-1.0,False
2026-04-28,NIFTY50,50,18,32,0,1,0,0,0,3,0,5,2,1,48.0,50,72.0,50,56.0,50,46.94,49,92.0,30.0,46.94,23995.7,-0.4,False,False,-1.0,False
2026-04-29,NIFTY50,50,36,14,0,0,0,0,0,1,0,4,0,0,54.0,50,74.0,50,62.0,50,51.02,49,94.0,34.0,44.9,24177.65,0.76,False,False,0.0,False
2026-04-30,NIFTY50,50,10,40,0,1,0,0,0,1,0,1,0,1,36.0,50,64.0,50,60.0,50,48.98,49,88.0,42.0,44.9,23997.55,-0.74,False,False,-1.0,False
2026-05-04,NIFTY50,50,37,13,0,1,0,0,0,3,0,2,0,1,40.0,50,62.0,50,66.0,50,51.02,49,82.0,50.0,44.9,24119.3,0.51,False,False,4.0,False
2026-05-05,NIFTY50,50,17,33,0,0,0,0,0,2,0,0,0,0,46.0,50,62.0,50,60.0,50,53.06,49,66.0,58.0,44.9,24032.8,-0.36,False,False,3.0,False
2026-05-06,NIFTY50,50,35,15,0,3,0,0,0,2,0,2,1,3,68.0,50,76.0,50,74.0,50,55.1,49,62.0,64.0,44.9,24330.95,1.24,False,False,5.0,False
2026-05-07,NIFTY50,50,22,28,0,0,0,0,0,1,0,4,1,0,66.0,50,70.0,50,76.0,50,55.1,49,60.0,66.0,44.9,24326.65,-0.02,False,False,5.0,False
2026-05-08,NIFTY50,50,21,29,0,1,1,0,0,2,0,4,0,0,66.0,50,72.0,50,74.0,50,55.1,49,60.0,66.0,44.9,24176.15,-0.62,False,False,4.0,False
2026-05-11,NIFTY50,50,13,37,0,1,5,0,0,0,0,4,1,-4,40.0,50,48.0,50,62.0,50,51.02,49,62.0,74.0,42.86,23815.85,-1.49,False,True,-1.0,False
2026-05-12,NIFTY50,50,3,47,0,1,5,0,0,0,0,0,4,-4,16.0,50,28.0,50,42.0,50,48.98,49,56.0,78.0,42.86,23379.55,-1.83,False,True,-5.0,False
2026-05-13,NIFTY50,50,24,25,1,1,0,0,0,0,0,1,3,1,24.0,50,32.0,50,40.0,50,48.98,49,52.0,80.0,42.86,23412.6,0.14,False,False,-7.0,False
2026-05-14,NIFTY50,50,39,11,0,3,0,0,0,1,0,6,3,3,38.0,50,42.0,50,58.0,50,48.98,49,50.0,82.0,44.9,23689.6,1.18,False,False,-4.0,False
2026-05-15,NIFTY50,50,22,28,0,1,0,0,0,1,0,3,0,1,40.0,50,44.0,50,54.0,50,48.98,49,50.0,84.0,44.9,23643.5,-0.19,False,False,-3.0,False
2026-05-18,NIFTY50,50,23,27,0,1,0,0,0,0,0,1,0,1,36.0,50,42.0,50,56.0,50,46.94,49,48.0,82.0,44.9,23649.95,0.03,False,False,2.0,False
2026-05-19,NIFTY50,50,24,26,0,1,0,0,0,0,0,1,0,1,40.0,50,42.0,50,58.0,50,48.98,49,44.0,80.0,44.9,23618.0,-0.14,False,False,7.0,False
2026-05-20,NIFTY50,50,25,25,0,0,0,0,0,0,0,0,0,0,48.0,50,42.0,50,58.0,50,48.98,49,42.0,78.0,44.9,23659.0,0.17,False,False,6.0,False
2026-05-21,NIFTY50,50,25,24,1,1,0,0,0,0,0,2,0,1,54.0,50,46.0,50,60.0,50,48.98,49,38.0,78.0,44.9,23654.7,-0.02,False,False,4.0,False
2026-05-22,NIFTY50,50,27,23,0,0,1,0,0,0,0,3,0,-1,64.0,50,40.0,50,66.0,50,48.98,49,36.0,78.0,44.9,23719.3,0.27,False,False,2.0,False
2026-05-25,NIFTY50,50,40,10,0,2,0,0,0,0,0,4,0,2,76.0,50,60.0,50,80.0,50,48.98,49,38.0,76.0,44.9,24031.7,1.32,False,False,3.0,False
2026-05-26,NIFTY50,50,18,32,0,1,0,0,0,1,0,2,0,1,68.0,50,52.0,50,74.0,50,48.98,49,38.0,72.0,46.94,23913.7,-0.49,False,False,3.0,False
2026-05-27,NIFTY50,50,34,16,0,1,1,0,0,1,0,6,0,0,74.0,50,60.0,50,66.0,50,48.98,49,42.0,72.0,46.94,23907.15,-0.03,False,False,3.0,False
2026-05-29,NIFTY50,50,5,45,0,0,0,0,0,0,0,0,1,0,40.0,50,40.0,50,56.0,50,51.02,49,48.0,72.0,46.94,23547.75,-1.5,False,False,2.0,False
2026-06-01,NIFTY50,50,10,40,0,0,0,0,0,0,0,0,1,0,30.0,50,36.0,50,48.0,50,51.02,49,44.0,72.0,46.94,23382.6,-0.7,False,False,3.0,False
2026-06-02,NIFTY50,50,31,19,0,3,0,0,0,0,0,1,0,3,36.0,50,36.0,50,50.0,50,48.98,49,44.0,70.0,46.94,23483.55,0.43,False,False,4.0,False
2026-06-03,NIFTY50,50,22,28,0,0,3,0,0,0,0,1,2,-3,30.0,50,32.0,50,46.0,50,48.98,49,52.0,68.0,46.94,23405.6,-0.33,False,False,0.0,False
2026-06-04,NIFTY50,50,23,27,0,0,1,0,1,0,1,2,3,-1,26.0,50,34.0,50,44.0,50,51.02,49,48.0,68.0,46.94,23416.55,0.05,False,False,-1.0,False
2026-06-05,NIFTY50,50,23,27,0,0,0,0,1,0,1,2,3,0,26.0,50,32.0,50,40.0,50,51.02,49,48.0,58.0,46.94,23366.7,-0.21,False,False,-1.0,False
2026-06-08,NIFTY50,50,10,40,0,0,1,0,1,0,1,0,5,-1,16.0,50,24.0,50,34.0,50,48.98,49,50.0,48.0,46.94,23123.0,-1.04,False,False,-2.0,False
2026-06-09,NIFTY50,50,29,21,0,1,0,0,1,0,1,2,3,1,30.0,50,30.0,50,38.0,50,48.98,49,48.0,46.0,46.94,23242.1,0.52,False,False,-4.0,False
2026-06-10,NIFTY50,50,19,31,0,0,0,0,1,0,1,0,4,0,28.0,50,28.0,50,36.0,50,46.94,49,42.0,44.0,46.94,23214.95,-0.12,False,False,-1.0,False
2026-06-11,NIFTY50,50,16,34,0,0,0,0,0,0,1,0,6,0,32.0,50,26.0,50,36.0,50,44.9,49,34.0,46.0,48.98,23161.6,-0.23,False,False,0.0,False
2026-06-12,NIFTY50,50,38,12,0,4,0,0,0,0,1,0,2,4,58.0,50,44.0,50,40.0,50,46.94,49,34.0,44.0,48.98,23622.9,1.99,False,False,4.0,False
2026-06-15,NIFTY50,50,34,16,0,4,0,0,0,0,1,0,0,4,64.0,50,52.0,50,52.0,50,42.86,49,36.0,44.0,48.98,23853.9,0.98,False,False,9.0,False
2026-06-16,NIFTY50,50,29,21,0,0,0,0,0,0,1,0,0,0,66.0,50,56.0,50,54.0,50,48.98,49,26.0,42.0,48.98,23989.15,0.57,False,False,8.0,False
2026-06-17,NIFTY50,50,33,16,1,1,1,0,0,0,0,1,0,0,74.0,50,62.0,50,54.0,50,51.02,49,34.0,42.0,48.98,24085.7,0.4,True,False,8.0,False
2026-06-18,NIFTY50,50,33,17,0,1,0,0,0,0,0,1,0,1,74.0,50,66.0,50,60.0,50,51.02,49,38.0,40.0,48.98,24168.0,0.34,True,False,9.0,False
2026-06-19,NIFTY50,50,24,26,0,0,1,0,0,0,0,0,2,-1,74.0,50,64.0,50,52.0,50,53.06,49,42.0,42.0,48.98,24013.1,-0.64,False,False,4.0,False
2026-06-22,NIFTY50,50,30,20,0,1,0,0,0,0,0,2,0,1,74.0,50,68.0,50,60.0,50,53.06,49,52.0,42.0,48.98,24102.9,0.37,False,False,1.0,False
2026-06-23,NIFTY50,50,9,41,0,0,0,0,0,0,1,0,4,0,58.0,50,58.0,50,48.0,50,53.06,49,54.0,40.0,48.98,23824.1,-1.16,False,False,1.0,False
2026-06-24,NIFTY50,50,29,21,0,1,0,0,0,0,0,2,1,1,54.0,50,62.0,50,48.0,50,55.1,49,64.0,42.0,48.98,24021.65,0.83,False,False,2.0,False
2026-06-25,NIFTY50,50,23,27,0,1,0,0,0,0,0,1,1,1,52.0,50,64.0,50,48.0,50,55.1,49,66.0,38.0,48.98,24056.0,0.14,False,False,2.0,False
2026-06-29,NIFTY50,50,25,25,0,0,0,0,0,0,0,2,0,0,28.0,50,52.0,50,44.0,50,55.1,49,68.0,38.0,48.98,23946.25,-0.46,False,False,3.0,False
2026-06-30,NIFTY50,50,22,28,0,1,1,0,0,0,0,1,4,0,34.0,50,48.0,50,46.0,50,55.1,49,72.0,38.0,48.98,23865.75,-0.34,False,False,2.0,False
2026-07-01,NIFTY50,50,33,17,0,1,0,0,0,0,0,2,4,1,52.0,50,68.0,50,52.0,50,55.1,49,72.0,42.0,48.98,24005.85,0.59,False,False,3.0,False
2026-07-02,NIFTY50,50,35,14,1,4,0,0,0,0,0,3,0,4,52.0,50,68.0,50,54.0,50,57.14,49,72.0,48.0,48.98,24175.7,0.71,True,False,6.0,False
2026-07-03,NIFTY50,50,31,19,0,1,0,0,0,0,0,4,0,1,64.0,50,66.0,50,52.0,50,59.18,49,72.0,46.0,48.98,24270.85,0.39,True,False,6.0,False
2026-07-06,NIFTY50,50,26,24,0,0,0,0,0,0,0,3,0,0,74.0,50,68.0,50,54.0,50,57.14,49,72.0,48.0,48.98,24430.35,0.66,True,False,6.0,False
2026-07-07,NIFTY50,50,24,26,0,0,1,0,0,0,0,1,0,-1,72.0,50,70.0,50,60.0,50,59.18,49,68.0,48.0,48.98,24398.7,-0.13,False,False,5.0,False
2026-07-08,NIFTY50,50,4,46,0,0,4,0,0,0,0,0,0,-4,32.0,50,40.0,50,46.0,50,48.98,49,50.0,48.0,48.98,23882.05,-2.12,False,False,0.0,False
2026-07-09,NIFTY50,50,30,20,0,0,1,0,0,0,0,1,0,-1,34.0,50,42.0,50,46.0,50,48.98,49,48.0,48.0,48.98,23962.8,0.34,False,False,-5.0,False
2026-07-10,NIFTY50,50,40,10,0,0,0,0,0,0,0,1,0,0,60.0,50,58.0,50,56.0,50,55.1,49,48.0,52.0,48.98,24206.9,1.02,False,False,-6.0,False
2026-07-13,NIFTY50,50,20,30,0,2,0,0,0,0,0,1,0,2,50.0,50,54.0,50,56.0,50,59.18,49,50.0,54.0,48.98,24211.0,0.02,False,False,-4.0,False
2026-07-14,NIFTY50,50,16,34,0,0,1,0,0,0,0,2,1,-1,36.0,50,44.0,50,48.0,50,51.02,49,54.0,54.0,48.98,24052.05,-0.66,False,False,-4.0,False
2026-07-15,NIFTY50,50,25,25,0,0,0,0,0,0,0,2,0,0,36.0,50,42.0,50,50.0,50,51.02,49,56.0,56.0,48.98,24078.5,0.11,False,False,0.0,False
2026-07-16,NIFTY50,50,23,27,0,0,0,0,0,0,0,2,0,0,36.0,50,44.0,50,50.0,50,48.98,49,52.0,56.0,48.98,24072.75,-0.02,False,False,1.0,False
2026-07-17,NIFTY50,50,37,13,0,1,0,0,0,0,0,1,0,1,52.0,50,56.0,50,64.0,50,48.98,49,50.0,56.0,48.98,24334.3,1.09,False,False,2.0,False
2026-07-20,NIFTY50,50,36,13,1,0,2,0,0,0,0,3,0,-2,74.0,50,60.0,50,58.0,50,48.98,49,46.0,58.0,48.98,24238.5,-0.39,False,False,-2.0,False
2026-07-21,NIFTY50,50,31,19,0,0,0,0,0,0,0,4,0,0,70.0,50,60.0,50,58.0,50,51.02,49,46.0,56.0,48.98,24187.7,-0.21,False,False,-1.0,False
2026-07-22,NIFTY50,50,11,39,0,1,0,0,0,0,0,3,0,1,48.0,50,48.0,50,54.0,50,51.02,49,44.0,52.0,51.02,23996.25,-0.79,False,False,0.0,False
2026-07-23,NIFTY50,50,19,31,0,0,1,0,0,0,0,1,0,-1,44.0,50,46.0,50,48.0,50,46.94,49,48.0,56.0,51.02,23869.6,-0.53,False,False,-1.0,False
2026-07-24,NIFTY50,50,17,33,0,0,0,0,0,0,0,0,0,0,38.0,50,32.0,50,44.0,50,46.94,49,44.0,58.0,55.1,23767.45,-0.43,False,False,-2.0,False
2026-07-27,NIFTY50,50,44,6,0,2,1,0,0,0,0,2,0,1,58.0,50,52.0,50,52.0,50,48.98,49,42.0,56.0,55.1,23995.95,0.96,False,False,1.0,False
2026-07-28,NIFTY50,50,30,20,0,2,3,0,0,0,0,3,1,-1,58.0,50,48.0,50,48.0,50,48.98,49,42.0,56.0,55.1,23985.35,-0.04,False,False,0.0,False
2026-07-29,NIFTY50,50,38,12,0,3,0,0,0,1,0,3,0,3,68.0,50,66.0,50,58.0,50,51.02,49,50.0,56.0,53.06,24250.2,1.1,False,False,2.0,False
2026-07-30,NIFTY50,50,24,26,0,0,0,0,0,1,0,4,1,0,66.0,50,68.0,50,60.0,50,53.06,49,52.0,56.0,48.98,24317.15,0.28,False,False,3.0,False
2026-07-31,NIFTY50,50,29,21,0,2,0,0,0,0,0,3,0,2,64.0,50,64.0,50,60.0,50,57.14,49,54.0,56.0,53.06,24383.6,0.27,False,False,5.0,False
2026-08-03,NIFTY50,50,44,6,0,5,0,0,0,0,0,4,0,5,86.0,50,80.0,50,70.0,50,61.22,49,62.0,56.0,53.06,24774.3,1.6,False,False,9.0,True
2026-08-04,NIFTY50,50,14,35,1,0,0,0,0,0,0,1,1,0,76.0,50,70.0,50,68.0,50,57.14,49,66.0,56.0,53.06,24614.9,-0.64,False,False,10.0,False
2026-08-05,NIFTY50,50,26,22,2,0,0,0,0,0,0,3,0,0,76.0,50,72.0,50,68.0,50,57.14,49,72.0,54.0,57.14,24624.65,0.04,False,False,7.0,False
2026-08-06,NIFTY50,50,15,34,1,0,0,0,0,0,0,2,0,0,70.0,50,70.0,50,68.0,50,57.14,49,70.0,54.0,57.14,24636.0,0.05,False,False,7.0,False
2026-08-07,NIFTY50,50,23,27,0,0,1,0,0,0,0,1,1,-1,56.0,50,68.0,50,66.0,50,53.06,49,74.0,58.0,57.14,24570.65,-0.27,False,False,4.0,False
2026-08-10,NIFTY50,50,25,23,2,0,0,0,0,0,0,2,1,0,52.0,50,68.0,50,66.0,50,53.06,49,74.0,58.0,55.1,24583.8,0.05,False,False,-1.0,False
2026-08-11,NIFTY50,50,13,37,0,0,0,0,0,0,0,1,2,0,36.0,50,62.0,50,64.0,50,48.98,49,74.0,60.0,55.1,24471.7,-0.46,False,False,-1.0,False
2026-08-12,NIFTY50,50,17,30,3,0,0,0,0,0,0,0,1,0,28.0,50,58.0,50,62.0,50,51.02,49,70.0,62.0,55.1,24435.95,-0.15,False,False,-1.0,False
2026-08-13,NIFTY50,50,28,22,0,0,0,0,0,0,0,0,1,0,36.0,50,60.0,50,62.0,50,48.98,49,68.0,60.0,55.1,24395.85,-0.16,False,False,-1.0,False
2026-08-14,NIFTY50,50,11,39,0,0,1,0,0,0,0,0,1,-1,24.0,50,48.0,50,62.0,50,48.98,49,68.0,60.0,55.1,24366.0,-0.12,False,False,-1.0,False
2024-04-01,NIFTY500,422,346,76,0,112,1,0,0,0,0,0,0,111,,0,,0,,0,,0,,,,22462.0,,False,False,,True
2024-04-02,NIFTY500,422,289,133,0,36,2,0,0,0,0,0,0,34,,0,,0,,0,,0,,,,22453.3,-0.04,False,False,,False
2024-04-03,NIFTY500,422,248,172,2,26,1,0,0,0,0,0,0,25,,0,,0,,0,,0,,,,22434.65,-0.08,False,False,,False
2024-04-04,NIFTY500,422,210,211,1,13,3,0,0,0,0,0,0,10,,0,,0,,0,,0,,,,22514.65,0.36,False,False,,False
2024-04-05,NIFTY500,422,264,157,1,13,0,0,0,0,0,0,0,13,,0,,0,,0,,0,,,,22513.7,-0.0,False,False,193.0,False
2024-04-08,NIFTY500,422,210,212,0,25,4,4,0,0,0,0,0,21,,0,,0,,0,,0,,,,22666.3,0.68,False,False,103.0,False
2024-04-09,NIFTY500,422,157,265,0,9,2,3,0,0,0,0,0,7,,0,,0,,0,,0,,,,22642.75,-0.1,False,False,76.0,False
2024-04-10,NIFTY500,422,243,179,0,28,2,4,0,0,0,0,0,26,,0,,0,,0,,0,,,,22753.8,0.49,False,False,77.0,False
2024-04-12,NIFTY500,423,135,286,2,9,5,3,0,0,0,0,0,4,,0,,0,,0,,0,,,,22519.4,-1.03,False,False,71.0,False
2024-04-15,NIFTY500,424,71,353,0,5,24,1,0,0,0,0,0,-19,32.46,422,,0,,0,,0,,,,22272.5,-1.1,False,False,39.0,False
2024-04-16,NIFTY500,424,230,191,3,16,1,2,0,0,0,0,0,15,34.83,422,,0,,0,,0,,,,22147.9,-0.56,False,False,33.0,False
2024-04-18,NIFTY500,424,163,257,4,18,7,1,0,0,0,0,0,11,31.28,422,,0,,0,,0,,,,21995.85,-0.69,False,False,37.0,False
2024-04-19,NIFTY500,424,182,242,0,6,3,0,0,0,0,0,0,3,31.99,422,,0,,0,,0,,,,22147.0,0.69,False,False,14.0,False
2024-04-22,NIFTY500,424,309,112,3,34,2,0,0,0,0,0,0,32,45.97,422,,0,,0,,0,,,,22336.4,0.86,False,False,42.0,False
2024-04-23,NIFTY500,426,270,155,1,29,3,2,1,0,0,0,0,26,58.91,421,,0,,0,,0,,,,22368.0,0.14,False,False,87.0,False
2024-04-24,NIFTY500,426,269,154,3,25,6,1,1,0,0,0,0,19,67.22,421,,0,,0,,0,,,,22402.4,0.15,False,False,91.0,False
2024-04-25,NIFTY500,425,277,145,3,27,4,3,1,0,0,0,0,23,76.25,421,,0,,0,,0,,,,22570.35,0.75,False,False,103.0,False
2024-04-26,NIFTY500,425,230,194,1,27,3,2,1,0,0,0,0,24,77.49,422,,0,,0,,0,,,,22419.95,-0.67,False,False,124.0,False
2024-04-29,NIFTY500,426,216,206,4,22,4,2,1,0,0,0,0,18,79.38,422,,0,,0,,0,,,,22643.4,1.0,False,False,110.0,False
2024-04-30,NIFTY500,426,217,209,0,23,3,2,0,0,0,0,0,20,77.73,422,74.58,421,,0,,0,56.77,,,22604.85,-0.17,False,False,104.0,False
2024-05-02,NIFTY500,426,238,186,2,21,6,3,0,0,0,0,0,15,74.17,422,76.25,421,,0,,0,61.05,,,22648.2,0.19,False,False,100.0,False
2024-05-03,NIFTY500,426,148,277,1,14,2,2,0,21,0,0,0,12,62.56,422,68.41,421,,0,,0,64.61,,,22475.85,-0.76,False,False,89.0,False
2024-05-06,NIFTY500,426,125,300,1,18,24,2,0,12,0,0,0,-6,46.21,422,56.77,421,,0,,0,70.31,,,22442.7,-0.15,False,False,59.0,False
2024-05-07,NIFTY500,426,75,350,1,8,49,0,0,9,0,0,0,-41,27.53,425,39.19,421,,0,,0,72.68,,,22302.5,-0.62,False,False,0.0,False
2024-05-08,NIFTY500,426,265,160,1,19,9,1,1,10,1,0,0,10,32.0,425,43.23,421,,0,,0,73.16,,,22302.5,0.0,False,False,-10.0,False
2024-05-09,NIFTY500,426,42,384,0,4,59,1,1,6,2,0,0,-55,17.18,425,28.98,421,,0,,0,68.41,,,21957.5,-1.55,False,True,-80.0,False
2024-05-10,NIFTY500,426,291,134,1,27,2,2,1,5,2,0,0,25,25.18,425,36.58,421,,0,,0,62.95,,,22055.2,0.44,False,False,-67.0,False
2024-05-13,NIFTY500,427,201,226,0,20,5,2,1,7,2,0,0,15,27.0,426,35.55,422,,0,,0,56.16,,,22104.05,0.22,False,False,-46.0,False
2024-05-14,NIFTY500,427,313,112,2,57,3,2,1,10,2,0,0,54,43.66,426,48.1,422,,0,,0,52.37,,,22217.85,0.51,False,False,49.0,True
2024-05-15,NIFTY500,429,252,175,2,28,4,2,1,17,3,0,0,24,56.34,426,53.08,422,,0,,0,47.16,,,22200.55,-0.08,False,False,63.0,False
2024-05-16,NIFTY500,429,287,142,0,24,3,5,1,26,3,0,0,21,67.84,426,58.53,422,,0,,0,42.18,,,22403.85,0.92,False,False,139.0,False
2024-05-17,NIFTY500,429,298,131,0,47,4,8,1,28,2,0,0,43,78.87,426,65.88,422,,0,,0,40.52,,,22466.1,0.28,False,False,157.0,True
2024-05-21,NIFTY500,431,199,230,2,35,23,13,1,32,2,0,0,12,73.94,426,61.85,422,,0,,0,39.57,,,22529.05,0.28,False,False,154.0,False
2024-05-22,NIFTY500,431,224,205,2,25,7,4,1,31,2,0,0,18,74.18,426,63.53,425,,0,,0,41.88,,,22597.8,0.31,False,False,118.0,False
2024-05-23,NIFTY500,432,256,174,2,25,5,9,0,31,2,0,0,20,75.82,426,64.47,425,,0,,0,44.94,,,22967.65,1.64,True,False,114.0,False
2024-05-24,NIFTY500,432,159,272,1,10,6,8,2,24,2,0,0,4,69.25,426,62.35,425,,0,,0,51.53,,,22957.1,-0.05,False,False,97.0,False
2024-05-27,NIFTY500,432,210,222,0,21,9,4,2,21,3,0,0,12,65.34,427,62.12,425,,0,,0,57.41,,,22932.45,-0.11,False,False,66.0,False
2024-05-28,NIFTY500,432,123,309,0,5,21,2,2,15,3,0,0,-16,51.99,427,59.86,426,,0,,0,62.91,,,22888.15,-0.19,False,False,38.0,False
2024-05-29,NIFTY500,432,185,244,3,18,7,5,2,15,3,0,0,11,45.45,429,56.57,426,,0,,0,64.79,,,22704.7,-0.8,False,False,31.0,False
2024-05-30,NIFTY500,432,84,348,0,8,18,2,3,12,4,0,0,-10,27.51,429,42.96,426,,0,,0,66.2,,,22488.65,-0.95,False,False,1.0,False
2024-05-31,NIFTY500,432,236,193,3,34,6,2,1,14,3,0,0,28,34.03,429,46.71,426,,0,,0,65.26,,,22530.7,0.19,False,False,25.0,False
2024-06-03,NIFTY500,434,362,71,1,127,1,3,0,25,3,0,0,126,65.43,431,63.85,426,,0,,0,67.14,,,23263.9,3.25,True,False,139.0,True
2024-06-04,NIFTY500,434,31,403,0,4,297,1,4,6,4,0,0,-293,10.67,431,18.08,426,,0,,0,62.68,,,21884.5,-5.93,False,True,-138.0,False
2024-06-05,NIFTY500,434,384,50,0,194,14,2,0,5,3,0,0,180,37.04,432,39.2,426,,0,,0,56.81,,,22620.35,3.36,False,False,31.0,True
2024-06-06,NIFTY500,434,361,70,3,114,2,1,0,19,3,0,0,112,60.65,432,58.45,426,,0,,0,53.99,,,22821.4,0.89,False,False,153.0,True
2024-06-07,NIFTY500,435,383,52,0,62,1,3,0,24,3,0,0,61,79.35,431,75.53,425,,0,,0,51.06,,,23290.15,2.05,True,False,186.0,True
2024-06-10,NIFTY500,436,283,153,0,38,4,1,1,33,4,0,0,34,83.53,431,77.93,426,,0,,0,50.0,,,23259.2,-0.13,False,False,94.0,False
2024-06-11,NIFTY500,436,262,174,0,35,3,27,1,33,4,0,0,32,87.47,431,80.52,426,,0,,0,48.12,,,23264.85,0.02,False,False,419.0,False
2024-06-12,NIFTY500,436,299,136,1,25,0,15,1,37,4,0,0,25,93.97,431,85.98,428,,0,,0,51.4,,,23322.95,0.25,True,False,264.0,False
2024-06-13,NIFTY500,436,262,173,1,25,1,6,1,30,4,0,0,24,90.26,431,84.11,428,80.24,420,,0,58.88,61.19,,23398.9,0.33,True,False,176.0,False
2024-06-14,NIFTY500,436,265,170,1,40,0,8,1,32,2,0,0,40,91.22,433,87.85,428,82.14,420,,0,64.49,63.1,,23465.6,0.29,True,False,155.0,False
2024-06-18,NIFTY500,436,261,174,1,28,3,8,0,31,3,0,0,25,90.53,433,86.98,430,83.81,420,,0,65.35,65.24,,23557.9,0.39,True,False,146.0,False
2024-06-19,NIFTY500,436,128,308,0,15,11,3,0,25,3,0,0,4,75.98,433,83.02,430,80.24,420,,0,77.44,65.48,,23516.0,-0.18,False,False,118.0,False
2024-06-20,NIFTY500,436,258,177,1,29,1,8,0,30,3,0,0,28,75.52,433,83.76,431,83.33,420,,0,84.45,68.1,,23567.0,0.22,True,False,121.0,False
2024-06-21,NIFTY500,436,186,249,1,19,14,2,2,26,5,0,0,5,64.37,435,81.67,431,80.24,420,,0,87.94,68.33,,23501.1,-0.28,False,False,102.0,False
2024-06-24,NIFTY500,436,216,219,1,17,5,5,2,21,5,0,0,12,59.4,436,79.81,431,78.81,420,,0,89.79,69.05,,23537.85,0.16,False,False,74.0,False
2024-06-25,NIFTY500,436,175,260,1,15,4,2,2,22,3,0,0,11,55.05,436,78.89,431,78.33,420,,0,88.4,69.76,,23721.3,0.78,True,False,60.0,False
2024-06-26,NIFTY500,436,204,231,1,21,2,3,2,27,3,0,0,19,53.9,436,76.1,431,77.67,421,,0,88.17,70.31,,23868.8,0.62,True,False,75.0,False
2024-06-27,NIFTY500,436,188,248,0,11,9,4,2,27,3,0,0,2,48.39,436,71.69,431,77.67,421,,0,86.31,73.63,,24044.5,0.74,True,False,49.0,False
2024-06-28,NIFTY500,436,248,186,2,20,3,3,0,34,3,0,0,17,51.83,436,73.32,431,79.33,421,,0,84.45,75.3,,24010.6,-0.14,False,False,61.0,False
2024-07-01,NIFTY500,436,311,125,0,36,0,6,0,43,3,0,0,36,64.68,436,76.67,433,81.71,421,,0,81.99,76.48,,24141.95,0.55,True,False,85.0,False
2024-07-02,NIFTY500,437,173,263,1,11,5,4,1,39,3,0,0,6,57.57,436,72.29,433,81.0,421,,0,80.37,76.01,,24123.85,-0.07,False,False,80.0,False
2024-07-03,NIFTY500,437,302,135,0,27,1,1,1,35,4,0,0,26,68.81,436,75.29,433,82.66,421,,0,74.13,79.57,,24286.5,0.67,True,False,87.0,False
2024-07-04,NIFTY500,437,242,194,1,25,1,6,1,95,3,0,0,24,69.95,436,74.13,433,83.73,424,,0,70.44,81.84,,24302.15,0.06,True,False,109.0,False
2024-07-05,NIFTY500,437,268,169,0,25,1,8,1,73,3,0,0,24,71.79,436,73.33,435,84.43,424,,0,69.2,84.2,,24323.85,0.09,True,False,116.0,False
2024-07-08,NIFTY500,437,163,272,2,16,8,8,1,49,3,0,0,8,63.07,436,67.89,436,81.6,424,,0,67.2,84.91,,24320.55,-0.01,False,False,88.0,False
2024-07-09,NIFTY500,437,238,198,1,23,8,3,0,33,3,0,0,15,67.2,436,70.18,436,81.6,424,,0,66.28,85.14,,24433.2,0.46,True,False,97.0,False
2024-07-10,NIFTY500,438,172,264,2,11,11,1,0,26,2,0,0,0,60.09,436,64.91,436,80.94,425,,0,66.74,86.12,,24324.45,-0.45,False,False,71.0,False
2024-07-11,NIFTY500,438,212,224,2,22,1,4,0,23,2,0,0,21,57.34,436,64.45,436,81.65,425,,0,67.66,85.18,,24315.95,-0.03,False,False,68.0,False
2024-07-12,NIFTY500,438,192,245,1,22,6,4,0,21,2,0,0,16,53.44,436,61.7,436,80.71,425,,0,68.58,85.18,,24502.15,0.77,True,False,60.0,False
2024-07-15,NIFTY500,438,273,165,0,24,2,2,0,22,2,0,0,22,62.93,437,67.43,436,83.29,425,,0,68.58,85.18,,24586.7,0.35,True,False,74.0,False
2024-07-16,NIFTY500,436,200,235,1,15,5,2,0,18,2,0,0,10,59.91,434,64.9,433,83.22,423,,0,67.67,85.34,,24613.0,0.11,True,False,69.0,False
2024-07-18,NIFTY500,436,142,294,0,3,25,2,0,8,2,0,0,-22,49.08,434,58.43,433,78.72,423,,0,69.52,85.34,,24800.85,0.76,True,False,47.0,False
2024-07-19,NIFTY500,436,46,389,1,3,70,1,1,8,3,0,0,-67,23.5,434,41.8,433,67.85,423,,0,66.05,84.4,,24530.9,-1.09,False,False,-41.0,False
2024-07-22,NIFTY500,436,300,136,0,23,5,1,1,8,3,0,0,18,33.64,434,43.88,433,73.76,423,,0,62.12,83.92,,24509.25,-0.09,False,False,-39.0,False
2024-07-23,NIFTY500,436,173,262,1,13,23,2,1,8,1,0,0,-10,31.11,434,42.73,433,66.43,423,,0,58.43,82.74,,24479.05,-0.12,False,False,-71.0,False
2024-07-24,NIFTY500,436,285,151,0,45,1,1,1,13,1,0,0,44,45.06,435,47.58,433,71.23,424,,0,55.66,82.31,,24413.5,-0.27,False,False,-37.0,True
2024-07-25,NIFTY500,436,178,258,0,18,7,2,1,12,1,0,0,11,44.37,435,48.04,433,68.4,424,,0,54.04,80.66,,24406.1,-0.03,False,False,-4.0,False
2024-07-26,NIFTY500,437,345,91,1,30,4,4,0,12,1,0,0,26,64.83,435,59.35,433,74.41,426,,0,51.27,80.52,,24834.85,1.76,True,False,89.0,False
2024-07-29,NIFTY500,437,276,158,3,40,0,2,0,14,1,0,0,40,73.1,435,66.74,433,77.46,426,,0,50.12,79.81,,24836.1,0.01,True,False,111.0,False
2024-07-30,NIFTY500,437,251,186,0,24,3,6,0,19,1,0,0,21,75.69,436,69.59,434,78.87,426,,0,49.54,79.11,,24857.3,0.09,True,False,142.0,False
2024-07-31,NIFTY500,437,225,211,1,15,6,2,0,16,1,0,0,9,77.06,436,66.59,434,79.91,428,,0,48.39,78.74,,24951.15,0.38,True,False,107.0,False
2024-08-01,NIFTY500,437,142,295,0,16,9,3,0,12,1,0,0,7,69.04,436,61.06,434,77.8,428,,0,50.69,78.74,,25010.9,0.24,True,False,103.0,False
2024-08-02,NIFTY500,437,121,316,0,16,16,2,0,15,1,0,0,0,50.0,436,50.23,434,70.4,429,,0,55.53,77.86,,24717.7,-1.17,False,False,77.0,False
2024-08-05,NIFTY500,437,18,419,0,0,212,2,0,6,1,0,0,-212,16.97,436,27.88,434,48.48,429,,0,55.07,75.06,,24055.6,-2.68,False,False,-175.0,False
2024-08-06,NIFTY500,437,167,269,1,11,19,0,0,6,1,0,0,-8,16.74,436,26.27,434,44.99,429,,0,53.46,72.96,,23992.55,-0.26,False,False,-204.0,False
2024-08-07,NIFTY500,437,385,52,0,73,1,1,0,11,1,0,0,72,32.11,436,39.08,435,56.41,429,,0,51.95,71.1,,24297.5,1.27,False,False,-141.0,True
2024-08-08,NIFTY500,437,151,286,0,15,6,1,0,11,1,0,0,9,28.6,437,35.17,435,51.28,429,,0,52.41,69.46,,24117.0,-0.74,False,False,-139.0,False
2024-08-09,NIFTY500,438,284,153,1,27,6,2,0,11,1,0,0,21,36.61,437,40.0,435,53.15,429,,0,49.66,68.53,,24367.5,1.04,False,False,-118.0,False
2024-08-12,NIFTY500,438,216,221,1,25,12,4,0,13,1,0,0,13,39.36,437,40.92,435,52.68,429,,0,47.13,66.43,,24347.0,-0.08,False,False,107.0,False
2024-08-13,NIFTY500,439,103,336,0,6,24,8,0,11,1,0,0,-18,30.89,437,33.72,436,47.21,430,,0,40.83,63.26,,24139.0,-0.85,False,False,97.0,False
2024-08-14,NIFTY500,439,154,285,0,9,12,3,1,10,2,0,0,-3,32.72,437,31.88,436,43.49,430,,0,35.78,61.4,,24143.75,0.02,False,False,22.0,False
2024-08-16,NIFTY500,439,371,68,0,47,2,2,0,12,1,0,0,45,56.29,437,45.64,436,48.6,430,,0,32.8,57.67,,24541.15,1.65,False,False,58.0,True
2024-08-19,NIFTY500,439,298,140,1,36,3,7,0,18,1,0,0,33,69.34,437,50.92,436,51.4,430,,0,31.42,56.74,,24572.65,0.13,False,False,70.0,False
2024-08-20,NIFTY500,439,284,155,0,27,6,5,0,23,1,0,0,21,75.97,437,56.65,436,55.32,432,,0,34.86,54.86,,24698.85,0.51,False,False,78.0,False
2024-08-21,NIFTY500,439,293,145,1,25,2,6,0,25,1,0,0,23,79.63,437,63.76,436,56.81,433,,0,39.68,54.97,,24770.2,0.29,False,False,119.0,False
2024-08-22,NIFTY500,439,264,175,0,16,2,4,0,22,1,0,0,14,85.81,437,69.5,436,60.05,433,,0,41.74,54.27,,24811.5,0.17,False,False,136.0,False
2024-08-23,NIFTY500,439,157,281,1,14,7,3,1,20,2,0,0,7,78.08,438,65.9,437,58.43,433,,0,46.0,54.04,,24823.15,0.05,False,False,98.0,False
2024-08-26,NIFTY500,439,238,200,1,22,5,3,1,19,1,0,0,17,74.66,438,67.96,437,59.12,433,,0,50.57,53.81,,25010.6,0.76,False,False,82.0,False
2024-08-27,NIFTY500,439,249,190,0,20,2,1,1,16,1,54,1,18,75.4,439,71.17,437,62.36,433,,0,55.61,51.96,,25017.75,0.03,True,False,79.0,False
2024-08-28,NIFTY500,439,183,256,0,8,4,0,1,14,1,45,1,4,68.34,439,69.34,437,61.43,433,,0,64.99,51.96,,25052.35,0.14,True,False,60.0,False
2024-08-29,NIFTY500,439,142,296,1,7,4,0,1,12,3,34,2,3,55.13,439,67.51,437,58.89,433,,0,72.54,51.27,,25151.95,0.4,True,False,49.0,False
2024-08-30,NIFTY500,439,280,158,1,26,4,1,0,9,2,63,1,22,59.91,439,69.79,437,62.82,433,,0,79.86,51.27,,25235.9,0.33,True,False,64.0,False
2024-09-02,NIFTY500,439,186,252,1,12,6,0,0,9,2,39,3,6,56.49,439,69.79,437,61.2,433,,0,82.84,51.04,,25278.7,0.17,True,False,53.0,False
2024-09-03,NIFTY500,440,251,188,1,15,1,0,0,11,2,41,1,14,59.23,439,71.17,437,62.59,433,,0,81.46,52.42,,25279.85,0.0,True,False,49.0,False
2024-09-04,NIFTY500,440,214,224,2,13,4,1,0,21,1,53,4,9,56.49,439,68.65,437,60.97,433,,0,78.03,53.35,,25198.7,-0.32,False,False,54.0,False
2024-09-05,NIFTY500,440,233,206,1,19,5,2,1,27,2,60,3,14,57.18,439,67.51,437,61.66,433,,0,75.97,53.35,,25145.1,-0.21,False,False,65.0,False
2024-09-06,NIFTY500,440,90,350,0,7,18,0,1,18,2,26,10,-11,40.32,439,55.48,438,54.73,433,,0,73.52,54.04,,24852.15,-1.17,False,False,32.0,False
2024-09-09,NIFTY500,441,169,271,1,7,8,1,1,15,2,34,20,-1,39.41,439,51.14,438,53.58,433,,0,70.78,54.97,,24936.4,0.34,False,False,25.0,False
2024-09-10,NIFTY500,441,327,114,0,28,3,3,1,16,2,39,6,25,50.8,439,58.77,439,57.74,433,,0,68.34,55.66,,25041.1,0.42,False,False,36.0,False
2024-09-11,NIFTY500,441,130,311,0,7,8,2,1,15,2,30,16,-1,44.19,439,53.53,439,55.07,434,,0,62.87,57.83,,24918.45,-0.49,False,False,26.0,False
2024-09-12,NIFTY500,441,349,91,1,23,3,1,1,19,3,60,5,20,58.09,439,59.45,439,60.83,434,,0,59.45,58.99,,25388.9,1.89,True,False,32.0,False
2024-09-13,NIFTY500,441,263,176,2,19,4,1,2,16,4,58,2,15,63.1,439,62.87,439,64.98,434,,0,56.49,60.83,,25356.5,-0.13,False,False,58.0,False
2024-09-16,NIFTY500,442,208,232,2,19,8,2,2,17,4,46,3,11,63.64,440,62.87,439,64.29,434,,0,54.9,62.21,,25383.75,0.11,False,False,70.0,False
2024-09-17,NIFTY500,442,185,255,2,13,4,1,3,13,4,45,7,9,58.18,440,58.31,439,64.06,434,,0,54.9,62.44,,25418.55,0.14,True,False,54.0,False
2024-09-18,NIFTY500,442,137,305,0,15,8,2,2,14,4,29,10,7,47.73,440,51.48,439,60.83,434,,0,54.67,61.06,,25377.55,-0.16,False,False,62.0,False
2024-09-19,NIFTY500,442,151,291,0,5,21,1,2,10,5,24,15,-16,42.73,440,47.61,439,57.24,435,,0,52.39,61.84,,25415.8,0.15,False,False,26.0,False
2024-09-20,NIFTY500,442,319,122,1,46,5,3,3,11,7,56,4,41,53.29,441,52.62,439,59.54,435,,0,53.3,62.07,,25790.95,1.48,True,False,52.0,True
2024-09-23,NIFTY500,442,288,153,1,33,1,3,2,13,6,58,4,32,59.86,441,60.59,439,62.3,435,,0,55.13,63.91,,25939.05,0.57,True,False,73.0,False
2024-09-24,NIFTY500,442,207,235,0,15,7,2,2,12,6,45,3,8,61.22,441,61.5,439,64.37,435,,0,56.04,64.6,,25940.4,0.01,True,False,72.0,False
2024-09-25,NIFTY500,441,174,267,0,10,5,1,2,11,6,31,7,5,54.77,440,57.08,438,64.14,435,,0,57.99,64.6,,26004.15,0.25,True,False,70.0,False
2024-09-26,NIFTY500,441,212,228,1,8,6,1,2,11,6,52,5,2,52.5,440,57.08,438,65.98,435,,0,57.31,64.83,,26216.05,0.81,False,False,88.0,False
2024-09-27,NIFTY500,441,224,214,3,22,6,1,1,11,6,40,4,16,54.2,441,60.73,438,65.29,435,,0,58.68,66.44,,26178.95,-0.14,False,False,63.0,False
2024-09-30,NIFTY500,441,176,265,0,12,6,2,0,8,6,29,7,6,50.57,441,54.44,439,64.14,435,,0,55.58,66.21,,25810.85,-1.41,False,False,37.0,False
2024-10-01,NIFTY500,441,236,204,1,25,1,2,0,13,6,37,6,24,50.57,441,57.4,439,65.06,435,,0,56.72,66.21,,25796.9,-0.05,False,False,53.0,False
2024-10-03,NIFTY500,441,47,393,1,8,48,1,0,8,7,13,21,-40,28.57,441,37.13,439,55.17,435,,0,57.63,65.06,,25250.1,-2.12,False,False,8.0,False
2024-10-04,NIFTY500,441,104,336,1,6,21,0,1,5,7,6,21,-15,20.41,441,28.7,439,47.13,435,,0,57.63,62.76,,25014.6,-0.93,False,False,-9.0,False
2024-10-07,NIFTY500,441,46,395,0,1,129,0,2,3,7,3,39,-128,8.62,441,14.77,440,33.03,436,,0,51.36,61.47,,24795.75,-0.87,False,False,-153.0,False
2024-10-08,NIFTY500,443,365,78,0,78,1,0,2,3,7,17,4,77,19.77,440,23.92,439,41.84,435,,0,44.19,60.23,,25013.15,0.88,False,False,-82.0,True
2024-10-09,NIFTY500,443,300,141,2,41,2,0,3,6,8,21,4,39,32.73,440,32.8,439,45.52,435,,0,39.41,59.31,,24981.95,-0.12,False,False,-67.0,False
2024-10-10,NIFTY500,444,196,247,1,22,3,0,3,6,8,15,8,19,34.55,440,34.4,439,46.67,435,,0,35.31,59.77,,24998.45,0.07,False,False,-8.0,False
2024-10-11,NIFTY500,444,243,200,1,22,1,1,2,7,8,21,7,21,41.14,440,36.9,439,47.36,435,,0,32.57,60.69,,24964.25,-0.14,False,False,28.0,False
2024-10-14,NIFTY500,444,238,206,0,11,9,4,1,5,7,28,11,2,44.77,440,39.09,440,49.43,435,,0,30.68,60.23,,25127.95,0.66,False,False,158.0,False
2024-10-15,NIFTY500,444,264,180,0,21,3,4,1,5,6,29,11,18,55.45,440,43.18,440,51.26,435,,0,28.86,60.0,,25057.35,-0.28,False,False,99.0,False
2024-10-16,NIFTY500,444,208,236,0,18,6,4,0,6,6,22,8,12,59.55,440,45.23,440,49.89,435,,0,25.91,58.85,,24971.3,-0.34,False,False,72.0,False
2024-10-17,NIFTY500,444,61,383,0,2,21,2,0,1,7,5,22,-19,40.91,440,34.32,440,42.3,435,,0,26.82,56.78,,24749.85,-0.89,False,True,34.0,False
2024-10-18,NIFTY500,444,246,198,0,12,8,1,1,3,9,9,15,4,44.09,440,34.32,440,42.53,435,,0,27.73,56.32,,24854.05,0.42,False,False,17.0,False
2024-10-21,NIFTY500,444,74,370,0,6,38,1,2,3,9,7,30,-32,24.15,443,22.27,440,35.09,436,,0,31.59,53.67,,24781.1,-0.29,False,False,-17.0,False
2024-10-22,NIFTY500,445,15,430,0,1,151,0,2,1,8,0,64,-150,7.0,443,11.14,440,20.18,436,,0,31.14,50.46,,24472.1,-1.25,False,False,-185.0,False
2024-10-23,NIFTY500,445,251,194,0,36,7,0,2,1,6,9,34,29,10.81,444,14.32,440,21.28,437,,0,28.86,46.68,,24435.5,-0.15,False,True,-168.0,False
2024-10-24,NIFTY500,445,178,266,1,9,21,0,2,1,6,10,32,-12,13.74,444,15.45,440,19.91,437,,0,28.86,43.48,,24399.4,-0.15,False,False,-161.0,False
2024-10-25,NIFTY500,445,70,375,0,2,78,0,6,1,10,3,75,-76,8.11,444,10.68,440,13.96,437,,0,26.14,38.67,,24180.8,-0.9,False,False,-241.0,False
2024-10-28,NIFTY500,446,297,149,0,48,15,0,3,1,12,5,21,33,16.67,444,14.77,440,16.7,437,,0,22.05,35.01,,24339.15,0.65,False,False,-176.0,True
2024-10-29,NIFTY500,446,295,150,1,30,3,2,3,2,12,10,12,27,26.35,444,19.77,440,19.91,437,,0,20.0,29.98,,24466.85,0.52,False,False,1.0,False
2024-10-30,NIFTY500,446,283,162,1,38,10,2,2,1,10,7,8,28,44.14,444,29.55,440,23.11,437,,0,18.64,28.38,,24340.85,-0.51,False,False,0.0,False
2024-10-31,NIFTY500,446,262,184,0,40,13,3,2,1,9,12,7,27,54.28,444,36.36,440,24.49,437,,0,17.27,27.69,,24205.35,-0.56,False,False,39.0,False
2024-11-01,NIFTY500,446,386,60,0,11,1,6,2,3,8,11,0,10,70.05,444,43.18,440,27.92,437,,0,15.91,28.6,,24304.35,0.41,False,False,125.0,False
2024-11-04,NIFTY500,447,83,364,0,4,34,2,0,1,7,7,11,-30,51.01,445,29.57,443,22.88,437,,0,15.58,28.15,,23995.35,-1.27,False,True,62.0,False
2024-11-05,NIFTY500,447,292,154,1,22,6,2,1,6,5,10,9,16,60.0,445,33.41,443,25.4,437,,0,17.16,27.23,,24213.3,0.91,False,False,51.0,False
2024-11-06,NIFTY500,447,385,62,0,72,2,1,0,7,5,27,2,70,79.78,445,55.18,444,34.78,437,,0,20.5,26.77,,24484.05,1.12,False,False,93.0,True
2024-11-07,NIFTY500,447,130,317,0,11,12,1,0,5,4,24,5,-1,69.66,445,48.65,444,32.72,437,,0,24.55,25.4,,24199.35,-1.16,False,False,65.0,False
2024-11-08,NIFTY500,447,89,357,1,7,29,1,0,5,4,11,12,-22,45.07,446,37.61,444,27.46,437,,0,32.43,24.03,,24148.2,-0.21,False,False,33.0,False
2024-11-11,NIFTY500,447,133,314,0,6,24,1,0,3,4,8,23,-18,34.53,446,35.59,444,26.77,437,,0,38.74,23.11,,24141.3,-0.03,False,False,45.0,False
2024-11-12,NIFTY500,448,88,360,0,5,20,1,0,2,5,4,29,-15,20.63,446,28.15,444,23.52,438,,0,45.5,21.92,,23883.45,-1.07,False,True,14.0,False
2024-11-13,NIFTY500,450,27,423,0,1,98,1,2,1,10,0,71,-97,8.07,446,14.41,444,13.24,438,,0,47.3,20.32,,23559.05,-1.36,False,False,-153.0,False
2024-11-14,NIFTY500,451,276,175,0,19,6,0,0,1,10,3,34,13,12.78,446,17.12,444,17.35,438,,0,45.05,19.86,,23532.7,-0.11,False,True,-139.0,False
2024-11-18,NIFTY500,452,164,287,1,14,16,0,4,1,12,2,43,-2,11.63,447,17.57,444,15.53,438,,0,40.99,18.95,,23453.8,-0.34,False,True,-119.0,False
2024-11-19,NIFTY500,452,298,152,2,28,4,0,2,1,9,6,25,24,21.25,447,22.7,445,18.22,439,,0,40.45,18.22,,23518.5,0.28,False,False,-77.0,False
2024-11-21,NIFTY500,452,130,322,0,10,28,0,5,3,12,10,60,-18,20.36,447,22.47,445,18.22,439,,0,33.71,18.45,,23349.9,-0.72,False,True,-80.0,False
2024-11-22,NIFTY500,452,343,107,2,23,4,1,5,5,8,14,13,19,35.12,447,30.79,445,20.5,439,,0,26.97,18.91,,23907.25,2.39,False,False,36.0,False
2024-11-25,NIFTY500,452,362,90,0,79,3,0,5,2,7,14,6,76,65.77,447,48.54,445,28.7,439,,0,22.47,19.59,,24221.9,1.32,False,False,99.0,True
2024-11-26,NIFTY500,452,247,205,0,27,7,1,4,3,9,13,7,20,73.83,447,50.9,446,30.52,439,,0,20.63,20.96,,24194.5,-0.11,False,False,121.0,False
2024-11-27,NIFTY500,453,306,145,2,39,3,4,2,8,7,12,3,36,81.03,448,58.52,446,34.09,440,,0,20.4,23.18,,24274.9,0.33,False,False,133.0,False
2024-11-28,NIFTY500,453,200,252,1,20,6,6,0,5,2,7,3,14,78.44,450,58.3,446,35.68,440,,0,22.2,24.09,,23914.15,-1.49,False,False,165.0,False
2024-11-29,NIFTY500,453,303,147,3,24,4,10,0,5,2,16,1,20,84.26,451,63.0,446,37.95,440,,0,28.92,24.55,,24131.1,0.91,False,False,166.0,False
2024-12-02,NIFTY500,453,283,169,1,19,5,6,0,2,1,24,1,14,85.4,452,69.96,446,42.5,440,,0,36.77,25.23,,24276.05,0.6,False,False,104.0,False
2024-12-03,NIFTY500,453,337,115,1,26,6,6,1,3,2,26,2,20,86.5,452,78.75,447,49.77,440,,0,46.98,25.0,,24457.15,0.75,False,False,104.0,False
2024-12-04,NIFTY500,453,275,178,0,24,1,8,1,3,2,26,1,23,85.84,452,80.54,447,51.82,440,,0,59.51,26.82,,24467.45,0.04,False,False,91.0,False
2024-12-05,NIFTY500,453,254,198,1,19,3,3,1,5,2,25,0,16,82.3,452,82.77,447,55.68,440,,0,69.13,27.27,,24708.4,0.98,False,False,93.0,False
2024-12-06,NIFTY500,453,242,211,0,19,2,2,1,9,3,23,1,17,79.42,452,83.67,447,57.73,440,,0,77.63,28.18,,24677.8,-0.12,False,False,90.0,False
2024-12-09,NIFTY500,453,242,211,0,22,11,4,1,5,4,32,4,11,75.88,452,81.43,447,60.68,440,,0,82.55,29.09,,24619.0,-0.24,False,False,87.0,False
2024-12-10,NIFTY500,452,232,218,2,20,3,2,0,4,4,28,2,17,73.23,452,82.33,447,61.36,440,,0,87.25,31.36,,24610.05,-0.04,False,False,84.0,False
2024-12-11,NIFTY500,453,253,199,1,11,1,2,0,6,4,20,1,10,72.35,452,83.48,448,64.32,440,,0,88.84,34.77,,24641.8,0.13,False,False,71.0,False
2024-12-12,NIFTY500,453,135,317,1,5,11,1,0,10,2,29,4,-6,57.08,452,77.78,450,60.68,440,,0,88.89,37.5,,24548.7,-0.38,False,False,49.0,False
2024-12-13,NIFTY500,453,181,272,0,9,1,0,0,7,2,26,3,8,47.12,452,73.61,451,58.64,440,,0,86.92,41.82,,24768.3,0.89,True,False,40.0,False
2024-12-16,NIFTY500,454,255,198,1,20,1,0,0,29,2,30,1,19,50.88,452,72.73,451,60.0,440,,0,86.03,46.14,,24668.25,-0.4,False,False,48.0,False
2024-12-17,NIFTY500,454,114,339,1,8,2,0,0,26,2,22,9,6,35.84,452,60.09,451,55.23,440,,0,82.71,49.32,,24336.0,-1.35,False,False,37.0,False
2024-12-18,NIFTY500,456,128,325,3,14,7,0,0,27,1,18,11,7,27.65,452,49.89,451,51.02,443,,0,80.49,51.02,,24198.85,-0.56,False,False,34.0,False
2024-12-19,NIFTY500,457,155,301,1,7,7,0,0,16,1,18,13,0,25.44,452,41.69,451,47.4,443,,0,73.84,53.95,,23951.7,-1.02,False,False,40.0,False
2024-12-20,NIFTY500,458,61,396,1,7,63,0,0,16,1,8,24,-56,15.93,452,26.61,451,36.04,444,,0,64.75,57.66,,23587.5,-1.52,False,True,-24.0,False
2024-12-23,NIFTY500,459,235,223,1,15,11,0,0,15,1,7,11,4,17.04,452,27.27,451,37.84,444,,0,52.99,58.33,,23753.45,0.7,False,False,-39.0,False
2024-12-24,NIFTY500,459,240,218,1,15,1,1,0,10,1,6,7,14,20.75,453,25.44,452,36.26,444,,0,45.13,59.68,,23727.65,-0.11,False,False,-31.0,False
2024-12-26,NIFTY500,459,202,255,2,14,4,2,0,10,1,7,9,10,21.19,453,24.78,452,37.39,444,,0,35.84,59.91,,23750.2,0.1,False,False,-28.0,False
2024-12-27,NIFTY500,459,227,227,5,9,7,3,2,7,3,5,8,2,25.17,453,25.88,452,38.96,444,,0,30.53,61.04,,23813.4,0.27,False,False,-26.0,False
2024-12-30,NIFTY500,460,180,280,0,23,32,0,2,11,3,17,24,-9,33.26,454,28.32,452,38.06,444,,0,26.33,61.49,,23644.9,-0.71,False,False,21.0,False
2024-12-31,NIFTY500,461,282,179,0,18,4,0,2,10,3,12,9,14,40.75,454,29.65,452,40.32,444,,0,23.45,61.49,,23644.8,-0.0,False,False,31.0,False
2025-01-01,NIFTY500,461,310,149,2,23,2,0,2,9,3,19,5,21,54.39,456,36.73,452,47.52,444,,0,22.79,62.61,,23742.9,0.41,False,False,38.0,False
2025-01-02,NIFTY500,461,340,121,0,23,1,0,2,10,2,26,1,22,73.74,457,43.81,452,52.81,445,,0,23.01,61.12,,24188.65,1.88,False,False,50.0,False
2025-01-03,NIFTY500,461,206,254,1,16,2,2,0,8,2,21,2,14,68.12,458,44.91,452,52.13,445,,0,23.67,60.22,,24004.75,-0.76,False,False,62.0,False
2025-01-06,NIFTY500,462,39,423,0,5,139,2,0,8,2,5,33,-134,28.1,459,26.77,452,35.51,445,,0,25.66,56.85,,23616.05,-1.62,False,False,-63.0,False
2025-01-07,NIFTY500,462,347,114,1,37,4,3,0,6,2,12,8,33,39.0,459,34.51,452,42.25,445,,0,29.42,53.48,,23707.9,0.39,False,False,-44.0,False
2025-01-08,NIFTY500,462,124,338,0,6,14,2,0,6,2,2,18,-8,30.5,459,28.7,453,36.77,446,,0,32.23,51.57,,23688.95,-0.08,False,False,-73.0,False
2025-01-09,NIFTY500,462,116,343,3,6,17,2,0,3,2,5,38,-11,24.84,459,26.49,453,32.51,446,,0,34.0,47.76,,23526.5,-0.69,False,False,-106.0,False
2025-01-10,NIFTY500,460,70,390,0,3,77,0,2,3,5,3,62,-74,14.6,459,18.58,452,24.44,446,,0,34.29,44.17,,23431.5,-0.4,False,False,-194.0,False
2025-01-13,NIFTY500,459,16,442,1,1,230,0,3,1,15,0,106,-229,5.66,459,8.19,452,13.03,445,,0,31.19,41.12,,23085.95,-1.47,False,False,-289.0,False
2025-01-14,NIFTY500,459,371,88,0,85,3,0,2,2,8,0,5,82,12.2,459,12.83,452,17.3,445,,0,28.32,38.65,,23176.05,0.39,False,False,-240.0,True
2025-01-15,NIFTY500,459,235,223,1,25,11,0,2,1,10,2,8,14,13.07,459,15.2,454,18.83,446,,0,25.33,36.32,,23213.2,0.16,False,False,-218.0,False
2025-01-16,NIFTY500,459,349,110,0,40,3,0,1,1,7,2,4,37,29.63,459,21.98,455,21.52,446,,0,21.54,33.86,,23311.8,0.42,False,False,-170.0,False
2025-01-17,NIFTY500,459,234,224,1,12,9,1,0,1,5,2,6,3,41.39,459,22.81,456,22.65,446,,0,19.74,32.96,,23203.2,-0.47,False,False,-93.0,False
2025-01-20,NIFTY500,460,297,163,0,27,6,8,1,2,5,1,10,21,54.03,459,31.29,457,25.56,446,33.17,416,18.16,30.94,40.87,23344.75,0.61,False,False,157.0,False
2025-01-21,NIFTY500,460,72,388,0,2,44,0,1,2,7,1,18,-42,40.52,459,22.54,457,19.73,446,31.49,416,15.1,30.04,39.9,23024.65,-1.37,False,True,33.0,False
2025-01-22,NIFTY500,460,113,347,0,4,44,0,3,1,13,1,26,-40,30.72,459,19.26,457,16.82,446,29.09,416,13.13,28.48,40.38,23155.35,0.57,False,False,-21.0,False
2025-01-23,NIFTY500,460,313,143,4,37,5,0,3,1,10,2,11,32,51.2,459,26.26,457,21.52,446,30.05,416,13.57,26.68,39.66,23205.35,0.22,False,False,-26.0,False
2025-01-24,NIFTY500,460,63,396,1,3,47,0,5,2,15,0,34,-44,29.19,459,18.56,458,16.29,448,27.16,416,13.76,25.67,39.18,23092.2,-0.49,False,False,-73.0,False
2025-01-27,NIFTY500,460,42,418,0,4,143,0,10,0,31,0,74,-139,10.46,459,10.02,459,9.8,449,22.12,416,15.9,23.83,39.18,22829.15,-1.14,False,False,-233.0,False
2025-01-28,NIFTY500,460,168,292,0,17,47,0,14,0,36,1,73,-30,11.98,459,10.89,459,10.24,449,20.19,416,17.21,21.6,39.42,22957.25,0.56,False,False,-221.0,False
2025-01-29,NIFTY500,460,408,52,0,111,4,0,4,0,26,3,12,107,27.89,459,20.7,459,14.48,449,25.0,416,20.26,18.49,38.7,23163.1,0.9,False,False,-74.0,True
2025-01-30,NIFTY500,460,249,211,0,26,19,0,6,1,28,5,10,7,35.08,459,25.71,459,16.04,449,26.14,417,21.79,16.04,38.85,23249.5,0.37,False,False,-99.0,False
2025-01-31,NIFTY500,460,378,82,0,72,5,2,4,3,26,5,7,67,60.87,460,42.7,459,21.38,449,29.26,417,24.4,15.14,39.33,23508.4,1.11,False,False,12.0,True
2025-02-03,NIFTY500,461,121,340,0,14,77,2,3,2,27,6,22,-63,47.83,460,33.99,459,18.49,449,27.82,417,22.88,14.48,38.37,23361.05,-0.63,False,False,88.0,False
2025-02-04,NIFTY500,461,338,122,1,42,8,8,3,3,18,8,9,34,60.43,460,45.32,459,21.83,449,28.54,417,25.05,13.81,37.89,23739.25,1.62,True,False,152.0,False
2025-02-05,NIFTY500,461,314,146,1,42,5,4,3,2,17,9,9,37,72.39,460,56.21,459,25.33,450,30.22,417,28.98,14.0,37.89,23696.3,-0.18,False,False,82.0,False
2025-02-06,NIFTY500,462,173,289,0,11,12,2,2,1,16,6,16,-1,67.83,460,52.29,459,24.89,450,29.98,417,29.41,13.11,37.41,23603.35,-0.39,False,False,74.0,False
2025-02-07,NIFTY500,462,185,277,0,10,13,1,0,1,15,4,20,-3,65.0,460,50.54,459,24.0,450,29.83,419,33.55,13.33,37.23,23559.95,-0.18,False,False,4.0,False
2025-02-10,NIFTY500,462,55,406,1,2,54,0,1,1,16,2,42,-52,36.52,460,33.77,459,20.0,450,26.49,419,36.38,14.0,36.99,23381.6,-0.76,False,False,15.0,False
2025-02-11,NIFTY500,463,22,441,0,3,131,0,1,1,15,0,75,-128,12.17,460,17.86,459,11.33,450,20.29,419,37.69,14.22,36.75,23071.8,-1.32,False,False,-147.0,False
2025-02-12,NIFTY500,463,187,275,1,12,19,0,0,1,15,0,73,-7,11.3,460,19.17,459,11.78,450,20.29,419,37.04,14.67,36.52,23045.25,-0.12,False,False,-191.0,False
2025-02-13,NIFTY500,463,223,238,2,12,13,0,3,1,16,4,52,-1,12.39,460,18.52,459,11.78,450,20.0,420,37.25,14.89,36.43,23031.4,-0.06,False,False,-191.0,False
2025-02-14,NIFTY500,463,48,415,0,1,132,0,6,0,25,3,114,-131,6.07,461,10.43,460,8.22,450,15.71,420,33.04,13.78,35.0,22929.25,-0.44,False,False,-319.0,False
2025-02-17,NIFTY500,463,232,230,1,16,24,1,7,2,28,0,73,-8,8.03,461,12.39,460,10.22,450,16.67,420,31.3,13.78,34.76,22959.5,0.13,False,False,-275.0,False
2025-02-18,NIFTY500,463,151,312,0,9,27,2,6,1,39,1,97,-18,9.76,461,12.39,460,10.44,450,16.43,420,27.83,13.33,34.29,22945.3,-0.06,False,False,-165.0,False
2025-02-19,NIFTY500,464,348,115,1,80,6,2,5,2,21,4,19,74,22.94,462,18.04,460,12.42,451,17.14,420,23.04,13.08,33.1,22932.9,-0.05,False,False,-84.0,True
2025-02-20,NIFTY500,464,331,133,0,40,4,2,4,2,14,3,10,36,43.94,462,27.83,460,15.08,451,17.86,420,20.65,13.53,31.67,22913.15,-0.09,False,False,-47.0,False
2025-02-21,NIFTY500,464,132,332,0,10,13,2,1,1,18,1,23,-3,41.34,462,23.7,460,13.75,451,18.57,420,15.87,14.63,30.48,22795.9,-0.51,False,True,81.0,False
2025-02-24,NIFTY500,464,100,362,2,5,17,1,1,2,16,0,41,-12,33.05,463,17.39,460,11.73,452,15.95,420,11.09,15.49,30.0,22553.35,-1.06,False,True,77.0,False
2025-02-25,NIFTY500,464,181,282,1,11,11,1,0,4,11,3,61,0,28.94,463,17.83,460,11.5,452,16.19,420,10.87,15.71,29.29,22547.55,-0.03,False,True,95.0,False
2025-02-27,NIFTY500,464,103,360,1,11,55,1,1,8,10,3,103,-44,23.33,463,14.35,460,11.01,454,13.78,421,10.43,14.98,28.74,22545.05,-0.01,False,True,-23.0,False
2025-02-28,NIFTY500,464,67,397,0,4,124,0,2,1,21,1,142,-120,11.23,463,8.7,460,8.79,455,11.4,421,9.35,14.51,27.32,22124.7,-1.86,False,True,-179.0,False
2025-03-03,NIFTY500,465,221,243,1,20,32,0,2,2,20,2,90,-12,14.04,463,9.54,461,8.11,456,11.58,423,10.63,14.25,26.48,22119.3,-0.02,False,False,-188.0,False
2025-03-04,NIFTY500,465,287,178,0,35,6,0,2,2,23,1,52,29,21.17,463,12.15,461,8.53,457,11.82,423,11.28,12.69,25.53,22082.65,-0.17,False,True,-147.0,False
2025-03-05,NIFTY500,465,421,44,0,97,2,1,2,2,12,0,3,95,47.41,464,26.9,461,12.69,457,15.6,423,14.75,12.25,25.06,22337.3,1.15,False,False,-52.0,True
2025-03-06,NIFTY500,465,356,109,0,37,1,1,1,2,11,1,3,36,66.16,464,38.53,462,17.94,457,16.0,425,17.1,11.82,24.71,22544.7,0.93,False,False,28.0,False
2025-03-07,NIFTY500,465,237,227,1,21,4,5,1,2,10,1,3,17,73.49,464,44.37,462,19.47,457,16.47,425,19.7,11.6,24.24,22552.5,0.03,False,False,165.0,False
2025-03-10,NIFTY500,465,84,381,0,2,55,1,1,1,14,0,19,-53,55.17,464,39.39,462,16.38,458,14.79,426,21.65,11.35,23.94,22460.3,-0.41,False,False,124.0,False
2025-03-11,NIFTY500,465,201,260,4,15,14,0,2,1,17,2,21,1,55.39,464,41.47,463,18.08,459,14.55,426,23.97,10.89,23.24,22497.9,0.17,False,False,96.0,False
2025-03-12,NIFTY500,465,186,278,1,8,13,0,1,2,13,4,37,-5,51.08,464,40.6,463,17.21,459,13.62,426,27.0,10.46,22.07,22470.5,-0.12,False,False,-4.0,False
2025-03-13,NIFTY500,465,151,314,0,7,8,0,1,2,8,3,38,-1,42.03,464,37.8,463,15.9,459,12.91,426,31.75,11.33,20.66,22397.2,-0.33,False,False,-41.0,False
2025-03-17,NIFTY500,465,273,191,1,19,4,0,2,2,11,5,45,15,47.74,465,44.06,463,19.61,459,13.85,426,38.01,11.55,19.25,22508.75,0.5,False,False,-43.0,False
2025-03-18,NIFTY500,465,418,47,0,76,2,1,1,2,4,7,2,74,73.55,465,62.42,463,27.02,459,17.37,426,45.79,13.29,17.84,22834.3,1.45,False,False,84.0,True
2025-03-19,NIFTY500,465,390,75,0,74,0,1,0,7,3,8,1,74,85.16,465,76.67,463,38.78,459,19.25,426,55.51,15.03,17.37,22907.6,0.32,False,False,157.0,True
2025-03-20,NIFTY500,465,313,152,0,23,5,1,0,9,2,8,1,18,89.03,465,80.39,464,43.57,459,22.01,427,59.05,16.56,16.63,23190.65,1.24,False,False,180.0,False
2025-03-21,NIFTY500,465,365,99,1,66,5,10,0,16,2,12,0,61,92.69,465,87.93,464,51.85,459,24.12,427,63.79,18.74,16.39,23350.4,0.69,False,False,242.0,True
2025-03-24,NIFTY500,465,344,120,1,40,2,21,0,15,2,11,2,38,94.62,465,92.24,464,61.22,459,26.7,427,69.18,20.7,15.93,23658.35,1.32,False,False,265.0,False
2025-03-25,NIFTY500,465,107,357,1,4,28,5,0,10,2,2,6,-24,87.53,465,87.72,464,53.81,459,26.46,427,74.78,22.66,15.93,23668.65,0.04,True,False,167.0,False
2025-03-26,NIFTY500,465,114,350,1,6,18,1,0,7,3,3,4,-12,73.12,465,81.47,464,50.98,459,22.38,429,78.88,23.75,15.85,23486.85,-0.77,False,False,81.0,False
2025-03-27,NIFTY500,465,312,153,0,40,5,0,0,12,2,4,3,35,78.06,465,85.99,464,55.99,459,25.12,430,84.91,25.27,15.35,23591.95,0.45,False,False,98.0,False
2025-03-28,NIFTY500,465,178,286,1,12,7,0,0,16,2,6,5,5,64.52,465,81.47,464,55.99,459,24.19,430,88.36,27.89,15.12,23519.35,-0.31,False,False,42.0,False
2025-04-01,NIFTY500,465,175,290,0,21,25,0,0,17,2,3,9,-4,49.46,465,74.62,465,52.51,459,22.56,430,90.32,30.72,15.12,23165.7,-1.5,False,False,0.0,False
2025-04-02,NIFTY500,465,351,111,3,20,4,1,0,33,2,4,5,16,60.0,465,79.35,465,59.57,460,25.35,430,89.68,34.35,14.65,23332.35,0.72,False,False,40.0,False
2025-04-03,NIFTY500,465,278,186,1,22,9,1,0,38,2,4,8,13,62.58,465,77.42,465,64.57,460,26.28,430,89.46,40.22,14.19,23250.1,-0.35,False,False,65.0,False
2025-04-04,NIFTY500,465,37,427,1,0,137,1,0,24,2,0,24,-137,26.24,465,51.61,465,47.83,460,21.16,430,86.02,43.91,14.19,22904.45,-1.49,False,False,-107.0,False
2025-04-07,NIFTY500,465,13,452,0,1,220,0,5,1,2,0,65,-219,7.53,465,23.44,465,27.83,460,15.58,430,79.14,45.87,13.72,22161.6,-3.24,False,True,-331.0,False
2025-04-08,NIFTY500,465,418,47,0,67,4,0,1,2,2,1,6,63,21.08,465,37.63,465,40.87,460,19.53,430,71.4,46.52,13.95,22535.85,1.69,False,False,-264.0,True
2025-04-09,NIFTY500,466,148,318,0,6,37,0,3,2,4,2,28,-31,20.86,465,33.12,465,37.83,460,17.67,430,61.51,50.43,14.19,22399.15,-0.61,False,False,-311.0,False
2025-04-11,NIFTY500,466,416,50,0,95,1,0,1,8,1,2,6,94,41.29,465,49.03,465,48.91,460,21.4,430,54.19,51.09,14.42,22828.55,1.92,False,False,-230.0,True
2025-04-15,NIFTY500,467,443,24,0,132,0,0,1,16,1,12,0,132,78.71,465,69.03,465,63.7,460,26.74,430,49.46,53.91,14.42,23328.55,2.19,False,False,39.0,True
2025-04-16,NIFTY500,467,335,131,1,25,3,6,0,17,1,9,1,22,86.45,465,73.55,465,69.78,460,31.86,430,48.39,58.26,14.42,23437.2,0.47,False,False,280.0,False
2025-04-17,NIFTY500,467,300,167,0,15,3,3,0,18,1,16,0,12,87.74,465,75.05,465,73.04,460,33.72,430,46.24,62.83,13.95,23851.65,1.77,False,False,229.0,False
2025-04-21,NIFTY500,467,393,73,1,60,0,11,0,34,1,20,0,60,96.13,465,83.66,465,79.61,461,35.58,430,44.73,65.29,13.72,24125.55,1.15,False,False,320.0,True
2025-04-22,NIFTY500,467,283,184,0,21,2,6,0,20,1,15,1,19,97.2,465,86.88,465,81.78,461,36.28,430,44.52,67.68,14.42,24167.25,0.17,False,False,245.0,False
2025-04-23,NIFTY500,467,294,173,0,32,3,3,0,15,1,15,0,29,95.7,465,89.25,465,84.6,461,37.35,431,50.75,71.58,14.62,24328.95,0.67,False,False,142.0,False
2025-04-24,NIFTY500,467,189,278,0,11,9,2,0,12,1,13,0,2,92.69,465,87.1,465,84.42,462,37.12,431,64.09,73.59,15.31,24246.7,-0.34,False,False,122.0,False
2025-04-25,NIFTY500,467,46,421,0,2,94,0,0,5,1,4,3,-92,56.87,466,70.32,465,76.41,462,32.25,431,72.9,72.94,15.31,24039.35,-0.86,False,False,18.0,False
2025-04-28,NIFTY500,467,321,143,3,20,4,0,0,6,1,11,3,16,60.52,466,75.7,465,78.35,462,33.41,431,80.86,73.59,15.31,24328.5,1.2,False,False,-26.0,False
2025-04-29,NIFTY500,467,213,252,2,19,4,1,0,8,1,8,2,15,52.25,467,73.55,465,80.13,463,33.18,431,86.45,74.95,15.08,24335.95,0.03,True,False,-30.0,False
2025-04-30,NIFTY500,467,123,343,1,9,22,1,1,6,1,5,3,-13,33.62,467,60.86,465,74.51,463,31.55,431,88.6,75.81,15.55,24334.2,-0.01,False,False,-72.0,False
2025-05-02,NIFTY500,467,200,266,1,15,9,0,1,7,1,7,2,6,32.98,467,57.85,465,73.22,463,31.02,432,86.45,75.16,15.97,24346.7,0.05,True,False,-68.0,False
2025-05-05,NIFTY500,467,354,111,2,37,2,2,0,8,1,7,0,35,46.68,467,68.82,465,78.19,463,33.33,432,86.88,75.81,17.13,24461.15,0.47,True,False,59.0,False
2025-05-06,NIFTY500,468,74,394,0,4,79,1,0,6,1,6,3,-75,25.91,467,49.03,465,66.95,463,30.09,432,83.66,74.51,17.36,24379.6,-0.33,False,False,-32.0,False
2025-05-07,NIFTY500,468,342,125,1,28,4,2,1,8,2,13,4,24,36.62,467,56.56,465,70.84,463,32.64,432,81.94,73.87,18.06,24414.4,0.14,False,False,-23.0,False
2025-05-08,NIFTY500,468,85,380,3,6,23,1,1,5,2,5,8,-17,26.55,467,43.23,465,59.7,464,29.1,433,73.98,74.14,18.01,24273.8,-0.58,False,False,-27.0,False
2025-05-09,NIFTY500,468,178,289,1,14,9,3,1,8,2,5,11,5,25.48,467,37.85,465,56.68,464,27.25,433,57.85,76.08,18.24,24008.0,-1.1,False,False,-28.0,False
2025-05-12,NIFTY500,468,441,27,0,226,1,2,1,45,1,13,0,225,80.09,467,73.18,466,82.76,464,37.64,433,53.0,78.88,18.71,24924.7,3.82,True,False,162.0,True
2025-05-13,NIFTY500,468,257,210,1,32,4,2,1,32,1,14,1,28,81.37,467,68.88,466,83.19,464,37.18,433,45.92,81.47,18.94,24578.35,-1.39,False,False,265.0,False
2025-05-14,NIFTY500,468,358,109,1,46,2,5,0,52,1,17,1,44,86.94,467,75.37,467,86.85,464,40.42,433,44.75,84.48,19.4,24666.9,0.36,False,False,285.0,False
2025-05-15,NIFTY500,468,349,118,1,29,7,12,0,38,1,21,0,22,88.44,467,81.37,467,88.58,464,41.34,433,46.25,84.05,19.86,25062.1,1.6,False,False,324.0,False
2025-05-16,NIFTY500,468,318,149,1,51,4,23,0,25,1,13,0,47,90.15,467,83.73,467,90.52,464,43.88,433,52.68,84.48,20.32,25019.8,-0.17,False,False,366.0,True
2025-05-19,NIFTY500,469,267,201,1,23,3,13,0,26,1,16,0,20,90.38,468,84.58,467,90.32,465,47.24,434,56.75,83.66,21.2,24945.45,-0.3,False,False,161.0,False
2025-05-20,NIFTY500,469,91,378,0,7,22,4,0,20,1,5,1,-15,75.85,468,77.73,467,84.73,465,42.63,434,66.17,83.66,21.66,24683.9,-1.05,False,False,118.0,False
2025-05-21,NIFTY500,469,338,127,4,22,6,1,0,16,1,11,0,16,81.2,468,80.94,467,87.74,465,46.77,434,72.59,83.01,21.89,24813.45,0.52,False,False,90.0,False
2025-05-22,NIFTY500,469,192,277,0,15,5,2,1,17,2,9,2,10,68.59,468,76.87,467,85.81,465,44.93,434,79.66,81.08,22.58,24609.7,-0.82,False,False,78.0,False
2025-05-23,NIFTY500,469,312,155,2,13,5,3,2,17,3,14,2,8,68.8,468,81.37,467,85.38,465,46.08,434,85.87,80.86,23.5,24853.15,0.99,False,False,39.0,False
2025-05-26,NIFTY500,469,304,162,3,17,6,2,2,19,3,14,2,11,70.3,468,82.23,467,85.59,465,49.54,434,85.65,82.58,24.42,25001.15,0.6,False,False,30.0,False
2025-05-27,NIFTY500,469,216,252,1,14,8,5,2,31,3,12,1,6,64.96,468,80.73,467,84.3,465,50.0,434,85.87,81.51,25.58,24826.2,-0.7,False,False,51.0,False
2025-05-28,NIFTY500,470,223,245,2,20,2,4,2,32,3,17,0,18,59.83,468,78.16,467,81.08,465,50.23,434,85.22,81.72,26.27,24752.45,-0.3,False,False,53.0,False
2025-05-29,NIFTY500,470,275,192,3,23,1,4,1,32,3,14,1,22,64.74,468,77.09,467,80.86,465,50.92,434,85.44,82.15,27.65,24833.6,0.33,False,False,65.0,False
2025-05-30,NIFTY500,470,193,277,0,31,16,5,0,41,3,17,3,15,57.14,469,74.3,467,80.0,465,50.0,434,82.87,81.08,28.8,24750.7,-0.33,False,False,72.0,False
2025-06-02,NIFTY500,473,270,202,1,21,9,3,0,44,3,15,0,12,59.91,469,73.72,468,80.86,465,51.03,435,80.34,80.86,28.97,24716.6,-0.14,False,False,73.0,False
2025-06-03,NIFTY500,473,170,302,1,12,5,1,0,36,3,13,1,7,50.32,469,65.38,468,78.28,465,50.57,435,79.27,80.86,30.11,24542.5,-0.7,False,False,74.0,False
2025-06-04,NIFTY500,473,298,175,0,23,3,1,1,57,4,14,3,20,57.57,469,70.09,468,77.63,465,50.92,436,76.5,81.29,30.73,24620.2,0.32,False,False,76.0,False
2025-06-05,NIFTY500,473,279,194,0,21,0,0,1,53,3,21,0,21,58.21,469,67.95,468,78.06,465,52.06,436,73.5,82.37,31.88,24750.9,0.53,False,False,75.0,False
2025-06-06,NIFTY500,472,282,188,2,35,7,1,1,60,3,21,0,28,68.59,468,72.16,467,81.25,464,55.17,435,69.38,84.7,32.41,25003.05,1.02,False,False,88.0,False
2025-06-09,NIFTY500,472,349,120,3,26,0,0,1,72,3,30,0,26,77.14,468,78.59,467,85.99,464,59.77,435,68.31,84.91,34.02,25103.2,0.4,True,False,102.0,False
2025-06-10,NIFTY500,472,229,240,3,10,0,1,1,45,3,18,1,10,78.25,469,78.59,467,86.21,464,61.38,435,67.24,85.78,34.48,25104.25,0.0,True,False,105.0,False
2025-06-11,NIFTY500,472,204,268,0,15,7,1,0,33,3,16,0,8,71.86,469,75.16,467,84.91,464,61.15,435,68.95,85.34,36.09,25141.4,0.15,True,False,93.0,False
2025-06-12,NIFTY500,472,65,406,1,6,15,0,0,16,3,9,1,-9,42.64,469,58.03,467,79.53,464,55.17,435,70.24,85.56,36.55,24888.2,-1.01,False,False,63.0,False
2025-06-13,NIFTY500,472,130,341,1,5,2,0,0,13,3,8,1,3,33.9,472,48.29,468,75.43,464,54.25,435,69.66,84.91,36.78,24718.6,-0.68,False,False,38.0,False
2025-06-16,NIFTY500,472,308,160,4,8,0,0,0,9,3,13,0,8,41.74,472,54.27,468,76.72,464,57.47,435,69.66,83.62,37.7,24946.5,0.92,False,False,20.0,False
2025-06-17,NIFTY500,469,136,332,1,7,5,0,0,8,3,9,1,2,30.06,469,44.95,465,72.45,461,54.5,433,67.1,83.95,37.88,24853.4,-0.37,False,False,12.0,False
2025-06-18,NIFTY500,469,167,301,1,6,2,0,0,12,3,6,1,4,27.08,469,41.94,465,70.93,461,51.96,433,65.16,82.0,37.88,24812.05,-0.17,False,False,8.0,False
2025-06-19,NIFTY500,469,60,409,0,1,17,0,0,8,3,3,3,-16,17.06,469,28.39,465,59.65,461,46.42,433,59.57,81.13,37.88,24793.25,-0.08,False,False,1.0,False
2025-06-20,NIFTY500,469,344,125,0,25,7,0,0,5,2,11,0,18,25.8,469,36.77,465,62.91,461,49.65,433,53.98,79.83,39.03,25112.4,1.29,False,False,16.0,False
2025-06-23,NIFTY500,470,258,211,1,17,4,0,0,7,1,14,1,13,33.05,469,38.71,465,64.5,462,51.73,433,49.03,79.0,40.65,24971.9,-0.56,False,False,21.0,False
2025-06-24,NIFTY500,470,333,137,0,15,8,0,0,4,1,17,0,7,50.11,469,45.71,466,68.83,462,53.0,434,43.13,77.06,42.17,25044.35,0.29,False,False,26.0,False
2025-06-25,NIFTY500,470,358,112,0,24,2,1,0,6,1,19,1,22,71.86,469,57.94,466,74.73,463,56.91,434,39.27,76.24,43.09,25244.75,0.8,True,False,44.0,False
2025-06-26,NIFTY500,470,283,184,3,10,2,0,0,5,1,28,1,8,75.48,469,61.8,466,76.03,463,58.53,434,38.84,75.59,43.55,25549.0,1.21,True,False,68.0,False
2025-06-27,NIFTY500,470,291,178,1,23,2,1,0,5,1,33,1,21,78.89,469,66.52,469,78.83,463,60.37,434,40.51,75.59,45.16,25637.8,0.35,True,False,71.0,False
2025-06-30,NIFTY500,470,289,179,2,22,3,1,0,4,1,36,0,19,81.88,469,69.3,469,79.27,463,61.61,435,42.86,76.89,45.52,25517.05,-0.47,False,False,77.0,False
2025-07-01,NIFTY500,470,193,275,2,12,10,2,0,5,1,28,1,2,75.48,469,65.88,469,77.75,463,59.54,435,43.07,76.89,47.36,25541.8,0.1,False,False,72.0,False
2025-07-02,NIFTY500,471,200,269,2,10,6,2,0,3,1,17,1,4,69.3,469,64.39,469,76.03,463,60.23,435,46.27,77.75,48.05,25453.4,-0.35,False,False,54.0,False
2025-07-03,NIFTY500,472,228,244,0,14,1,2,0,5,0,18,1,13,66.1,469,64.39,469,76.67,463,61.15,435,54.8,77.75,49.43,25405.3,-0.19,False,False,59.0,False
2025-07-04,NIFTY500,472,248,223,1,6,8,2,1,4,1,15,1,-2,61.91,470,65.03,469,78.19,463,62.07,435,64.39,77.54,50.11,25461.0,0.22,False,False,36.0,False
2025-07-07,NIFTY500,473,191,281,1,3,3,2,1,5,1,11,1,0,54.26,470,63.33,469,76.89,463,61.01,436,70.79,76.89,51.83,25461.3,0.0,False,False,17.0,False
2025-07-08,NIFTY500,473,229,241,3,13,2,0,0,5,1,12,0,11,50.43,470,62.69,469,76.24,463,61.47,436,73.77,74.3,53.44,25522.5,0.24,False,False,26.0,False
2025-07-09,NIFTY500,473,250,222,1,13,0,0,0,4,0,16,1,13,50.21,470,64.39,469,75.59,463,63.3,436,75.69,73.0,54.59,25476.1,-0.18,False,False,35.0,False
2025-07-10,NIFTY500,473,205,268,0,10,1,1,0,4,0,13,1,9,45.11,470,63.11,469,74.51,463,63.07,436,75.91,73.0,56.42,25355.25,-0.47,False,False,31.0,False
2025-07-11,NIFTY500,473,131,342,0,5,3,1,0,7,0,15,1,2,35.74,470,55.65,469,67.82,463,59.4,436,75.48,71.27,56.42,25149.85,-0.81,False,False,35.0,False
2025-07-14,NIFTY500,474,277,196,1,21,1,4,0,8,0,18,1,20,44.68,470,58.64,469,66.38,464,60.78,436,71.0,70.69,56.65,25082.3,-0.27,False,False,55.0,False
2025-07-15,NIFTY500,474,341,132,1,12,6,2,0,7,0,20,0,6,61.36,471,66.74,469,73.28,464,64.68,436,69.3,70.26,58.03,25195.8,0.45,False,False,50.0,False
2025-07-16,NIFTY500,474,252,221,1,7,3,2,1,7,1,18,1,4,60.38,472,63.97,469,74.57,464,64.68,436,66.1,69.83,59.4,25212.05,0.06,False,False,41.0,False
2025-07-17,NIFTY500,474,236,237,1,10,2,2,1,7,1,21,3,8,61.23,472,63.97,469,73.49,464,66.74,436,61.83,70.26,60.32,25111.45,-0.4,False,False,40.0,False
2025-07-18,NIFTY500,474,126,347,1,6,8,0,3,9,3,14,5,-2,50.74,473,55.32,470,67.46,464,62.16,436,58.09,71.12,61.7,24968.4,-0.57,False,True,36.0,False
2025-07-21,NIFTY500,475,265,209,1,6,5,0,4,8,3,24,3,1,52.64,473,56.81,470,67.03,464,63.53,436,55.96,71.12,63.07,25090.7,0.49,False,False,17.0,False
2025-07-22,NIFTY500,475,171,302,2,10,6,1,3,8,3,20,5,4,45.67,473,48.94,470,61.64,464,63.53,436,52.13,70.69,63.07,25060.9,-0.12,False,False,15.0,False
2025-07-23,NIFTY500,475,268,207,0,7,4,1,2,7,3,21,4,3,50.32,473,50.43,470,61.42,464,63.99,436,50.43,68.97,63.76,25219.9,0.63,False,False,14.0,False
2025-07-24,NIFTY500,475,159,314,2,11,10,2,3,8,4,12,6,1,43.97,473,46.6,470,58.19,464,64.45,436,50.21,68.32,64.22,25062.1,-0.63,False,False,7.0,False
2025-07-25,NIFTY500,475,51,424,0,4,35,1,2,7,4,6,5,-31,21.31,474,29.57,470,44.09,465,57.34,436,50.64,67.53,63.76,24837.0,-0.9,False,False,-22.0,False
2025-07-28,NIFTY500,475,130,345,0,8,27,0,2,9,5,9,6,-19,14.35,474,21.49,470,39.14,465,55.35,439,47.66,65.81,64.01,24680.9,-0.63,False,False,-42.0,False
2025-07-29,NIFTY500,475,338,136,1,27,3,0,1,6,5,14,3,24,26.58,474,30.15,471,42.8,465,58.09,439,42.89,63.44,63.78,24821.1,0.57,False,False,-22.0,False
2025-07-30,NIFTY500,475,241,233,1,15,4,1,1,6,5,16,4,11,31.86,474,34.96,472,45.16,465,57.05,440,40.04,61.72,64.09,24855.05,0.14,False,False,-14.0,False
2025-07-31,NIFTY500,475,128,346,1,8,21,0,1,6,6,9,7,-13,25.74,474,29.24,472,40.65,465,55.91,440,36.02,60.43,64.55,24768.35,-0.35,False,False,-28.0,False
2025-08-01,NIFTY500,475,93,381,1,8,31,0,0,4,6,5,12,-23,18.32,475,21.14,473,34.62,465,52.5,440,32.14,56.77,64.32,24565.35,-0.82,False,False,-20.0,False
2025-08-04,NIFTY500,475,345,124,6,32,3,2,1,6,6,13,1,29,28.42,475,28.96,473,38.49,465,54.55,440,30.23,54.62,64.09,24722.75,0.64,False,False,28.0,False
2025-08-05,NIFTY500,476,185,289,2,8,4,1,1,6,5,9,2,4,30.95,475,28.12,473,36.27,466,55.0,440,26.22,52.36,64.32,24649.55,-0.3,False,False,8.0,False
2025-08-06,NIFTY500,476,106,369,1,4,25,1,1,5,6,7,15,-21,24.63,475,22.41,473,34.33,466,52.27,440,23.68,49.36,64.55,24574.2,-0.31,False,False,-24.0,False
2025-08-07,NIFTY500,476,241,232,3,12,6,1,1,3,6,4,7,6,32.42,475,23.26,473,34.12,466,52.73,440,23.47,47.21,64.32,24596.15,0.09,False,False,-5.0,False
2025-08-08,NIFTY500,476,85,391,0,5,18,2,2,3,7,5,15,-13,20.0,475,16.88,474,27.72,469,48.86,440,21.1,46.06,63.86,24363.3,-0.95,False,False,5.0,False
2025-08-11,NIFTY500,476,318,155,3,18,7,0,2,3,8,9,7,11,30.74,475,22.78,474,33.05,469,49.89,441,21.94,43.92,63.72,24585.05,0.91,False,False,-13.0,False
2025-08-12,NIFTY500,476,213,262,1,9,7,0,2,1,9,7,16,2,33.47,475,24.47,474,32.2,469,51.02,441,21.73,42.22,63.49,24487.4,-0.4,False,False,-15.0,False
2025-08-13,NIFTY500,476,307,165,4,28,6,2,2,3,7,15,8,22,46.53,475,30.8,474,34.33,469,52.38,441,21.52,40.51,63.49,24619.35,0.54,False,False,28.0,False
2025-08-14,NIFTY500,477,188,287,2,6,9,1,2,1,6,7,11,-3,46.74,475,30.59,474,33.69,469,51.7,441,21.73,38.17,62.81,24631.3,0.05,False,False,19.0,False
2025-08-18,NIFTY500,477,362,111,4,51,1,1,0,3,6,22,0,50,63.58,475,42.95,475,39.66,469,54.07,442,26.53,37.74,63.12,24876.95,1.0,False,False,82.0,True
2025-08-19,NIFTY500,477,345,130,2,24,2,0,0,5,3,26,0,22,77.52,476,54.53,475,43.92,469,57.24,442,29.68,37.53,62.67,24980.65,0.42,False,False,93.0,False
2025-08-20,NIFTY500,477,252,224,1,19,2,1,0,4,5,22,0,17,78.36,476,59.16,475,45.2,469,59.28,442,33.89,36.67,62.9,25050.55,0.28,False,False,108.0,False
2025-08-21,NIFTY500,477,222,253,2,12,5,2,0,4,4,26,2,7,77.31,476,59.37,475,45.84,469,58.37,442,39.79,36.03,62.67,25083.75,0.13,True,False,93.0,False
2025-08-22,NIFTY500,477,161,313,3,9,4,1,0,2,2,19,4,5,65.97,476,55.16,475,41.79,469,56.56,442,44.21,35.61,62.9,24870.1,-0.85,False,False,101.0,False
2025-08-25,NIFTY500,477,240,235,2,7,4,1,0,4,2,14,3,3,64.5,476,57.05,475,42.86,469,57.11,443,50.32,36.03,62.75,24967.75,0.39,False,False,54.0,False
2025-08-26,NIFTY500,477,68,409,0,3,18,0,1,5,3,8,11,-15,36.76,476,40.84,475,35.18,469,51.47,443,53.26,36.67,62.75,24712.05,-1.02,False,False,17.0,False
2025-08-28,NIFTY500,477,91,384,2,4,15,0,1,4,3,4,15,-11,22.06,476,31.79,475,28.36,469,48.98,443,55.16,34.75,62.75,24500.9,-0.85,False,False,-11.0,False
2025-08-29,NIFTY500,477,171,306,0,9,3,0,1,4,4,5,13,6,20.34,477,30.11,475,28.78,469,46.28,443,56.21,34.75,62.53,24426.85,-0.3,False,False,-12.0,False
2025-09-01,NIFTY500,477,402,75,0,36,1,1,1,4,3,16,5,35,36.48,477,44.21,475,32.41,469,49.89,443,58.74,34.54,62.53,24625.05,0.81,False,False,18.0,False
2025-09-02,NIFTY500,477,291,184,2,20,4,1,2,5,3,10,4,16,45.28,477,50.32,475,35.11,470,52.82,443,57.47,34.47,62.75,24579.6,-0.18,False,False,31.0,False
2025-09-03,NIFTY500,477,331,146,0,23,0,1,0,6,3,18,0,23,58.28,477,58.19,476,38.72,470,55.98,443,54.83,34.04,63.21,24715.05,0.55,False,False,69.0,False
2025-09-04,NIFTY500,478,130,348,0,9,7,0,0,3,3,13,2,2,42.77,477,46.85,476,37.23,470,54.83,445,51.68,32.98,62.47,24734.3,0.08,False,False,82.0,False
2025-09-05,NIFTY500,478,240,236,2,13,2,3,0,5,3,18,2,11,48.43,477,45.8,476,37.23,470,53.81,446,49.16,33.62,63.45,24741.0,0.03,False,False,87.0,False
2025-09-08,NIFTY500,478,264,212,2,12,3,3,0,8,3,22,2,9,57.02,477,51.47,476,38.09,470,54.71,446,45.17,33.62,63.23,24773.15,0.13,False,False,61.0,False
2025-09-09,NIFTY500,480,250,228,2,14,0,2,0,8,2,14,2,14,63.66,476,51.79,475,40.09,469,54.38,445,40.21,34.33,63.37,24868.6,0.39,False,False,59.0,False
2025-09-10,NIFTY500,480,330,149,1,28,5,2,0,9,1,11,1,23,74.16,476,61.26,475,45.84,469,58.43,445,42.74,35.39,63.15,24973.1,0.42,False,False,59.0,False
2025-09-11,NIFTY500,480,239,241,0,8,4,1,1,6,2,10,3,4,71.85,476,64.0,475,45.32,470,59.55,445,46.53,37.02,62.7,25005.5,0.13,False,False,61.0,False
2025-09-12,NIFTY500,480,253,223,4,12,1,0,1,9,2,13,2,11,70.8,476,66.81,476,49.26,471,59.1,445,52.1,37.79,63.15,25114.0,0.43,False,False,61.0,False
2025-09-15,NIFTY500,480,290,190,0,16,0,0,1,9,2,16,1,16,72.27,476,70.17,476,50.96,471,62.25,445,55.88,38.0,63.15,25069.2,-0.18,False,False,68.0,False
2025-09-16,NIFTY500,480,316,159,5,12,1,0,2,8,3,22,1,11,76.68,476,73.74,476,58.9,472,63.9,446,59.87,38.77,63.45,25239.1,0.68,False,False,65.0,False
2025-09-17,NIFTY500,482,277,203,2,11,0,0,2,6,3,13,1,11,77.36,477,76.89,476,62.92,472,64.35,446,64.5,39.62,63.45,25330.25,0.36,False,False,53.0,False
2025-09-18,NIFTY500,482,246,229,7,4,7,0,2,4,4,15,2,-3,79.04,477,79.2,476,63.14,472,65.47,446,69.75,40.47,63.0,25423.6,0.37,False,False,46.0,False
2025-09-19,NIFTY500,482,232,250,0,19,5,2,2,3,4,16,1,14,70.02,477,75.84,476,64.41,472,66.82,446,73.53,41.1,62.78,25327.05,-0.38,False,False,49.0,False
2025-09-22,NIFTY500,482,158,324,0,11,10,3,3,5,5,9,6,1,53.75,480,65.55,476,58.9,472,63.68,446,77.1,42.58,63.0,25202.35,-0.49,False,False,34.0,False
2025-09-23,NIFTY500,482,167,314,1,5,9,1,3,5,6,18,7,-4,45.0,480,60.5,476,55.6,473,62.56,446,78.57,43.13,63.68,25169.5,-0.13,False,False,19.0,False
2025-09-24,NIFTY500,482,137,345,0,6,5,1,3,7,6,14,6,1,33.33,480,53.99,476,52.01,473,60.31,446,77.1,45.24,63.45,25056.9,-0.45,False,False,9.0,False
2025-09-25,NIFTY500,482,109,371,2,2,3,0,2,7,5,7,11,-1,23.54,480,42.02,476,46.93,473,57.62,446,73.32,47.99,62.78,24890.85,-0.66,False,False,11.0,False
2025-09-26,NIFTY500,482,40,442,0,0,28,0,2,7,5,4,18,-28,10.42,480,21.85,476,34.25,473,51.57,446,66.81,50.32,62.11,24654.7,-0.95,False,False,-31.0,False
2025-09-29,NIFTY500,482,231,249,2,18,10,1,1,9,5,6,12,8,14.37,480,23.11,476,35.73,473,52.24,446,58.61,52.22,61.66,24634.9,-0.08,False,False,-24.0,False
2025-09-30,NIFTY500,482,255,226,1,6,4,1,0,6,5,9,11,2,18.05,482,25.63,476,34.81,474,53.69,447,52.1,52.95,61.07,24611.1,-0.1,False,True,-18.0,False
2025-10-01,NIFTY500,483,356,125,2,26,0,1,0,6,5,13,3,26,29.67,482,33.96,477,43.67,474,57.27,447,46.33,54.85,60.18,24836.3,0.92,False,False,7.0,False
2025-10-03,NIFTY500,483,341,141,1,21,3,1,0,7,5,15,2,18,47.3,482,41.51,477,48.52,474,58.17,447,38.99,56.54,60.18,24894.25,0.23,False,False,26.0,False
2025-10-06,NIFTY500,483,247,234,2,16,1,0,0,7,5,12,5,15,56.43,482,43.61,477,51.05,474,57.14,448,35.43,57.81,59.6,25077.65,0.74,False,False,69.0,False
2025-10-07,NIFTY500,483,236,244,3,14,2,1,0,6,5,8,3,12,60.37,482,46.04,480,53.38,474,60.49,448,30.0,60.13,59.38,25108.3,0.12,False,False,73.0,False
2025-10-08,NIFTY500,483,139,341,3,6,6,0,0,4,5,11,9,0,50.41,482,37.92,480,47.89,474,57.33,450,25.62,60.97,60.22,25046.15,-0.25,False,False,71.0,False
2025-10-09,NIFTY500,483,298,183,2,14,4,0,0,4,5,13,5,10,60.17,482,44.17,480,52.74,474,59.2,451,23.75,59.92,60.31,25181.8,0.54,False,False,55.0,False
2025-10-10,NIFTY500,483,304,177,2,8,4,0,0,4,5,10,2,4,68.67,482,48.33,480,56.12,474,60.18,452,24.58,59.7,60.18,25285.35,0.41,False,False,41.0,False
2025-10-13,NIFTY500,484,167,316,1,8,2,0,0,4,4,12,4,6,59.13,482,42.71,480,53.38,474,58.5,453,29.79,59.49,60.93,25227.35,-0.23,False,False,32.0,False
2025-10-14,NIFTY500,485,122,361,2,6,9,0,0,2,4,4,11,-3,38.59,482,34.58,480,47.05,474,57.84,453,34.17,58.23,61.37,25145.5,-0.32,False,False,17.0,False
2025-10-15,NIFTY500,485,366,118,1,22,4,0,0,2,4,15,4,18,50.31,483,45.23,482,52.74,474,58.94,453,40.46,56.33,60.71,25323.55,0.71,False,False,35.0,False
2025-10-16,NIFTY500,485,299,186,0,10,3,0,0,1,3,12,1,7,59.01,483,54.36,482,55.37,475,61.59,453,47.72,55.58,61.15,25585.3,1.03,True,False,32.0,False
2025-10-17,NIFTY500,486,161,325,0,10,6,0,0,1,3,14,4,4,50.52,483,48.96,482,52.21,475,60.79,454,50.21,53.89,61.45,25709.85,0.49,True,False,32.0,False
2025-10-20,NIFTY500,486,278,207,1,24,5,0,1,2,2,32,5,19,56.94,483,54.98,482,53.26,475,60.79,454,54.56,49.89,61.23,25843.15,0.52,True,False,45.0,False
2025-10-21,NIFTY500,486,351,135,0,7,0,3,0,2,2,26,0,7,68.53,483,64.11,482,57.68,475,62.78,454,59.13,48.84,61.45,25868.6,0.1,False,False,55.0,False
2025-10-23,NIFTY500,486,206,280,0,10,10,1,0,0,1,19,2,0,61.08,483,61.2,482,59.16,475,63.0,454,60.17,49.26,61.89,25891.4,0.09,False,False,37.0,False
2025-10-24,NIFTY500,487,187,296,4,8,0,1,0,1,0,8,4,8,52.8,483,60.17,482,57.47,475,63.88,454,63.49,47.58,62.11,25795.15,-0.37,False,False,38.0,False
2025-10-27,NIFTY500,487,293,193,1,15,1,1,0,2,0,30,2,14,61.16,484,62.45,482,59.79,475,65.42,454,61.2,48.42,62.78,25966.05,0.66,False,False,48.0,False
2025-10-28,NIFTY500,487,223,263,1,15,3,1,0,3,0,28,0,12,55.46,485,60.79,482,56.72,476,63.66,454,60.37,50.0,63.44,25936.2,-0.11,False,False,41.0,False
2025-10-29,NIFTY500,487,327,159,1,19,9,0,0,4,0,27,2,10,68.04,485,69.5,482,63.66,476,66.96,454,63.28,52.1,63.44,26053.9,0.45,False,False,44.0,False
2025-10-30,NIFTY500,487,184,303,0,10,2,1,0,3,0,22,4,8,60.82,485,63.98,483,61.97,476,65.64,454,63.56,53.15,63.44,25877.85,-0.68,False,False,52.0,False
2025-10-31,NIFTY500,487,133,353,1,8,7,2,0,4,1,19,7,1,45.47,486,54.24,483,56.09,476,63.44,454,62.73,54.41,63.66,25722.1,-0.6,False,False,45.0,False
2025-11-03,NIFTY500,487,318,168,1,24,9,2,1,5,2,28,4,15,54.12,486,59.42,483,60.5,476,64.54,454,63.35,56.51,63.44,25763.35,0.16,False,False,46.0,False
2025-11-04,NIFTY500,487,143,342,2,6,6,4,1,3,1,27,7,0,40.53,486,49.69,483,53.57,476,62.33,454,63.35,55.25,63.22,25597.65,-0.64,False,False,34.0,False
2025-11-06,NIFTY500,487,91,396,0,9,34,3,1,2,2,7,18,-25,27.98,486,38.51,483,45.38,476,57.93,454,58.59,55.46,63.44,25509.7,-0.34,False,False,-1.0,False
2025-11-07,NIFTY500,487,244,243,0,12,13,0,1,3,1,16,15,-1,28.54,487,39.34,483,44.75,476,56.83,454,54.66,56.09,63.44,25492.3,-0.07,False,False,-10.0,False
2025-11-10,NIFTY500,488,265,223,0,19,13,3,2,4,2,19,8,6,35.32,487,40.99,483,45.8,476,56.61,454,54.45,55.04,63.44,25574.35,0.32,False,False,-5.0,False
2025-11-11,NIFTY500,488,263,224,1,17,10,2,1,3,2,24,6,7,37.58,487,40.5,484,47.69,476,57.36,455,50.62,52.73,63.74,25694.95,0.47,False,False,-13.0,False
2025-11-12,NIFTY500,489,320,168,1,24,4,0,1,4,2,24,5,20,48.05,487,47.22,485,51.89,476,59.56,455,48.45,52.73,63.96,25875.8,0.7,False,False,7.0,False
2025-11-13,NIFTY500,489,180,307,2,9,9,0,1,5,3,18,12,0,42.71,487,42.89,485,47.69,476,58.46,455,44.95,53.36,64.4,25879.15,0.01,False,False,32.0,False
2025-11-14,NIFTY500,490,235,255,0,19,2,0,0,8,3,17,10,17,43.53,487,44.12,485,46.43,476,59.56,455,42.47,53.15,63.74,25910.05,0.12,False,False,50.0,False
2025-11-17,NIFTY500,490,329,160,1,14,4,0,0,7,3,29,7,10,56.26,487,51.23,486,50.31,477,61.1,455,40.95,53.04,63.96,26013.45,0.4,False,False,54.0,False
2025-11-18,NIFTY500,492,106,386,0,5,5,1,1,5,3,22,11,0,43.74,487,41.36,486,46.12,477,58.9,455,39.09,52.62,63.96,25910.05,-0.4,False,False,47.0,False
2025-11-19,NIFTY500,493,224,267,2,14,7,1,0,5,3,21,12,7,44.76,487,41.98,486,47.17,477,58.68,455,38.68,52.41,63.96,26052.65,0.55,False,False,34.0,False
2025-11-20,NIFTY500,493,199,293,1,8,5,1,0,4,3,14,12,3,41.68,487,40.74,486,46.04,480,57.8,455,41.15,50.62,63.96,26192.15,0.54,True,False,37.0,False
2025-11-21,NIFTY500,494,72,417,5,3,10,0,0,2,3,5,19,-7,23.98,488,30.8,487,37.92,480,53.63,455,41.27,50.21,63.52,26068.15,-0.47,False,False,13.0,False
2025-11-24,NIFTY500,494,151,342,1,12,16,0,0,3,3,8,21,-4,22.54,488,28.34,487,37.71,480,51.43,455,40.25,48.54,63.3,25959.5,-0.42,False,False,-1.0,False
2025-11-25,NIFTY500,494,248,245,1,9,3,0,0,3,3,10,16,6,22.7,489,28.54,487,36.88,480,50.88,456,38.81,48.54,63.16,25884.8,-0.29,False,False,5.0,False
2025-11-26,NIFTY500,495,408,85,2,18,2,0,1,1,4,20,7,16,44.58,489,40.45,487,43.75,480,54.82,456,38.4,48.54,62.72,26205.3,1.24,True,False,14.0,False
2025-11-27,NIFTY500,495,186,309,0,8,4,0,1,1,4,13,9,4,41.02,490,39.01,487,42.92,480,54.17,456,37.78,46.88,62.72,26215.55,0.04,True,False,15.0,False
2025-11-28,NIFTY500,495,193,299,3,3,2,0,1,1,4,16,17,1,42.04,490,38.19,487,41.7,482,52.52,457,37.58,46.47,62.14,26202.95,-0.05,False,False,23.0,False
2025-12-01,NIFTY500,495,212,278,5,9,4,0,1,0,5,17,22,5,42.89,492,37.58,487,42.12,482,52.74,457,34.7,45.64,62.14,26175.75,-0.1,False,False,32.0,False
2025-12-02,NIFTY500,496,175,321,0,5,2,0,1,1,5,13,23,3,40.37,493,34.09,487,39.83,482,53.83,457,33.06,44.61,61.71,26032.2,-0.55,False,False,29.0,False
2025-12-03,NIFTY500,496,142,354,0,4,7,0,0,0,4,6,29,-3,30.83,493,29.16,487,36.51,482,50.44,458,31.83,43.78,61.14,25986.0,-0.18,False,False,10.0,False
2025-12-04,NIFTY500,496,223,272,1,7,9,0,0,0,5,7,23,-2,33.2,494,29.57,487,37.97,482,50.87,458,30.39,43.78,60.48,26033.75,0.18,False,False,4.0,False
2025-12-05,NIFTY500,496,225,270,1,4,11,0,2,0,6,9,24,-7,34.82,494,32.58,488,39.63,482,50.22,458,30.94,43.36,60.26,26186.45,0.59,False,False,-4.0,False
2025-12-08,NIFTY500,496,45,451,0,2,45,0,2,0,7,2,46,-43,14.98,494,16.6,488,28.84,482,46.29,458,29.71,42.53,59.39,25960.55,-0.86,False,False,-52.0,False
2025-12-09,NIFTY500,496,328,168,0,17,3,0,1,0,5,5,19,14,20.61,495,21.47,489,30.91,482,46.72,458,29.04,40.66,58.73,25839.65,-0.47,False,True,-41.0,False
2025-12-10,NIFTY500,497,170,326,1,6,10,0,2,1,4,3,22,-4,20.4,495,19.02,489,28.42,482,45.85,458,27.2,39.42,58.3,25758.0,-0.32,False,False,-42.0,False
2025-12-11,NIFTY500,497,336,159,2,13,1,0,1,0,3,4,7,12,30.91,495,25.51,490,32.16,482,45.53,459,27.55,37.97,57.73,25898.55,0.55,False,False,-28.0,False
2025-12-12,NIFTY500,497,362,134,1,22,0,0,0,0,3,13,6,22,50.1,495,38.78,490,36.65,483,48.15,459,27.76,37.27,57.95,26046.95,0.57,False,False,1.0,False
2025-12-15,NIFTY500,497,251,244,2,12,1,1,0,0,3,13,8,11,54.23,496,40.45,492,36.65,483,49.02,459,27.03,36.44,57.52,26027.3,-0.08,False,False,55.0,False
2025-12-16,NIFTY500,497,106,390,1,9,7,0,0,0,3,7,19,2,43.75,496,34.28,493,34.37,483,46.84,459,25.76,35.82,56.64,25860.1,-0.64,False,False,43.0,False
2025-12-17,NIFTY500,497,147,349,1,4,8,1,0,0,4,8,27,-4,35.69,496,29.21,493,29.4,483,45.75,459,26.57,35.4,55.12,25818.55,-0.16,False,False,43.0,False
2025-12-18,NIFTY500,497,216,279,2,10,3,1,0,1,4,9,25,7,34.27,496,29.15,494,27.95,483,44.66,459,26.52,34.58,54.25,25815.55,-0.01,False,False,38.0,False
2025-12-19,NIFTY500,498,394,104,0,34,3,1,1,1,4,13,10,31,59.88,496,42.51,494,35.61,483,47.49,459,27.73,34.37,53.59,25966.4,0.58,False,False,47.0,False
2025-12-22,NIFTY500,498,357,139,2,25,5,0,1,3,4,26,4,20,72.98,496,54.05,494,40.37,483,48.91,460,30.77,34.58,53.26,26172.4,0.79,False,False,56.0,False
2025-12-23,NIFTY500,498,283,215,0,12,2,1,1,3,4,15,3,10,75.05,497,60.81,495,43.18,484,49.35,460,34.34,34.71,53.04,26177.15,0.02,False,False,64.0,False
2025-12-24,NIFTY500,498,190,307,1,9,2,1,1,3,4,18,5,7,64.39,497,58.18,495,41.24,485,48.91,460,42.22,33.81,51.74,26142.1,-0.13,False,False,75.0,False
2025-12-26,NIFTY500,498,176,318,4,14,3,4,2,4,4,14,11,11,55.73,497,52.12,495,39.79,485,49.13,460,45.66,32.16,51.3,26042.3,-0.38,False,False,79.0,False
2025-12-29,NIFTY500,498,155,341,2,4,4,3,1,3,4,6,11,0,46.68,497,46.46,495,38.56,485,47.17,460,48.08,31.55,50.87,25942.1,-0.38,False,False,48.0,False
2025-12-30,NIFTY500,498,189,306,3,16,10,1,1,3,4,17,16,6,44.06,497,46.37,496,37.45,486,45.65,460,48.59,32.1,50.0,25938.85,-0.01,False,False,34.0,False
2025-12-31,NIFTY500,498,397,99,2,18,1,1,1,2,4,28,2,17,63.38,497,61.49,496,44.65,486,48.91,460,53.23,31.69,49.78,26129.6,0.74,False,False,41.0,False
2026-01-01,NIFTY500,498,251,245,2,9,2,0,1,2,4,38,7,7,60.76,497,61.9,496,44.44,486,48.7,460,58.27,32.1,50.0,26146.55,0.06,False,False,41.0,False
2026-01-02,NIFTY500,498,366,132,0,25,3,0,2,3,5,41,7,22,71.08,498,70.56,496,51.85,486,52.39,460,64.11,32.92,50.22,26328.55,0.7,False,False,52.0,False
2026-01-05,NIFTY500,498,231,267,0,11,6,1,1,4,4,34,10,5,67.07,498,70.36,496,53.59,487,53.48,460,66.94,33.26,50.22,26250.3,-0.3,False,False,57.0,False
2026-01-06,NIFTY500,498,196,300,2,7,11,0,1,6,3,36,12,-4,58.03,498,64.31,496,50.31,487,52.61,460,65.73,34.5,49.57,26178.7,-0.27,False,False,47.0,False
2026-01-07,NIFTY500,498,247,249,2,15,3,0,2,9,3,23,10,12,60.04,498,64.79,497,51.95,487,52.17,460,64.79,36.76,49.13,26140.75,-0.14,False,False,42.0,False
2026-01-08,NIFTY500,498,47,450,1,2,39,0,1,2,3,2,28,-37,34.14,498,43.26,497,38.81,487,44.13,460,61.77,38.6,49.13,25876.85,-1.01,False,False,-2.0,False
2026-01-09,NIFTY500,498,93,405,0,1,16,0,0,2,4,2,40,-15,17.67,498,30.18,497,32.24,487,41.09,460,58.15,38.81,48.48,25683.3,-0.75,False,True,-39.0,False
2026-01-12,NIFTY500,498,217,278,3,5,4,0,0,2,3,4,35,1,19.28,498,28.97,497,31.62,487,39.13,460,55.13,39.84,48.48,25790.25,0.42,False,False,-43.0,False
2026-01-13,NIFTY500,498,245,252,1,6,2,0,1,2,4,7,27,4,20.48,498,31.99,497,32.44,487,41.3,460,54.12,39.43,48.04,25732.3,-0.22,False,False,-35.0,False
2026-01-14,NIFTY500,498,240,258,0,11,2,0,3,3,5,15,32,9,24.3,498,32.39,497,36.14,487,40.0,460,51.11,40.04,47.17,25665.6,-0.26,False,True,-38.0,False
2026-01-16,NIFTY500,498,184,314,0,19,12,1,3,4,5,11,43,7,26.71,498,32.19,497,34.29,487,38.04,460,45.67,40.66,46.09,25694.35,0.11,False,False,6.0,False
2026-01-19,NIFTY500,498,116,382,0,7,17,1,2,4,6,6,53,-10,21.29,498,24.5,498,29.77,487,36.74,460,38.96,42.09,45.65,25585.5,-0.42,False,False,11.0,False
2026-01-20,NIFTY500,498,25,473,0,2,86,0,2,2,8,1,77,-84,8.03,498,12.85,498,19.47,488,30.65,460,30.72,41.39,45.22,25232.5,-1.38,False,False,-74.0,False
2026-01-21,NIFTY500,498,173,325,0,11,19,0,1,2,8,1,69,-8,10.44,498,11.45,498,15.98,488,30.22,460,25.5,39.55,44.35,25157.5,-0.3,False,False,-86.0,False
2026-01-22,NIFTY500,498,367,131,0,32,9,0,1,2,8,7,29,23,24.3,498,18.47,498,20.65,489,32.39,460,19.28,38.45,43.91,25289.9,0.53,False,False,-72.0,False
2026-01-23,NIFTY500,498,77,421,0,3,54,0,1,2,11,3,79,-51,13.65,498,12.05,498,16.56,489,29.13,460,17.07,36.2,43.7,25048.65,-0.95,False,True,-130.0,False
2026-01-27,NIFTY500,498,256,240,2,28,18,0,2,2,15,13,64,10,18.67,498,15.26,498,19.8,490,28.7,460,16.87,35.31,41.74,25175.4,0.51,False,False,-110.0,False
2026-01-28,NIFTY500,498,388,109,1,89,6,0,2,2,10,22,17,83,39.76,498,23.49,498,24.9,490,31.3,460,16.27,34.9,40.43,25342.75,0.66,False,False,57.0,True
2026-01-29,NIFTY500,498,193,301,4,19,13,3,2,4,11,21,28,6,39.76,498,22.29,498,24.39,492,33.19,461,14.86,34.35,39.48,25418.9,0.3,False,False,71.0,False
2026-01-30,NIFTY500,498,320,176,2,38,20,3,2,1,7,9,17,18,52.81,498,31.33,498,29.82,493,33.84,461,14.66,33.27,38.61,25320.65,-0.39,False,False,66.0,False
2026-02-02,NIFTY500,498,313,184,1,30,4,6,0,3,12,15,24,26,61.65,498,38.35,498,33.27,493,36.58,462,13.86,31.85,38.1,25088.4,-0.92,False,False,143.0,False
2026-02-03,NIFTY500,498,444,53,1,126,2,17,0,3,8,35,2,124,84.74,498,61.85,498,49.6,494,43.29,462,17.87,31.78,37.88,25727.55,2.55,False,False,257.0,True
2026-02-04,NIFTY500,498,334,164,0,33,20,7,0,3,6,38,4,13,84.14,498,69.08,498,53.64,494,43.51,462,25.7,31.58,37.45,25776.0,0.19,False,False,187.0,False
2026-02-05,NIFTY500,498,164,332,2,13,17,2,0,2,8,22,10,-4,79.12,498,66.06,498,50.81,494,42.64,462,34.34,30.16,37.66,25642.8,-0.52,False,False,177.0,False
2026-02-06,NIFTY500,498,216,282,0,15,14,3,0,1,8,19,19,1,77.91,498,68.47,498,51.11,495,43.07,462,41.77,28.89,37.66,25693.7,0.2,False,False,160.0,False
2026-02-09,NIFTY500,498,424,74,0,67,1,3,0,3,6,46,5,66,86.55,498,79.32,498,60.61,495,46.32,462,54.42,29.7,37.88,25867.3,0.68,False,False,200.0,True
2026-02-10,NIFTY500,498,288,208,2,22,6,3,0,9,6,33,5,16,85.14,498,80.52,498,63.23,495,46.32,462,64.06,31.72,38.31,25935.15,0.26,False,False,92.0,False
2026-02-11,NIFTY500,498,241,256,1,17,7,2,0,14,5,37,11,10,80.52,498,80.92,498,63.03,495,47.62,462,72.49,33.13,38.1,25953.85,0.07,True,False,89.0,False
2026-02-12,NIFTY500,498,143,355,0,5,27,2,0,10,6,26,16,-22,67.07,498,77.11,498,58.06,496,45.67,462,76.51,34.88,38.1,25807.2,-0.57,False,False,71.0,False
2026-02-13,NIFTY500,498,74,424,0,6,37,0,0,9,7,7,32,-31,41.97,498,62.65,498,49.4,496,43.51,462,81.12,35.48,38.1,25471.1,-1.3,False,False,39.0,False
2026-02-16,NIFTY500,498,293,205,0,13,10,2,0,8,5,20,25,3,39.56,498,65.46,498,53.23,496,43.07,462,82.93,35.48,37.88,25682.75,0.83,False,False,-24.0,False
2026-02-17,NIFTY500,498,331,166,1,13,3,0,0,13,4,24,5,10,51.41,498,69.48,498,56.85,496,44.59,462,83.73,37.5,37.66,25725.4,0.17,False,False,-30.0,False
2026-02-18,NIFTY500,498,296,197,5,13,1,0,1,15,2,38,10,12,55.82,498,71.49,498,58.47,496,45.02,462,81.93,40.73,37.88,25819.35,0.37,False,False,-28.0,False
2026-02-19,NIFTY500,498,74,424,0,5,10,2,1,19,2,2,24,-5,32.73,498,58.23,498,53.83,496,41.04,463,78.71,43.95,38.01,25454.35,-1.41,False,False,-11.0,False
2026-02-20,NIFTY500,498,256,238,4,6,5,0,0,23,2,23,31,1,34.14,498,58.43,498,55.33,497,41.68,463,76.1,46.48,37.58,25571.25,0.46,False,False,21.0,False
2026-02-23,NIFTY500,498,303,195,0,12,9,0,0,20,2,33,20,3,44.78,498,58.43,498,55.33,497,42.98,463,70.68,50.3,38.66,25713.0,0.55,False,False,21.0,False
2026-02-24,NIFTY500,497,183,313,1,3,26,0,0,32,7,37,35,-23,39.44,497,50.5,497,50.4,496,41.9,463,64.39,51.01,38.66,25424.65,-1.12,False,False,-12.0,False
2026-02-25,NIFTY500,497,321,175,1,18,5,0,0,30,5,42,21,13,50.1,497,56.14,497,53.63,496,42.98,463,59.15,53.23,38.44,25482.5,0.23,False,False,-11.0,False
2026-02-26,NIFTY500,497,255,239,3,10,4,0,0,19,5,42,18,6,52.11,497,53.52,497,54.23,496,43.84,463,52.72,54.44,38.88,25496.55,0.06,False,False,0.0,False
2026-02-27,NIFTY500,498,117,380,1,14,20,1,0,17,6,19,29,-6,37.02,497,41.25,497,47.98,496,40.82,463,49.9,55.65,39.09,25178.65,-1.25,False,False,-7.0,False
2026-03-02,NIFTY500,498,58,440,0,3,57,1,0,12,6,6,52,-54,23.74,497,27.57,497,40.12,496,35.64,463,44.87,56.65,38.88,24865.7,-1.24,False,False,-64.0,False
2026-03-04,NIFTY500,498,52,446,0,6,88,1,0,5,8,2,70,-82,10.46,497,15.09,497,29.98,497,33.05,463,38.83,55.73,38.88,24480.5,-1.55,False,False,-123.0,False
2026-03-05,NIFTY500,498,393,104,1,34,2,1,0,4,9,11,22,32,20.12,497,23.94,497,34.21,497,34.91,464,35.01,54.53,38.79,24765.9,1.17,False,False,-104.0,False
2026-03-06,NIFTY500,498,169,328,1,13,8,1,0,5,9,15,34,5,19.32,497,21.13,497,33.2,497,34.27,464,31.99,53.32,38.15,24450.45,-1.27,False,True,-105.0,False
2026-03-09,NIFTY500,498,61,437,0,2,74,0,0,6,8,2,78,-72,10.87,497,14.49,497,24.95,497,29.96,464,27.77,52.72,37.93,24028.05,-1.73,False,False,-171.0,False
2026-03-10,NIFTY500,498,423,74,1,57,2,0,0,4,6,6,13,55,23.54,497,22.13,497,32.39,497,32.97,464,24.14,51.31,37.72,24261.6,0.97,False,False,-62.0,True
2026-03-11,NIFTY500,498,153,343,2,9,15,1,0,2,8,13,35,-6,24.95,497,19.11,497,29.58,497,32.97,464,22.94,49.7,37.28,23866.85,-1.63,False,True,14.0,False
2026-03-12,NIFTY500,498,196,300,2,22,11,2,0,1,7,13,47,11,27.57,497,23.14,497,29.18,497,32.54,464,21.33,47.69,36.85,23639.15,-0.95,False,True,-7.0,False
2026-03-13,NIFTY500,498,41,457,0,6,118,1,1,2,12,1,91,-112,13.25,498,12.68,497,19.32,497,27.37,464,18.71,44.27,36.85,23151.1,-2.06,False,False,-124.0,False
2026-03-16,NIFTY500,498,223,273,2,12,14,2,2,1,9,1,79,-2,13.86,498,10.87,497,20.32,497,27.96,465,16.3,43.66,36.99,23408.8,1.11,False,False,-54.0,False
2026-03-17,NIFTY500,498,322,175,1,20,3,1,2,2,8,4,56,17,20.88,498,14.29,497,22.33,497,29.03,465,15.9,41.05,36.56,23581.15,0.74,False,False,-92.0,False
2026-03-18,NIFTY500,498,420,77,1,64,2,0,2,1,5,1,6,62,46.59,498,22.13,497,27.97,497,32.69,465,17.51,39.24,35.91,23777.8,0.83,False,False,-24.0,True
2026-03-19,NIFTY500,498,20,478,0,3,112,0,2,1,11,0,89,-109,17.47,498,12.88,497,18.91,497,25.0,468,15.9,36.62,35.04,23002.15,-3.26,False,False,-144.0,False
2026-03-20,NIFTY500,498,300,196,2,36,5,1,1,1,9,5,54,31,27.31,498,18.31,497,23.14,497,26.71,468,14.08,35.41,35.04,23114.5,0.49,False,False,-1.0,False
2026-03-23,NIFTY500,498,16,482,0,0,242,0,0,0,16,0,156,-242,8.23,498,7.65,497,12.68,497,19.66,468,13.48,33.6,34.4,22512.65,-2.6,False,False,-241.0,False
2026-03-24,NIFTY500,498,461,37,0,79,1,1,0,1,8,4,12,78,21.49,498,14.29,497,18.91,497,23.29,468,13.88,31.39,34.19,22912.4,1.78,False,False,-180.0,True
2026-03-25,NIFTY500,498,452,46,0,69,0,1,0,1,4,7,5,69,57.63,498,28.77,497,24.35,497,28.85,468,14.49,28.37,34.19,23306.45,1.72,False,False,-173.0,True
2026-03-27,NIFTY500,498,74,424,0,11,74,1,0,2,6,9,46,-63,31.12,498,19.72,497,18.51,497,23.72,468,12.68,25.55,33.76,22819.6,-2.09,False,False,-127.0,False
2026-03-30,NIFTY500,498,53,444,1,3,138,0,1,0,16,4,127,-135,14.26,498,11.85,498,15.69,497,20.94,468,13.65,24.14,33.55,22331.4,-2.14,False,True,-293.0,False
2026-04-01,NIFTY500,498,444,53,1,169,2,0,1,2,11,6,6,167,43.78,498,26.91,498,21.93,497,25.0,468,16.47,23.14,33.12,22679.4,1.56,False,False,116.0,True
2026-04-02,NIFTY500,498,242,255,1,13,11,1,1,2,11,1,10,2,47.59,498,31.93,498,21.73,497,24.36,468,19.28,21.33,32.91,22713.1,0.15,False,False,40.0,False
2026-04-06,NIFTY500,498,396,102,0,34,2,1,1,3,8,4,5,32,68.67,498,44.38,498,23.94,497,25.64,468,18.47,20.93,32.69,22968.25,1.12,False,False,3.0,False
2026-04-07,NIFTY500,498,274,223,1,9,3,0,1,2,4,6,7,6,71.49,498,45.98,498,26.56,497,27.14,468,21.29,19.32,32.48,23123.65,0.68,False,False,72.0,False
2026-04-08,NIFTY500,498,462,36,0,236,1,12,0,2,3,9,0,235,91.57,498,83.94,498,43.26,497,33.12,468,26.71,18.71,32.48,23997.35,3.78,False,False,442.0,True
2026-04-09,NIFTY500,498,230,267,1,20,3,3,0,6,3,16,1,17,89.96,498,82.73,498,44.06,497,33.97,468,39.76,19.32,32.26,23775.1,-0.93,False,False,292.0,False
2026-04-10,NIFTY500,498,433,62,3,46,1,8,0,16,3,22,0,45,94.38,498,89.36,498,54.33,497,36.11,468,51.0,17.91,32.91,24050.6,1.16,False,False,335.0,False
2026-04-13,NIFTY500,498,150,346,2,12,13,4,0,12,3,15,2,-1,91.37,498,87.75,498,49.09,497,35.47,468,58.43,18.31,33.12,23842.65,-0.86,False,False,302.0,False
2026-04-15,NIFTY500,499,454,45,0,85,3,15,0,18,2,30,1,82,96.18,498,93.57,498,63.58,497,39.45,469,75.5,19.32,33.05,24231.3,1.63,False,False,378.0,True
2026-04-16,NIFTY500,499,327,172,0,30,1,7,0,21,2,32,0,29,94.78,498,91.97,498,69.42,497,41.15,469,84.94,20.12,33.05,24196.75,-0.14,False,False,172.0,False
2026-04-17,NIFTY500,499,398,100,1,42,1,6,0,40,1,48,0,41,95.98,498,95.38,498,73.84,497,44.56,469,87.55,23.34,33.69,24353.55,0.65,False,False,196.0,False
2026-04-20,NIFTY500,499,193,306,0,12,7,4,0,39,1,28,1,5,91.16,498,94.58,498,72.43,497,43.71,469,91.16,25.75,34.75,24364.85,0.05,True,False,156.0,False
2026-04-21,NIFTY500,499,342,156,1,28,3,4,0,36,1,31,1,25,91.16,498,95.18,498,77.26,497,47.76,469,93.57,27.36,35.18,24576.6,0.87,False,False,182.0,False
2026-04-22,NIFTY500,499,321,175,3,32,9,2,0,25,1,36,1,23,84.54,498,94.38,498,76.66,497,47.97,469,95.38,29.78,35.39,24378.1,-0.81,False,False,123.0,False
2026-04-23,NIFTY500,499,155,342,2,16,10,2,0,42,1,27,2,6,73.29,498,92.97,498,73.24,497,47.76,469,96.18,34.21,36.03,24173.05,-0.84,False,False,100.0,False
2026-04-24,NIFTY500,499,110,386,3,2,30,1,0,30,1,17,3,-28,52.01,498,82.53,498,67.61,497,44.68,470,95.98,39.44,35.53,23897.95,-1.14,False,False,31.0,False
2026-04-27,NIFTY500,499,418,81,0,61,2,0,0,94,1,34,0,59,68.07,498,87.35,498,74.85,497,47.98,471,95.78,46.48,35.67,24092.7,0.81,False,False,85.0,True
2026-04-28,NIFTY500,499,192,306,1,13,1,2,0,71,1,34,2,12,57.92,499,83.33,498,72.64,497,47.13,471,95.98,50.5,36.09,23995.7,-0.4,False,False,72.0,False
2026-04-29,NIFTY500,499,259,240,0,19,7,1,0,52,1,33,0,12,56.31,499,82.13,498,75.05,497,48.09,472,94.58,55.94,35.38,24177.65,0.76,False,False,61.0,False
2026-04-30,NIFTY500,499,125,373,1,11,14,2,1,63,2,15,3,-3,42.69,499,72.49,498,72.64,497,47.25,472,91.37,64.19,35.38,23997.55,-0.74,False,False,52.0,False
2026-05-04,NIFTY500,499,348,150,1,36,11,5,1,113,1,34,3,25,53.31,499,74.9,498,76.26,497,48.52,472,87.95,69.22,35.38,24119.3,0.51,False,False,105.0,False
2026-05-05,NIFTY500,499,237,261,1,12,11,3,1,69,1,28,0,1,52.71,499,70.68,498,74.65,497,49.79,472,82.53,71.83,35.17,24032.8,-0.36,False,False,47.0,False
2026-05-06,NIFTY500,499,406,93,0,56,4,3,1,81,1,33,2,52,72.34,499,79.32,498,82.7,497,53.39,472,78.51,76.46,35.17,24330.95,1.24,False,False,87.0,True
2026-05-07,NIFTY500,499,326,172,1,26,3,4,1,83,1,49,1,23,75.15,499,79.32,498,84.51,497,55.18,473,74.3,80.28,35.1,24326.65,-0.02,False,False,98.0,False
2026-05-08,NIFTY500,499,214,284,1,20,8,9,0,83,1,34,0,12,70.14,499,74.7,498,82.9,497,54.97,473,72.29,82.29,35.1,24176.15,-0.62,False,False,113.0,False
2026-05-11,NIFTY500,499,122,377,0,12,38,2,0,37,1,27,4,-26,50.3,499,59.84,498,77.06,497,51.37,473,70.28,83.9,34.88,23815.85,-1.49,False,True,62.0,False
2026-05-12,NIFTY500,499,32,467,0,3,120,0,0,21,1,2,15,-117,23.65,499,35.94,498,65.19,497,45.24,473,67.07,85.11,34.67,23379.55,-1.83,False,True,-56.0,False
2026-05-13,NIFTY500,498,292,203,3,22,7,1,0,15,1,13,12,15,26.91,498,37.95,498,67.34,496,45.97,472,60.04,86.49,34.96,23412.6,0.14,False,False,-93.0,False
2026-05-14,NIFTY500,498,303,195,0,23,9,0,2,18,1,23,8,14,33.73,498,40.16,498,69.76,496,46.51,473,56.63,87.7,35.31,23689.6,1.18,False,False,-102.0,False
2026-05-15,NIFTY500,498,174,324,0,13,16,0,2,13,1,15,10,-3,29.92,498,37.35,498,68.41,497,45.88,473,53.61,86.72,35.1,23643.5,-0.19,False,False,-117.0,False
2026-05-18,NIFTY500,498,118,380,0,8,28,0,3,7,3,8,15,-20,21.69,498,29.72,498,63.58,497,43.34,473,51.41,85.92,35.31,23649.95,0.03,False,False,-111.0,False
2026-05-19,NIFTY500,499,336,162,1,26,2,1,3,7,2,13,11,24,29.52,498,35.34,498,66.6,497,44.4,473,47.79,85.31,35.52,23618.0,-0.14,False,False,30.0,False
2026-05-20,NIFTY500,499,248,249,2,17,3,2,2,5,2,14,8,14,33.33,498,35.34,498,66.2,497,45.24,473,42.17,83.7,36.15,23659.0,0.17,False,False,29.0,False
2026-05-21,NIFTY500,499,295,202,2,23,4,3,1,7,2,20,8,19,44.18,498,39.96,498,67.4,497,45.88,473,38.55,83.5,35.94,23654.7,-0.02,False,False,34.0,False
2026-05-22,NIFTY500,499,247,250,2,12,8,2,1,6,4,16,9,4,51.61,498,40.96,498,67.81,497,46.3,473,33.53,82.49,36.79,23719.3,0.27,False,False,41.0,False
2026-05-25,NIFTY500,499,374,124,1,29,2,1,0,5,2,21,2,27,69.48,498,51.2,498,74.04,497,48.63,473,30.52,81.49,37.42,24031.7,1.32,False,False,88.0,False
2026-05-26,NIFTY500,499,240,257,2,16,8,3,0,10,2,27,4,8,68.47,498,56.02,498,73.04,497,50.32,473,33.53,80.48,38.05,23913.7,-0.49,False,False,72.0,False
2026-05-27,NIFTY500,499,279,218,2,42,7,5,0,7,2,45,3,35,68.88,498,55.62,498,73.04,497,51.16,473,36.95,80.68,38.9,23907.15,-0.03,False,False,93.0,False
2026-05-29,NIFTY500,499,134,365,0,21,38,7,1,10,3,20,11,-17,51.81,498,44.78,498,66.4,497,47.36,473,38.35,79.88,39.11,23547.75,-1.5,False,False,57.0,False
2026-06-01,NIFTY500,499,135,364,0,11,30,4,3,11,3,11,18,-19,37.35,498,35.54,498,59.15,497,47.05,474,38.76,79.28,40.3,23382.6,-0.7,False,False,34.0,False
2026-06-02,NIFTY500,499,297,200,2,25,7,3,2,13,2,17,10,18,42.89,499,40.16,498,60.16,497,47.68,474,39.36,77.67,40.72,23483.55,0.43,False,False,25.0,False
2026-06-03,NIFTY500,499,204,294,1,19,16,5,3,7,4,22,15,3,37.07,499,38.96,498,57.14,497,46.41,474,43.17,75.45,40.72,23405.6,-0.33,False,False,20.0,False
2026-06-04,NIFTY500,499,266,233,0,23,6,3,4,12,5,31,13,17,38.08,499,41.37,498,56.74,497,47.05,474,46.18,73.24,40.93,23416.55,0.05,False,False,2.0,False
2026-06-05,NIFTY500,499,240,259,0,12,6,2,2,8,6,23,12,6,41.08,499,41.97,498,54.93,497,46.62,474,49.4,68.81,41.35,23366.7,-0.21,False,False,25.0,False
2026-06-08,NIFTY500,499,66,433,0,2,36,0,2,4,8,7,22,-34,21.24,499,31.53,498,46.08,497,43.25,474,51.0,64.79,41.98,23123.0,-1.04,False,False,10.0,False
2026-06-09,NIFTY500,499,393,105,1,35,1,1,2,6,7,20,10,34,38.88,499,41.37,498,51.71,497,45.36,474,50.6,60.36,42.41,23242.1,0.52,False,False,26.0,False
2026-06-10,NIFTY500,499,115,384,0,7,18,2,1,6,7,8,15,-11,29.66,499,34.14,498,44.87,497,44.63,475,46.39,57.55,42.74,23214.95,-0.12,False,False,12.0,False
2026-06-11,NIFTY500,499,119,379,1,8,11,2,0,9,6,5,28,-3,22.44,499,26.51,498,40.04,497,41.89,475,41.57,56.14,43.16,23161.6,-0.23,False,False,-8.0,False
2026-06-12,NIFTY500,499,445,54,0,103,2,1,0,13,6,15,3,101,59.32,499,50.2,498,51.51,497,46.11,475,39.96,54.33,43.37,23622.9,1.99,False,False,87.0,True
2026-06-15,NIFTY500,499,377,122,0,58,1,6,0,12,5,23,0,57,73.15,499,64.46,498,59.15,497,49.26,475,40.96,52.92,44.0,23853.9,0.98,False,False,178.0,True
2026-06-16,NIFTY500,499,290,208,1,15,3,2,0,15,5,14,0,12,76.35,499,69.94,499,61.17,497,50.32,475,40.88,51.31,44.84,23989.15,0.57,False,False,156.0,False
2026-06-17,NIFTY500,499,304,193,2,29,2,4,1,20,3,27,4,27,77.56,499,70.34,499,63.98,497,52.63,475,44.29,49.9,46.11,24085.7,0.4,True,False,194.0,False
2026-06-18,NIFTY500,499,307,192,0,26,3,10,1,18,2,29,2,23,81.36,499,72.95,499,65.59,497,54.53,475,48.5,48.69,46.95,24168.0,0.34,True,False,220.0,False
2026-06-19,NIFTY500,499,250,249,0,23,7,3,0,17,2,39,4,16,79.76,499,71.54,499,63.78,497,54.11,475,51.5,48.89,48.63,24013.1,-0.64,False,False,135.0,False
2026-06-22,NIFTY500,499,339,160,0,18,0,2,1,18,2,34,3,18,82.57,499,77.56,499,67.4,497,55.79,475,58.72,49.09,49.26,24102.9,0.37,False,False,96.0,False
2026-06-23,NIFTY500,499,112,387,0,7,7,3,1,13,3,19,7,0,68.34,499,69.94,499,61.37,497,53.47,475,65.13,48.09,49.68,23824.1,-1.16,False,False,84.0,False
2026-06-24,NIFTY500,499,259,240,0,16,9,1,1,14,3,19,4,7,65.33,499,70.94,499,61.17,497,54.53,475,70.34,48.09,50.32,24021.65,0.83,False,False,64.0,False
2026-06-25,NIFTY500,499,173,325,1,10,6,1,1,13,3,13,4,4,49.9,499,65.13,499,58.84,498,52.84,475,75.95,47.79,50.53,24056.0,0.14,False,False,45.0,False
2026-06-29,NIFTY500,499,171,327,1,21,25,1,1,8,3,28,13,-4,37.47,499,56.51,499,53.21,498,51.37,475,78.36,47.79,50.32,23946.25,-0.46,False,False,25.0,False
2026-06-30,NIFTY500,499,285,214,0,15,8,0,1,8,2,29,14,7,41.08,499,58.92,499,55.02,498,53.15,476,77.76,48.59,50.0,23865.75,-0.34,False,False,14.0,False
2026-07-01,NIFTY500,499,289,210,0,27,8,0,2,8,3,23,11,19,48.3,499,61.52,499,58.84,498,54.83,476,76.55,50.2,50.21,24005.85,0.59,False,False,33.0,False
2026-07-02,NIFTY500,499,346,152,1,33,1,1,1,10,3,37,1,32,57.92,499,67.33,499,62.45,498,57.14,476,75.75,52.21,50.0,24175.7,0.71,True,False,58.0,False
2026-07-03,NIFTY500,499,236,263,0,14,12,0,1,12,2,33,1,2,57.92,499,65.93,499,62.25,498,57.32,478,73.15,53.61,49.58,24270.85,0.39,True,False,56.0,False
2026-07-06,NIFTY500,499,257,241,1,17,4,3,1,12,2,34,2,13,60.12,499,65.73,499,62.45,498,57.32,478,71.94,55.22,49.79,24430.35,0.66,True,False,73.0,False
2026-07-07,NIFTY500,499,171,325,3,7,16,1,0,10,2,20,1,-9,54.11,499,60.32,499,61.24,498,55.86,478,64.73,56.83,50.42,24398.7,-0.13,False,False,57.0,False
2026-07-08,NIFTY500,499,54,445,0,2,43,0,0,9,2,6,6,-41,26.85,499,40.68,499,47.99,498,49.37,478,57.31,57.63,50.63,23882.05,-2.12,False,False,-3.0,False
2026-07-09,NIFTY500,499,401,98,0,31,2,0,0,10,2,22,4,29,41.68,499,47.9,499,54.22,498,52.72,478,54.11,59.24,50.63,23962.8,0.34,False,False,-6.0,False
2026-07-10,NIFTY500,499,420,78,1,33,1,1,0,22,1,25,0,32,61.72,499,59.72,499,62.85,498,56.9,478,51.1,61.45,50.84,24206.9,1.02,False,False,24.0,False
2026-07-13,NIFTY500,499,244,253,2,19,1,3,0,27,1,23,2,18,60.72,499,59.92,499,63.25,498,57.71,480,51.5,62.65,51.25,24211.0,0.02,False,False,29.0,False
2026-07-14,NIFTY500,499,117,381,1,4,13,2,0,9,2,16,5,-9,44.49,499,48.9,499,58.23,498,56.04,480,52.51,62.85,50.62,24052.05,-0.66,False,False,29.0,False
2026-07-15,NIFTY500,499,301,198,0,20,2,3,0,8,2,15,3,18,52.51,499,53.91,499,61.24,498,57.08,480,53.91,63.25,50.83,24078.5,0.11,False,False,88.0,False
2026-07-16,NIFTY500,500,218,281,1,18,8,1,0,7,2,26,4,10,48.9,499,50.1,499,61.24,498,56.88,480,55.11,63.45,51.04,24072.75,-0.02,False,False,69.0,False
2026-07-17,NIFTY500,500,204,291,5,7,17,2,0,8,2,13,5,-10,43.69,499,47.29,499,60.44,498,55.62,480,52.1,64.06,51.04,24334.3,1.09,False,False,27.0,False
2026-07-20,NIFTY500,500,292,207,1,9,7,0,0,6,1,23,2,2,51.5,499,53.11,499,61.04,498,55.62,480,51.9,64.46,51.04,24238.5,-0.39,False,False,11.0,False
2026-07-21,NIFTY500,500,277,219,4,12,4,0,0,6,2,30,2,8,54.91,499,54.71,499,60.84,498,57.29,480,51.3,63.86,51.25,24187.7,-0.21,False,False,28.0,False
2026-07-22,NIFTY500,500,92,405,3,4,19,0,0,7,2,11,7,-15,34.87,499,43.89,499,56.43,498,54.79,480,52.71,63.86,51.67,23996.25,-0.79,False,False,-5.0,False
2026-07-23,NIFTY500,500,105,393,2,4,17,0,2,6,3,4,9,-13,24.05,499,32.46,499,49.8,498,51.67,480,52.3,62.25,51.67,23869.6,-0.53,False,False,-28.0,False
2026-07-24,NIFTY500,500,216,284,0,8,7,0,2,5,1,4,4,1,23.45,499,30.86,499,49.6,498,50.83,480,48.9,63.05,52.29,23767.45,-0.43,False,True,-17.0,False
2026-07-27,NIFTY500,500,387,112,1,31,6,0,0,6,0,14,6,25,44.09,499,43.09,499,55.22,498,53.22,481,45.89,63.05,53.01,23995.95,0.96,False,False,6.0,False
2026-07-28,NIFTY500,500,185,314,1,12,13,0,0,9,0,16,7,-1,41.68,499,40.28,499,54.42,498,53.22,481,44.09,62.05,53.43,23985.35,-0.04,False,False,-3.0,False
2026-07-29,NIFTY500,500,376,124,0,36,4,0,0,12,0,23,0,32,56.8,500,51.9,499,58.72,499,55.93,481,42.28,61.92,53.22,24250.2,1.1,False,False,44.0,False
2026-07-30,NIFTY500,500,153,345,2,4,14,1,0,11,0,20,4,-10,48.2,500,48.5,499,54.91,499,55.09,481,41.88,60.92,53.22,24317.15,0.28,False,False,47.0,False
2026-07-31,NIFTY500,500,302,196,2,28,8,2,0,5,0,18,2,20,54.6,500,50.3,499,56.11,499,55.72,481,42.48,61.12,53.01,24383.6,0.27,False,False,66.0,False
2026-08-03,NIFTY500,500,396,103,1,52,7,3,0,7,0,34,0,45,76.0,500,64.93,499,64.13,499,59.67,481,43.89,59.92,53.85,24774.3,1.6,False,False,86.0,True
2026-08-04,NIFTY500,500,192,300,8,11,8,5,0,7,0,24,3,3,72.8,500,61.52,499,61.32,499,58.21,481,45.09,58.32,54.05,24614.9,-0.64,False,False,90.0,False
2026-08-05,NIFTY500,500,288,208,4,19,3,2,0,8,0,31,0,16,74.4,500,64.93,499,63.13,499,59.34,482,47.49,58.92,54.77,24624.65,0.04,False,False,74.0,False
2026-08-06,NIFTY500,500,210,282,8,10,7,0,0,5,0,24,1,3,67.6,500,61.32,499,62.93,499,59.01,483,51.7,59.32,54.87,24636.0,0.05,False,False,87.0,False
2026-08-07,NIFTY500,500,233,262,5,13,11,2,0,5,0,25,4,2,59.4,500,61.32,499,62.93,499,59.21,483,56.91,60.32,55.9,24570.65,-0.27,False,False,69.0,False
2026-08-10,NIFTY500,500,235,261,4,15,11,0,0,4,0,29,5,4,58.8,500,58.92,499,61.12,499,59.01,483,59.32,59.32,56.52,24583.8,0.05,False,False,28.0,False
2026-08-11,NIFTY500,500,199,298,3,19,3,2,0,5,0,29,5,16,50.4,500,55.51,499,58.92,499,57.44,484,61.32,59.32,56.61,24471.7,-0.46,False,False,41.0,False
2026-08-12,NIFTY500,500,220,274,6,12,12,1,0,5,0,24,7,0,45.2,500,55.0,500,56.91,499,58.47,484,61.0,58.72,56.61,24435.95,-0.15,False,False,25.0,False
2026-08-13,NIFTY500,500,248,245,7,10,5,1,0,2,0,22,4,5,47.4,500,56.8,500,57.11,499,58.47,484,63.0,57.52,56.61,24395.85,-0.16,False,False,27.0,False
2026-08-14,NIFTY500,500,163,335,2,9,8,1,0,2,0,10,6,1,39.4,500,52.2,500,56.71,499,58.06,484,63.8,57.92,57.02,24366.0,-0.12,False,False,26.0,False
2024-04-01,NIFTYNEXT50,44,34,10,0,7,1,0,0,0,0,0,0,6,,0,,0,,0,,0,,,,22462.0,,False,False,,True
2024-04-02,NIFTYNEXT50,44,32,12,0,3,0,0,0,0,0,0,0,3,,0,,0,,0,,0,,,,22453.3,-0.04,False,False,,False
2024-04-03,NIFTYNEXT50,44,23,21,0,6,1,0,0,0,0,0,0,5,,0,,0,,0,,0,,,,22434.65,-0.08,False,False,,True
2024-04-04,NIFTYNEXT50,44,17,27,0,1,0,0,0,0,0,0,0,1,,0,,0,,0,,0,,,,22514.65,0.36,False,False,,False
2024-04-05,NIFTYNEXT50,44,28,16,0,0,0,0,0,0,0,0,0,0,,0,,0,,0,,0,,,,22513.7,-0.0,False,False,15.0,False
2024-04-08,NIFTYNEXT50,44,26,18,0,1,0,0,0,0,0,0,0,1,,0,,0,,0,,0,,,,22666.3,0.68,False,False,10.0,False
2024-04-09,NIFTYNEXT50,44,12,32,0,2,0,1,0,0,0,0,0,2,,0,,0,,0,,0,,,,22642.75,-0.1,False,False,9.0,False
2024-04-10,NIFTYNEXT50,44,24,20,0,1,0,2,0,0,0,0,0,1,,0,,0,,0,,0,,,,22753.8,0.49,False,False,5.0,False
2024-04-12,NIFTYNEXT50,44,15,29,0,1,0,2,0,0,0,0,0,1,,0,,0,,0,,0,,,,22519.4,-1.03,False,False,5.0,False
2024-04-15,NIFTYNEXT50,44,5,39,0,0,1,0,0,0,0,0,0,-1,22.73,44,,0,,0,,0,,,,22272.5,-1.1,False,False,4.0,False
2024-04-16,NIFTYNEXT50,44,24,20,0,1,0,0,0,0,0,0,0,1,29.55,44,,0,,0,,0,,,,22147.9,-0.56,False,False,4.0,False
2024-04-18,NIFTYNEXT50,44,17,26,1,0,1,0,0,0,0,0,0,-1,27.27,44,,0,,0,,0,,,,21995.85,-0.69,False,False,1.0,False
2024-04-19,NIFTYNEXT50,44,13,31,0,0,0,0,0,0,0,0,0,0,27.27,44,,0,,0,,0,,,,22147.0,0.69,False,False,0.0,False
2024-04-22,NIFTYNEXT50,44,33,11,0,2,0,0,0,0,0,0,0,2,43.18,44,,0,,0,,0,,,,22336.4,0.86,False,False,1.0,False
2024-04-23,NIFTYNEXT50,44,27,17,0,0,0,0,0,0,0,0,0,0,52.27,44,,0,,0,,0,,,,22368.0,0.14,False,False,2.0,False
2024-04-24,NIFTYNEXT50,44,32,12,0,0,0,0,0,0,0,0,0,0,68.18,44,,0,,0,,0,,,,22402.4,0.15,False,False,1.0,False
2024-04-25,NIFTYNEXT50,44,30,14,0,1,1,0,0,0,0,0,0,0,81.82,44,,0,,0,,0,,,,22570.35,0.75,False,False,2.0,False
2024-04-26,NIFTYNEXT50,44,26,18,0,3,0,0,0,0,0,0,0,3,81.82,44,,0,,0,,0,,,,22419.95,-0.67,False,False,5.0,False
2024-04-29,NIFTYNEXT50,44,34,10,0,0,0,0,0,0,0,0,0,0,88.64,44,,0,,0,,0,,,,22643.4,1.0,False,False,3.0,False
2024-04-30,NIFTYNEXT50,44,25,19,0,2,1,0,0,0,0,0,0,1,88.64,44,72.73,44,,0,,0,52.27,,,22604.85,-0.17,False,False,4.0,False
2024-05-02,NIFTYNEXT50,44,29,15,0,5,0,1,0,0,0,0,0,5,86.36,44,84.09,44,,0,,0,61.36,,,22648.2,0.19,False,False,9.0,True
2024-05-03,NIFTYNEXT50,44,19,25,0,1,0,1,0,2,0,0,0,1,81.82,44,79.55,44,,0,,0,65.91,,,22475.85,-0.76,False,False,10.0,False
2024-05-06,NIFTYNEXT50,44,14,30,0,1,5,0,0,2,0,0,0,-4,54.55,44,63.64,44,,0,,0,75.0,,,22442.7,-0.15,False,False,3.0,False
2024-05-07,NIFTYNEXT50,44,6,38,0,2,4,0,0,2,0,0,0,-2,31.82,44,47.73,44,,0,,0,79.55,,,22302.5,-0.62,False,False,1.0,False
2024-05-08,NIFTYNEXT50,44,33,11,0,7,1,0,0,2,0,0,0,6,43.18,44,52.27,44,,0,,0,79.55,,,22302.5,0.0,False,False,6.0,True
2024-05-09,NIFTYNEXT50,44,8,36,0,1,5,0,0,1,0,0,0,-4,31.82,44,43.18,44,,0,,0,77.27,,,21957.5,-1.55,False,True,-3.0,False
2024-05-10,NIFTYNEXT50,44,31,13,0,5,0,0,0,2,0,0,0,5,43.18,44,56.82,44,,0,,0,72.73,,,22055.2,0.44,False,False,1.0,True
2024-05-13,NIFTYNEXT50,44,31,13,0,3,0,1,0,1,0,0,0,3,43.18,44,52.27,44,,0,,0,75.0,,,22104.05,0.22,False,False,8.0,False
2024-05-14,NIFTYNEXT50,44,34,10,0,7,0,1,0,1,0,0,0,7,52.27,44,65.91,44,,0,,0,72.73,,,22217.85,0.51,False,False,17.0,True
2024-05-15,NIFTYNEXT50,44,27,17,0,2,1,0,1,3,1,0,0,1,63.64,44,68.18,44,,0,,0,68.18,,,22200.55,-0.08,False,False,12.0,False
2024-05-16,NIFTYNEXT50,44,33,11,0,3,1,1,1,6,1,0,0,2,72.73,44,72.73,44,,0,,0,59.09,,,22403.85,0.92,False,False,18.0,False
2024-05-17,NIFTYNEXT50,44,29,15,0,5,0,1,1,5,1,0,0,5,86.36,44,79.55,44,,0,,0,54.55,,,22466.1,0.28,False,False,18.0,True
2024-05-21,NIFTYNEXT50,44,33,10,1,5,0,2,1,5,1,0,0,5,93.18,44,81.82,44,,0,,0,54.55,,,22529.05,0.28,False,False,20.0,True
2024-05-22,NIFTYNEXT50,44,22,22,0,3,0,1,1,6,1,0,0,3,88.64,44,86.36,44,,0,,0,59.09,,,22597.8,0.31,False,False,16.0,False
2024-05-23,NIFTYNEXT50,44,32,12,0,2,1,3,0,6,1,0,0,1,88.64,44,86.36,44,,0,,0,63.64,,,22967.65,1.64,True,False,16.0,False
2024-05-24,NIFTYNEXT50,44,17,27,0,2,0,3,0,6,1,0,0,2,79.55,44,81.82,44,,0,,0,72.73,,,22957.1,-0.05,False,False,16.0,False
2024-05-27,NIFTYNEXT50,44,24,20,0,2,1,0,0,6,1,0,0,1,79.55,44,84.09,44,,0,,0,79.55,,,22932.45,-0.11,False,False,12.0,False
2024-05-28,NIFTYNEXT50,44,13,31,0,0,0,0,0,4,1,0,0,0,63.64,44,77.27,44,,0,,0,81.82,,,22888.15,-0.19,False,False,7.0,False
2024-05-29,NIFTYNEXT50,44,15,29,0,2,0,0,0,4,1,0,0,2,54.55,44,65.91,44,,0,,0,81.82,,,22704.7,-0.8,False,False,6.0,False
2024-05-30,NIFTYNEXT50,44,8,36,0,0,2,0,0,3,1,0,0,-2,27.27,44,54.55,44,,0,,0,81.82,,,22488.65,-0.95,False,False,3.0,False
2024-05-31,NIFTYNEXT50,44,24,20,0,3,0,0,0,3,1,0,0,3,38.64,44,61.36,44,,0,,0,84.09,,,22530.7,0.19,False,False,4.0,False
2024-06-03,NIFTYNEXT50,44,40,4,0,24,0,1,0,5,1,0,0,24,75.0,44,77.27,44,,0,,0,81.82,,,23263.9,3.25,True,False,27.0,True
2024-06-04,NIFTYNEXT50,44,6,38,0,1,31,0,1,1,1,0,0,-30,15.91,44,20.45,44,,0,,0,79.55,,,21884.5,-5.93,False,True,-3.0,False
2024-06-05,NIFTYNEXT50,44,42,2,0,25,0,0,0,1,1,0,0,25,38.64,44,36.36,44,,0,,0,79.55,,,22620.35,3.36,False,False,20.0,True
2024-06-06,NIFTYNEXT50,44,37,7,0,10,0,0,0,3,1,0,0,10,54.55,44,54.55,44,,0,,0,75.0,,,22821.4,0.89,False,False,32.0,True
2024-06-07,NIFTYNEXT50,45,41,4,0,0,0,0,0,4,1,0,0,0,63.64,44,77.27,44,,0,,0,65.91,,,23290.15,2.05,True,False,29.0,False
2024-06-10,NIFTYNEXT50,45,31,14,0,2,0,0,0,5,1,0,0,2,65.91,44,68.18,44,,0,,0,54.55,,,23259.2,-0.13,False,False,7.0,False
2024-06-11,NIFTYNEXT50,45,26,19,0,1,0,0,0,5,1,0,0,1,81.82,44,72.73,44,,0,,0,40.91,,,23264.85,0.02,False,False,38.0,False
2024-06-12,NIFTYNEXT50,45,31,14,0,2,0,0,0,4,1,0,0,2,88.64,44,84.09,44,,0,,0,45.45,,,23322.95,0.25,True,False,15.0,False
2024-06-13,NIFTYNEXT50,45,25,20,0,5,0,0,0,3,1,0,0,5,81.82,44,81.82,44,88.64,44,,0,50.0,79.55,,23398.9,0.33,True,False,10.0,True
2024-06-14,NIFTYNEXT50,45,35,10,0,4,0,1,0,3,0,0,0,4,84.09,44,86.36,44,88.64,44,,0,56.82,81.82,,23465.6,0.29,True,False,14.0,False
2024-06-18,NIFTYNEXT50,45,25,20,0,3,0,1,0,3,0,0,0,3,86.36,44,81.82,44,88.64,44,,0,54.55,84.09,,23557.9,0.39,True,False,15.0,False
2024-06-19,NIFTYNEXT50,45,4,41,0,0,2,1,0,3,0,0,0,-2,70.45,44,81.82,44,84.09,44,,0,68.18,84.09,,23516.0,-0.18,False,False,12.0,False
2024-06-20,NIFTYNEXT50,45,27,18,0,1,0,1,0,3,0,0,0,1,61.36,44,81.82,44,88.64,44,,0,77.27,84.09,,23567.0,0.22,True,False,11.0,False
2024-06-21,NIFTYNEXT50,45,17,28,0,0,1,0,1,2,1,0,0,-1,46.67,45,70.45,44,79.55,44,,0,84.09,81.82,,23501.1,-0.28,False,False,5.0,False
2024-06-24,NIFTYNEXT50,45,26,19,0,1,0,0,1,2,1,0,0,1,42.22,45,68.18,44,79.55,44,,0,84.09,79.55,,23537.85,0.16,False,False,2.0,False
2024-06-25,NIFTYNEXT50,45,15,30,0,0,1,0,1,2,1,0,0,-1,46.67,45,68.18,44,79.55,44,,0,84.09,79.55,,23721.3,0.78,True,False,-2.0,False
2024-06-26,NIFTYNEXT50,45,20,25,0,0,0,0,1,2,1,0,0,0,44.44,45,61.36,44,79.55,44,,0,86.36,81.82,,23868.8,0.62,True,False,0.0,False
2024-06-27,NIFTYNEXT50,45,25,20,0,2,1,0,1,2,1,0,0,1,46.67,45,63.64,44,81.82,44,,0,84.09,81.82,,24044.5,0.74,True,False,0.0,False
2024-06-28,NIFTYNEXT50,45,24,21,0,0,1,0,0,2,1,0,0,-1,46.67,45,63.64,44,81.82,44,,0,79.55,84.09,,24010.6,-0.14,False,False,0.0,False
2024-07-01,NIFTYNEXT50,45,28,17,0,1,0,0,0,2,1,0,0,1,55.56,45,63.64,44,81.82,44,,0,72.73,84.09,,24141.95,0.55,True,False,0.0,False
2024-07-02,NIFTYNEXT50,45,14,31,0,1,0,0,0,2,1,0,0,1,48.89,45,59.09,44,79.55,44,,0,70.45,77.27,,24123.85,-0.07,False,False,2.0,False
2024-07-03,NIFTYNEXT50,45,36,9,0,5,0,0,0,2,1,0,0,5,60.0,45,68.18,44,79.55,44,,0,65.91,81.82,,24286.5,0.67,True,False,7.0,True
2024-07-04,NIFTYNEXT50,45,29,16,0,3,0,2,0,7,1,0,0,3,60.0,45,68.18,44,79.55,44,,0,61.36,84.09,,24302.15,0.06,True,False,9.0,False
2024-07-05,NIFTYNEXT50,45,32,13,0,2,0,2,0,5,1,0,0,2,73.33,45,68.89,45,84.09,44,,0,62.22,84.09,,24323.85,0.09,True,False,12.0,False
2024-07-08,NIFTYNEXT50,45,13,32,0,2,1,2,0,3,1,0,0,1,51.11,45,57.78,45,79.55,44,,0,60.0,84.09,,24320.55,-0.01,False,False,12.0,False
2024-07-09,NIFTYNEXT50,45,28,16,1,1,0,1,0,3,1,0,0,1,68.89,45,68.89,45,79.55,44,,0,57.78,84.09,,24433.2,0.46,True,False,12.0,False
2024-07-10,NIFTYNEXT50,45,22,23,0,1,0,0,0,2,1,0,0,1,66.67,45,57.78,45,77.27,44,,0,55.56,86.36,,24324.45,-0.45,False,False,8.0,False
2024-07-11,NIFTYNEXT50,45,24,21,0,1,0,0,0,3,1,0,0,1,60.0,45,64.44,45,77.27,44,,0,57.78,81.82,,24315.95,-0.03,False,False,6.0,False
2024-07-12,NIFTYNEXT50,45,10,35,0,1,2,0,0,2,1,0,0,-1,42.22,45,53.33,45,75.0,44,,0,57.78,81.82,,24502.15,0.77,True,False,3.0,False
2024-07-15,NIFTYNEXT50,45,33,12,0,2,0,0,0,1,1,0,0,2,64.44,45,64.44,45,79.55,44,,0,62.22,81.82,,24586.7,0.35,True,False,4.0,False
2024-07-16,NIFTYNEXT50,45,20,25,0,0,0,0,0,1,1,0,0,0,53.33,45,57.78,45,75.0,44,,0,62.22,81.82,,24613.0,0.11,True,False,3.0,False
2024-07-18,NIFTYNEXT50,45,19,26,0,0,5,0,0,0,1,0,0,-5,44.44,45,57.78,45,65.91,44,,0,64.44,79.55,,24800.85,0.76,True,False,-3.0,False
2024-07-19,NIFTYNEXT50,45,2,43,0,0,5,0,0,1,1,0,0,-5,17.78,45,33.33,45,56.82,44,,0,62.22,79.55,,24530.9,-1.09,False,False,-9.0,False
2024-07-22,NIFTYNEXT50,45,37,8,0,2,0,0,0,1,1,0,0,2,26.67,45,42.22,45,61.36,44,,0,57.78,79.55,,24509.25,-0.09,False,False,-6.0,False
2024-07-23,NIFTYNEXT50,45,15,30,0,0,4,0,0,1,0,0,0,-4,24.44,45,37.78,45,52.27,44,,0,55.56,72.73,,24479.05,-0.12,False,False,-12.0,False
2024-07-24,NIFTYNEXT50,45,23,22,0,1,0,0,0,1,0,0,0,1,24.44,45,33.33,45,59.09,44,,0,53.33,70.45,,24413.5,-0.27,False,False,-11.0,False
2024-07-25,NIFTYNEXT50,45,22,23,0,4,1,0,0,0,0,0,0,3,33.33,45,35.56,45,59.09,44,,0,46.67,68.18,,24406.1,-0.03,False,False,-3.0,False
2024-07-26,NIFTYNEXT50,45,38,7,0,3,0,0,0,0,0,0,0,3,62.22,45,53.33,45,63.64,44,,0,42.22,68.18,,24834.85,1.76,True,False,5.0,False
2024-07-29,NIFTYNEXT50,45,35,9,1,5,0,0,0,0,0,0,0,5,80.0,45,68.89,45,70.45,44,,0,46.67,68.18,,24836.1,0.01,True,False,8.0,True
2024-07-30,NIFTYNEXT50,45,19,26,0,1,1,0,0,1,0,0,0,0,73.33,45,60.0,45,75.0,44,,0,46.67,68.18,,24857.3,0.09,True,False,12.0,False
2024-07-31,NIFTYNEXT50,45,28,16,1,0,0,0,0,0,0,0,0,0,77.78,45,55.56,45,75.0,44,,0,42.22,68.18,,24951.15,0.38,True,False,11.0,False
2024-08-01,NIFTYNEXT50,45,14,31,0,1,0,1,0,0,0,0,0,1,66.67,45,48.89,45,72.73,44,,0,40.0,70.45,,25010.9,0.24,True,False,9.0,False
2024-08-02,NIFTYNEXT50,45,10,35,0,0,1,0,0,0,0,0,0,-1,35.56,45,40.0,45,68.18,44,,0,46.67,68.18,,24717.7,-1.17,False,False,5.0,False
2024-08-05,NIFTYNEXT50,45,1,44,0,0,21,0,0,0,0,0,0,-21,13.33,45,20.0,45,34.09,44,,0,42.22,63.64,,24055.6,-2.68,False,False,-21.0,False
2024-08-06,NIFTYNEXT50,45,15,29,1,0,1,0,0,0,0,0,0,-1,11.11,45,20.0,45,27.27,44,,0,42.22,63.64,,23992.55,-0.26,False,False,-22.0,False
2024-08-07,NIFTYNEXT50,45,39,6,0,7,0,0,0,0,0,0,0,7,31.11,45,37.78,45,40.91,44,,0,40.0,63.64,,24297.5,1.27,False,False,-15.0,True
2024-08-08,NIFTYNEXT50,45,11,34,0,0,0,0,0,0,0,0,0,0,22.22,45,26.67,45,38.64,44,,0,40.0,63.64,,24117.0,-0.74,False,False,-16.0,False
2024-08-09,NIFTYNEXT50,45,30,15,0,2,0,0,0,0,0,0,0,2,26.67,45,28.89,45,40.91,44,,0,40.0,61.36,,24367.5,1.04,False,False,-13.0,False
2024-08-12,NIFTYNEXT50,45,22,22,1,1,0,0,0,0,0,0,0,1,24.44,45,24.44,45,38.64,44,,0,35.56,56.82,,24347.0,-0.08,False,False,9.0,False
2024-08-13,NIFTYNEXT50,45,8,37,0,0,2,0,0,0,0,0,0,-2,17.78,45,20.0,45,31.82,44,,0,28.89,54.55,,24139.0,-0.85,False,False,8.0,False
2024-08-14,NIFTYNEXT50,45,19,26,0,0,1,0,0,0,0,0,0,-1,28.89,45,22.22,45,31.82,44,,0,24.44,52.27,,24143.75,0.02,False,False,0.0,False
2024-08-16,NIFTYNEXT50,45,36,9,0,2,1,0,0,0,0,0,0,1,57.78,45,35.56,45,36.36,44,,0,24.44,47.73,,24541.15,1.65,False,False,1.0,False
2024-08-19,NIFTYNEXT50,45,25,20,0,1,2,0,0,0,0,0,0,-1,66.67,45,37.78,45,38.64,44,,0,24.44,45.45,,24572.65,0.13,False,False,-2.0,False
2024-08-20,NIFTYNEXT50,45,32,13,0,1,1,0,0,0,0,0,0,0,80.0,45,48.89,45,48.89,45,,0,24.44,42.22,,24698.85,0.51,False,False,-3.0,False
2024-08-21,NIFTYNEXT50,45,24,21,0,1,0,0,0,0,0,0,0,1,77.78,45,57.78,45,48.89,45,,0,24.44,44.44,,24770.2,0.29,False,False,0.0,False
2024-08-22,NIFTYNEXT50,45,29,16,0,0,0,0,0,0,0,0,0,0,86.67,45,66.67,45,55.56,45,,0,24.44,44.44,,24811.5,0.17,False,False,1.0,False
2024-08-23,NIFTYNEXT50,45,12,33,0,0,1,0,0,0,0,0,0,-1,73.33,45,60.0,45,48.89,45,,0,31.11,44.44,,24823.15,0.05,False,False,-1.0,False
2024-08-26,NIFTYNEXT50,45,25,20,0,1,1,0,0,0,0,0,0,0,75.56,45,66.67,45,46.67,45,,0,37.78,44.44,,25010.6,0.76,False,False,0.0,False
2024-08-27,NIFTYNEXT50,45,17,28,0,2,0,0,0,0,0,4,0,2,75.56,45,66.67,45,48.89,45,,0,51.11,42.22,,25017.75,0.03,True,False,2.0,False
2024-08-28,NIFTYNEXT50,45,18,27,0,0,0,0,0,0,0,3,0,0,57.78,45,57.78,45,44.44,45,,0,62.22,44.44,,25052.35,0.14,True,False,1.0,False
2024-08-29,NIFTYNEXT50,45,18,27,0,0,0,0,0,0,0,3,0,0,51.11,45,57.78,45,44.44,45,,0,66.67,42.22,,25151.95,0.4,True,False,1.0,False
2024-08-30,NIFTYNEXT50,45,30,14,1,0,0,0,0,0,0,5,0,0,62.22,45,68.89,45,48.89,45,,0,77.78,42.22,,25235.9,0.33,True,False,2.0,False
2024-09-02,NIFTYNEXT50,45,22,23,0,3,0,0,0,0,0,2,0,3,64.44,45,73.33,45,51.11,45,,0,84.44,42.22,,25278.7,0.17,True,False,5.0,False
2024-09-03,NIFTYNEXT50,45,21,24,0,1,0,0,0,0,0,2,0,1,57.78,45,68.89,45,53.33,45,,0,80.0,42.22,,25279.85,0.0,True,False,4.0,False
2024-09-04,NIFTYNEXT50,45,24,21,0,1,0,0,0,0,0,4,1,1,57.78,45,62.22,45,51.11,45,,0,75.56,42.22,,25198.7,-0.32,False,False,5.0,False
2024-09-05,NIFTYNEXT50,45,20,24,1,1,1,0,0,0,0,6,0,0,53.33,45,64.44,45,51.11,45,,0,73.33,44.44,,25145.1,-0.21,False,False,5.0,False
2024-09-06,NIFTYNEXT50,45,4,41,0,0,2,0,0,0,0,3,3,-2,26.67,45,48.89,45,44.44,45,,0,68.89,40.0,,24852.15,-1.17,False,False,3.0,False
2024-09-09,NIFTYNEXT50,45,25,20,0,0,0,0,0,0,0,6,2,0,33.33,45,46.67,45,40.0,45,,0,57.78,37.78,,24936.4,0.34,False,False,0.0,False
2024-09-10,NIFTYNEXT50,45,24,21,0,3,1,0,0,0,0,3,2,2,33.33,45,44.44,45,40.0,45,,0,55.56,40.0,,25041.1,0.42,False,False,1.0,False
2024-09-11,NIFTYNEXT50,45,16,29,0,0,0,0,0,0,0,2,3,0,35.56,45,44.44,45,40.0,45,,0,48.89,42.22,,24918.45,-0.49,False,False,0.0,False
2024-09-12,NIFTYNEXT50,45,40,5,0,1,1,0,1,0,1,5,1,0,51.11,45,44.44,45,46.67,45,,0,51.11,44.44,,25388.9,1.89,True,False,0.0,False
2024-09-13,NIFTYNEXT50,45,23,22,0,0,0,0,1,0,1,6,0,0,55.56,45,48.89,45,51.11,45,,0,51.11,46.67,,25356.5,-0.13,False,False,2.0,False
2024-09-16,NIFTYNEXT50,45,20,25,0,2,0,0,1,0,1,2,1,2,60.0,45,60.0,45,48.89,45,,0,46.67,48.89,,25383.75,0.11,False,False,4.0,False
2024-09-17,NIFTYNEXT50,45,25,20,0,1,0,0,1,0,1,1,0,1,55.56,45,55.56,45,53.33,45,,0,44.44,46.67,,25418.55,0.14,True,False,3.0,False
2024-09-18,NIFTYNEXT50,45,12,33,0,2,0,0,1,0,1,1,0,2,46.67,45,46.67,45,44.44,45,,0,40.0,48.89,,25377.55,-0.16,False,False,5.0,False
2024-09-19,NIFTYNEXT50,45,15,30,0,0,1,0,0,0,1,3,1,-1,48.89,45,44.44,45,48.89,45,,0,42.22,51.11,,25415.8,0.15,False,False,4.0,False
2024-09-20,NIFTYNEXT50,45,40,5,0,2,0,0,0,0,1,5,0,2,64.44,45,57.78,45,53.33,45,,0,48.89,51.11,,25790.95,1.48,False,False,6.0,False
2024-09-23,NIFTYNEXT50,45,36,9,0,1,0,0,0,0,1,7,0,1,75.56,45,66.67,45,62.22,45,,0,53.33,53.33,,25939.05,0.57,False,False,5.0,False
2024-09-24,NIFTYNEXT50,45,23,22,0,0,0,0,0,0,1,6,0,0,71.11,45,71.11,45,62.22,45,,0,57.78,53.33,,25940.4,0.01,False,False,4.0,False
2024-09-25,NIFTYNEXT50,45,16,29,0,0,0,0,0,0,1,3,1,0,62.22,45,68.89,45,62.22,45,,0,57.78,55.56,,26004.15,0.25,False,False,2.0,False
2024-09-26,NIFTYNEXT50,45,26,19,0,1,0,0,0,0,1,9,0,1,71.11,45,71.11,45,66.67,45,,0,62.22,55.56,,26216.05,0.81,False,False,4.0,False
2024-09-27,NIFTYNEXT50,45,27,18,0,2,1,0,0,0,1,9,1,1,73.33,45,73.33,45,68.89,45,,0,66.67,55.56,,26178.95,-0.14,False,False,3.0,False
2024-09-30,NIFTYNEXT50,45,10,35,0,0,1,0,0,0,1,2,1,-1,62.22,45,62.22,45,64.44,45,,0,66.67,57.78,,25810.85,-1.41,False,False,1.0,False
2024-10-01,NIFTYNEXT50,45,19,26,0,0,0,0,0,0,1,2,0,0,60.0,45,60.0,45,64.44,45,,0,66.67,62.22,,25796.9,-0.05,False,False,1.0,False
2024-10-03,NIFTYNEXT50,45,6,39,0,0,8,0,0,0,1,0,2,-8,31.11,45,44.44,45,51.11,45,,0,68.89,57.78,,25250.1,-2.12,False,False,-7.0,False
2024-10-04,NIFTYNEXT50,45,4,41,0,0,3,0,0,0,1,0,1,-3,15.56,45,33.33,45,44.44,45,,0,73.33,57.78,,25014.6,-0.93,False,False,-11.0,False
2024-10-07,NIFTYNEXT50,45,3,42,0,1,8,0,0,0,1,0,4,-7,2.22,45,11.11,45,28.89,45,,0,66.67,57.78,,24795.75,-0.87,False,False,-19.0,False
2024-10-08,NIFTYNEXT50,45,39,6,0,11,0,0,0,0,1,3,0,11,17.78,45,33.33,45,42.22,45,,0,55.56,57.78,,25013.15,0.88,False,False,-7.0,True
2024-10-09,NIFTYNEXT50,45,33,12,0,4,0,0,0,0,1,4,0,4,24.44,45,31.11,45,42.22,45,,0,48.89,57.78,,24981.95,-0.12,False,False,-3.0,False
2024-10-10,NIFTYNEXT50,45,21,24,0,2,0,0,0,1,1,1,1,2,31.11,45,44.44,45,48.89,45,,0,40.0,57.78,,24998.45,0.07,False,False,7.0,False
2024-10-11,NIFTYNEXT50,45,24,21,0,0,1,0,0,0,1,2,1,-1,37.78,45,35.56,45,44.44,45,,0,40.0,55.56,,24964.25,-0.14,False,False,9.0,False
2024-10-14,NIFTYNEXT50,45,28,17,0,0,1,0,0,0,0,2,2,-1,48.89,45,42.22,45,48.89,45,,0,31.11,55.56,,25127.95,0.66,False,False,15.0,False
2024-10-15,NIFTYNEXT50,45,29,16,0,0,0,0,0,0,0,1,1,0,64.44,45,46.67,45,46.67,45,,0,28.89,53.33,,25057.35,-0.28,False,False,4.0,False
2024-10-16,NIFTYNEXT50,45,23,22,0,1,0,0,0,0,0,2,2,1,60.0,45,42.22,45,51.11,45,,0,24.44,53.33,,24971.3,-0.34,False,False,1.0,False
2024-10-17,NIFTYNEXT50,45,2,43,0,0,3,0,0,0,0,0,2,-3,37.78,45,20.0,45,35.56,45,,0,24.44,53.33,,24749.85,-0.89,False,True,-4.0,False
2024-10-18,NIFTYNEXT50,45,31,14,0,1,0,0,0,0,0,0,1,1,42.22,45,24.44,45,40.0,45,,0,20.0,57.78,,24854.05,0.42,False,False,-2.0,False
2024-10-21,NIFTYNEXT50,45,5,40,0,0,3,0,0,0,1,0,1,-3,13.33,45,15.56,45,31.11,45,,0,22.22,55.56,,24781.1,-0.29,False,False,-4.0,False
2024-10-22,NIFTYNEXT50,46,4,42,0,0,13,0,0,0,0,0,5,-13,6.67,45,8.89,45,15.56,45,,0,22.22,55.56,,24472.1,-1.25,False,False,-17.0,False
2024-10-23,NIFTYNEXT50,46,24,22,0,2,2,0,0,0,0,0,2,0,6.67,45,6.67,45,8.89,45,,0,22.22,53.33,,24435.5,-0.15,False,False,-18.0,False
2024-10-24,NIFTYNEXT50,46,21,25,0,0,1,0,0,0,0,0,1,-1,8.89,45,4.44,45,11.11,45,,0,22.22,48.89,,24399.4,-0.15,False,True,-16.0,False
2024-10-25,NIFTYNEXT50,46,12,34,0,0,5,0,0,0,0,0,7,-5,11.11,45,4.44,45,11.11,45,,0,22.22,40.0,,24180.8,-0.9,False,True,-22.0,False
2024-10-28,NIFTYNEXT50,46,30,16,0,5,2,0,0,0,0,0,1,3,17.78,45,11.11,45,8.89,45,,0,15.56,37.78,,24339.15,0.65,False,False,-16.0,False
2024-10-29,NIFTYNEXT50,46,28,18,0,4,0,0,0,0,0,0,2,4,35.56,45,22.22,45,15.56,45,,0,13.33,28.89,,24466.85,0.52,False,False,1.0,False
2024-10-30,NIFTYNEXT50,46,20,26,0,2,0,0,0,0,0,0,2,2,40.0,45,28.89,45,15.56,45,,0,13.33,28.89,,24340.85,-0.51,False,False,3.0,False
2024-10-31,NIFTYNEXT50,46,18,28,0,0,0,0,0,0,0,0,3,0,35.56,45,22.22,45,6.67,45,,0,11.11,26.67,,24205.35,-0.56,False,False,4.0,False
2024-11-01,NIFTYNEXT50,46,42,4,0,0,0,0,0,0,0,0,0,0,55.56,45,26.67,45,11.11,45,,0,8.89,26.67,,24304.35,0.41,False,False,9.0,False
2024-11-04,NIFTYNEXT50,46,6,40,0,0,3,0,0,0,0,0,1,-3,30.43,46,17.78,45,8.89,45,,0,11.11,24.44,,23995.35,-1.27,False,True,3.0,False
2024-11-05,NIFTYNEXT50,46,31,15,0,2,0,0,0,0,0,0,1,2,45.65,46,17.78,45,13.33,45,,0,11.11,22.22,,24213.3,0.91,False,False,1.0,False
2024-11-06,NIFTYNEXT50,46,42,4,0,5,1,0,0,0,0,0,1,4,78.26,46,51.11,45,31.11,45,,0,15.56,22.22,,24484.05,1.12,False,False,3.0,True
2024-11-07,NIFTYNEXT50,46,8,38,0,0,2,0,0,0,0,0,1,-2,60.87,46,40.0,45,17.78,45,,0,20.0,20.0,,24199.35,-1.16,False,False,1.0,False
2024-11-08,NIFTYNEXT50,46,8,37,1,1,0,0,0,0,0,1,2,1,39.13,46,26.67,45,11.11,45,,0,22.22,15.56,,24148.2,-0.21,False,False,2.0,False
2024-11-11,NIFTYNEXT50,46,17,29,0,1,1,0,0,0,0,0,3,0,36.96,46,24.44,45,17.78,45,,0,26.67,15.56,,24141.3,-0.03,False,False,5.0,False
2024-11-12,NIFTYNEXT50,46,3,43,0,1,6,0,0,0,0,0,5,-5,15.22,46,15.56,45,13.33,45,,0,28.89,13.33,,23883.45,-1.07,False,True,-2.0,False
2024-11-13,NIFTYNEXT50,46,3,43,0,0,2,0,0,0,0,0,9,-2,4.35,46,11.11,45,4.44,45,,0,26.67,8.89,,23559.05,-1.36,False,False,-8.0,False
2024-11-14,NIFTYNEXT50,46,28,18,0,0,0,0,0,0,0,1,3,0,6.52,46,6.67,45,8.89,45,,0,24.44,6.67,,23532.7,-0.11,False,True,-6.0,False
2024-11-18,NIFTYNEXT50,46,21,25,0,2,1,0,0,0,0,0,8,1,13.04,46,13.33,45,8.89,45,,0,26.67,8.89,,23453.8,-0.34,False,True,-6.0,False
2024-11-19,NIFTYNEXT50,46,28,18,0,2,0,0,0,0,0,1,5,2,19.57,46,21.74,46,8.89,45,,0,26.09,8.89,,23518.5,0.28,False,False,-4.0,False
2024-11-21,NIFTYNEXT50,46,10,36,0,1,6,0,2,0,2,1,9,-5,15.22,46,15.22,46,6.67,45,,0,17.39,8.89,,23349.9,-0.72,False,True,-4.0,False
2024-11-22,NIFTYNEXT50,46,39,7,0,1,2,0,2,0,2,1,4,-1,34.78,46,23.91,46,8.89,45,,0,17.39,8.89,,23907.25,2.39,False,False,-3.0,False
2024-11-25,NIFTYNEXT50,46,34,12,0,9,1,0,2,0,2,0,3,8,69.57,46,56.52,46,22.22,45,,0,15.22,8.89,,24221.9,1.32,False,False,5.0,True
2024-11-26,NIFTYNEXT50,46,26,20,0,0,1,0,2,0,3,0,3,-1,76.09,46,54.35,46,26.67,45,,0,17.39,8.89,,24194.5,-0.11,False,False,3.0,False
2024-11-27,NIFTYNEXT50,46,29,17,0,5,0,0,2,0,2,0,0,5,80.43,46,58.7,46,35.56,45,,0,17.39,11.11,,24274.9,0.33,False,False,6.0,True
2024-11-28,NIFTYNEXT50,46,18,28,0,4,0,0,0,0,1,0,0,4,78.26,46,60.87,46,33.33,45,,0,17.39,13.33,,23914.15,-1.49,False,False,15.0,False
2024-11-29,NIFTYNEXT50,46,31,15,0,2,0,3,0,0,0,0,0,2,91.3,46,67.39,46,33.33,45,,0,34.78,13.33,,24131.1,0.91,False,False,18.0,False
2024-12-02,NIFTYNEXT50,46,28,18,0,0,0,3,0,0,0,2,0,0,93.48,46,65.22,46,40.0,45,,0,36.96,15.56,,24276.05,0.6,False,False,10.0,False
2024-12-03,NIFTYNEXT50,46,36,10,0,3,0,3,0,0,0,1,0,3,95.65,46,86.96,46,46.67,45,,0,45.65,20.0,,24457.15,0.75,False,False,14.0,False
2024-12-04,NIFTYNEXT50,46,30,16,0,1,0,2,0,0,0,2,0,1,93.48,46,86.96,46,46.67,45,,0,58.7,22.22,,24467.45,0.04,False,False,10.0,False
2024-12-05,NIFTYNEXT50,46,25,21,0,0,0,0,0,0,0,1,0,0,93.48,46,89.13,46,57.78,45,,0,76.09,22.22,,24708.4,0.98,False,False,6.0,False
2024-12-06,NIFTYNEXT50,46,30,16,0,2,0,0,0,0,1,1,0,2,89.13,46,95.65,46,60.0,45,,0,78.26,24.44,,24677.8,-0.12,False,False,6.0,False
2024-12-09,NIFTYNEXT50,46,26,20,0,1,1,0,0,0,2,1,1,0,89.13,46,89.13,46,62.22,45,,0,84.78,24.44,,24619.0,-0.24,False,False,6.0,False
2024-12-10,NIFTYNEXT50,46,31,14,1,1,0,0,0,0,1,2,0,1,80.43,46,84.78,46,62.22,45,,0,91.3,24.44,,24610.05,-0.04,False,False,4.0,False
2024-12-11,NIFTYNEXT50,46,24,22,0,1,0,0,0,0,1,1,0,1,82.61,46,84.78,46,68.89,45,,0,95.65,31.11,,24641.8,0.13,False,False,4.0,False
2024-12-12,NIFTYNEXT50,46,18,28,0,1,0,0,0,0,0,3,1,1,71.74,46,84.78,46,66.67,45,,0,95.65,37.78,,24548.7,-0.38,False,False,5.0,False
2024-12-13,NIFTYNEXT50,46,13,33,0,0,0,0,0,0,0,1,1,0,56.52,46,82.61,46,62.22,45,,0,93.48,42.22,,24768.3,0.89,True,False,3.0,False
2024-12-16,NIFTYNEXT50,46,28,18,0,0,0,0,0,1,0,1,0,0,58.7,46,84.78,46,62.22,45,,0,91.3,44.44,,24668.25,-0.4,False,False,3.0,False
2024-12-17,NIFTYNEXT50,46,11,35,0,1,0,0,0,1,0,3,2,1,30.43,46,67.39,46,57.78,45,,0,91.3,46.67,,24336.0,-1.35,False,False,3.0,False
2024-12-18,NIFTYNEXT50,46,10,36,0,0,0,0,0,1,0,1,1,0,19.57,46,47.83,46,48.89,45,,0,91.3,51.11,,24198.85,-0.56,False,False,2.0,False
2024-12-19,NIFTYNEXT50,46,11,35,0,0,1,0,0,0,0,2,2,-1,19.57,46,32.61,46,37.78,45,,0,86.96,51.11,,23951.7,-1.02,False,False,0.0,False
2024-12-20,NIFTYNEXT50,46,1,45,0,0,9,0,0,0,0,0,2,-9,4.35,46,13.04,46,24.44,45,,0,78.26,55.56,,23587.5,-1.52,False,True,-9.0,False
2024-12-23,NIFTYNEXT50,46,28,18,0,0,0,0,0,0,0,0,0,0,6.52,46,15.22,46,28.89,45,,0,63.04,55.56,,23753.45,0.7,False,False,-9.0,False
2024-12-24,NIFTYNEXT50,46,18,28,0,1,0,0,0,0,0,0,1,1,6.52,46,13.04,46,24.44,45,,0,43.48,55.56,,23727.65,-0.11,False,False,-9.0,False
2024-12-26,NIFTYNEXT50,46,31,15,0,1,0,0,0,1,0,0,0,1,13.04,46,13.04,46,26.67,45,,0,30.43,60.0,,23750.2,0.1,False,False,-8.0,False
2024-12-27,NIFTYNEXT50,46,14,32,0,0,1,0,1,0,1,0,2,-1,17.39,46,15.22,46,22.22,45,,0,17.39,62.22,,23813.4,0.27,False,False,-8.0,False
2024-12-30,NIFTYNEXT50,46,18,28,0,3,2,0,1,0,1,2,2,1,28.26,46,19.57,46,22.22,45,,0,15.22,60.0,,23644.9,-0.71,False,False,2.0,False
2024-12-31,NIFTYNEXT50,46,26,20,0,0,1,0,1,0,1,1,0,-1,34.78,46,17.39,46,22.22,45,,0,13.04,62.22,,23644.8,-0.0,False,False,1.0,False
2025-01-01,NIFTYNEXT50,46,24,21,1,0,0,0,1,0,1,2,0,0,43.48,46,19.57,46,28.89,45,,0,13.04,62.22,,23742.9,0.41,False,False,0.0,False
2025-01-02,NIFTYNEXT50,46,39,7,0,2,0,0,1,0,1,2,0,2,69.57,46,30.43,46,39.13,46,,0,10.87,63.04,,24188.65,1.88,False,False,1.0,False
2025-01-03,NIFTYNEXT50,46,23,23,0,1,0,0,0,0,1,0,0,1,69.57,46,41.3,46,43.48,46,,0,13.04,60.87,,24004.75,-0.76,False,False,3.0,False
2025-01-06,NIFTYNEXT50,46,1,45,0,0,13,0,0,0,1,0,3,-13,19.57,46,15.22,46,23.91,46,,0,13.04,50.0,,23616.05,-1.62,False,False,-11.0,False
2025-01-07,NIFTYNEXT50,46,33,13,0,1,0,0,0,0,1,0,1,1,28.26,46,19.57,46,26.09,46,,0,19.57,43.48,,23707.9,0.39,False,False,-9.0,False
2025-01-08,NIFTYNEXT50,46,13,33,0,0,0,0,0,0,1,0,1,0,21.74,46,15.22,46,23.91,46,,0,23.91,34.78,,23688.95,-0.08,False,False,-9.0,False
2025-01-09,NIFTYNEXT50,46,8,38,0,0,0,0,0,0,1,0,4,0,15.22,46,13.04,46,23.91,46,,0,21.74,30.43,,23526.5,-0.69,False,True,-11.0,False
2025-01-10,NIFTYNEXT50,46,3,43,0,0,4,0,0,0,1,0,8,-4,8.7,46,13.04,46,10.87,46,,0,21.74,26.09,,23431.5,-0.4,False,False,-16.0,False
2025-01-13,NIFTYNEXT50,46,0,46,0,0,24,0,0,0,3,0,15,-24,4.35,46,4.35,46,4.35,46,,0,21.74,23.91,,23085.95,-1.47,False,False,-27.0,False
2025-01-14,NIFTYNEXT50,46,40,6,0,14,1,0,0,0,2,0,0,13,19.57,46,13.04,46,10.87,46,,0,19.57,21.74,,23176.05,0.39,False,False,-15.0,True
2025-01-15,NIFTYNEXT50,46,29,17,0,1,1,0,0,0,2,0,0,0,17.39,46,17.39,46,10.87,46,,0,15.22,21.74,,23213.2,0.16,False,False,-15.0,False
2025-01-16,NIFTYNEXT50,46,40,6,0,1,0,0,0,0,1,0,1,1,41.3,46,28.26,46,13.04,46,,0,15.22,19.57,,23311.8,0.42,False,False,-14.0,False
2025-01-17,NIFTYNEXT50,46,30,15,1,2,0,0,0,0,1,0,0,2,54.35,46,30.43,46,15.22,46,,0,15.22,17.39,,23203.2,-0.47,False,False,-8.0,False
2025-01-20,NIFTYNEXT50,46,28,18,0,2,0,2,0,0,1,0,1,2,69.57,46,34.78,46,15.22,46,13.64,44,17.39,15.22,27.27,23344.75,0.61,False,False,18.0,False
2025-01-21,NIFTYNEXT50,46,4,42,0,0,2,0,0,0,1,0,2,-2,52.17,46,21.74,46,13.04,46,13.64,44,10.87,15.22,27.27,23024.65,-1.37,False,True,3.0,False
2025-01-22,NIFTYNEXT50,46,12,34,0,1,1,0,0,0,2,0,1,0,36.96,46,26.09,46,15.22,46,13.64,44,10.87,15.22,25.0,23155.35,0.57,False,False,3.0,False
2025-01-23,NIFTYNEXT50,46,34,12,0,1,0,0,0,0,1,0,0,1,58.7,46,30.43,46,15.22,46,13.64,44,15.22,15.22,25.0,23205.35,0.22,False,False,3.0,False
2025-01-24,NIFTYNEXT50,46,8,38,0,0,0,0,0,0,1,0,3,0,39.13,46,17.39,46,10.87,46,11.36,44,15.22,19.57,25.0,23092.2,-0.49,False,False,1.0,False
2025-01-27,NIFTYNEXT50,46,5,41,0,0,10,0,0,0,0,0,7,-10,8.7,46,10.87,46,8.7,46,11.36,44,19.57,15.22,25.0,22829.15,-1.14,False,True,-11.0,False
2025-01-28,NIFTYNEXT50,46,18,28,0,5,0,0,0,0,0,0,8,5,23.91,46,15.22,46,10.87,46,13.64,44,21.74,15.22,25.0,22957.25,0.56,False,False,-4.0,True
2025-01-29,NIFTYNEXT50,46,38,8,0,4,1,0,0,0,0,0,3,3,30.43,46,26.09,46,17.39,46,15.91,44,26.09,15.22,25.0,23163.1,0.9,False,False,-1.0,False
2025-01-30,NIFTYNEXT50,46,22,24,0,2,1,0,0,0,0,0,3,1,30.43,46,28.26,46,19.57,46,15.91,44,34.78,13.04,25.0,23249.5,0.37,False,False,-1.0,False
2025-01-31,NIFTYNEXT50,46,38,8,0,4,2,0,0,0,0,1,2,2,56.52,46,43.48,46,19.57,46,15.91,44,34.78,10.87,25.0,23508.4,1.11,False,False,1.0,False
2025-02-03,NIFTYNEXT50,46,11,35,0,3,10,0,0,0,0,0,3,-7,43.48,46,30.43,46,13.04,46,18.18,44,28.26,13.04,22.73,23361.05,-0.63,False,False,4.0,False
2025-02-04,NIFTYNEXT50,46,36,10,0,8,0,0,0,0,0,2,0,8,56.52,46,45.65,46,15.22,46,18.18,44,30.43,8.7,20.45,23739.25,1.62,True,False,7.0,True
2025-02-05,NIFTYNEXT50,46,30,16,0,3,0,0,0,0,0,2,1,3,73.91,46,65.22,46,17.39,46,18.18,44,30.43,6.52,20.45,23696.3,-0.18,False,False,7.0,False
2025-02-06,NIFTYNEXT50,46,11,35,0,0,3,0,0,0,0,0,1,-3,60.87,46,56.52,46,19.57,46,18.18,44,32.61,6.52,20.45,23603.35,-0.39,False,False,3.0,False
2025-02-07,NIFTYNEXT50,46,21,25,0,1,1,0,0,0,0,0,3,0,63.04,46,52.17,46,19.57,46,20.45,44,34.78,6.52,15.91,23559.95,-0.18,False,False,1.0,False
2025-02-10,NIFTYNEXT50,46,4,42,0,0,5,0,0,0,0,0,4,-5,34.78,46,26.09,46,13.04,46,15.91,44,34.78,10.87,15.91,23381.6,-0.76,False,False,3.0,False
2025-02-11,NIFTYNEXT50,46,2,44,0,0,5,0,0,0,0,0,6,-5,10.87,46,19.57,46,8.7,46,13.64,44,36.96,10.87,15.91,23071.8,-1.32,False,False,-10.0,False
2025-02-12,NIFTYNEXT50,46,27,19,0,0,1,0,0,0,0,0,2,-1,15.22,46,19.57,46,13.04,46,13.64,44,32.61,10.87,15.91,23045.25,-0.12,False,False,-14.0,False
2025-02-13,NIFTYNEXT50,46,23,23,0,1,0,0,0,0,0,1,5,1,13.04,46,17.39,46,10.87,46,13.64,44,30.43,10.87,15.91,23031.4,-0.06,False,False,-10.0,False
2025-02-14,NIFTYNEXT50,46,6,40,0,0,6,0,0,0,0,1,14,-6,10.87,46,10.87,46,8.7,46,11.36,44,23.91,10.87,13.64,22929.25,-0.44,False,False,-16.0,False
2025-02-17,NIFTYNEXT50,46,20,26,0,1,0,0,0,0,0,0,9,1,13.04,46,15.22,46,13.04,46,11.36,44,21.74,10.87,13.64,22959.5,0.13,False,False,-10.0,False
2025-02-18,NIFTYNEXT50,46,16,30,0,0,1,0,0,0,0,0,11,-1,8.7,46,13.04,46,8.7,46,11.36,44,26.09,13.04,13.64,22945.3,-0.06,False,False,-6.0,False
2025-02-19,NIFTYNEXT50,46,35,11,0,3,0,0,0,0,0,1,4,3,21.74,46,17.39,46,15.22,46,15.91,44,21.74,13.04,13.64,22932.9,-0.05,False,False,-2.0,False
2025-02-20,NIFTYNEXT50,46,39,7,0,4,0,0,0,0,0,0,3,4,60.87,46,34.78,46,15.22,46,13.64,44,21.74,13.04,13.64,22913.15,-0.09,False,False,1.0,False
2025-02-21,NIFTYNEXT50,46,7,39,0,0,0,0,0,0,0,0,4,0,45.65,46,23.91,46,13.04,46,13.64,44,17.39,15.22,13.64,22795.9,-0.51,False,True,7.0,False
2025-02-24,NIFTYNEXT50,46,10,36,0,1,0,0,0,0,0,0,4,1,36.96,46,17.39,46,10.87,46,13.64,44,15.22,15.22,13.64,22553.35,-1.06,False,True,7.0,False
2025-02-25,NIFTYNEXT50,46,11,35,0,1,1,0,0,0,0,0,10,0,26.09,46,15.22,46,10.87,46,11.36,44,15.22,15.22,13.64,22547.55,-0.03,False,True,8.0,False
2025-02-27,NIFTYNEXT50,46,9,37,0,1,2,0,0,0,0,0,14,-1,17.39,46,15.22,46,10.87,46,11.36,44,10.87,13.04,13.64,22545.05,-0.01,False,True,4.0,False
2025-02-28,NIFTYNEXT50,46,2,44,0,0,11,0,0,0,0,0,25,-11,4.35,46,4.35,46,8.7,46,11.36,44,8.7,13.04,13.64,22124.7,-1.86,False,False,-11.0,False
2025-03-03,NIFTYNEXT50,46,34,12,0,5,0,0,0,0,0,0,8,5,8.7,46,6.52,46,6.52,46,11.36,44,8.7,13.04,13.64,22119.3,-0.02,False,False,-6.0,True
2025-03-04,NIFTYNEXT50,46,26,20,0,1,1,0,0,0,0,0,9,0,23.91,46,13.04,46,8.7,46,11.36,44,6.52,10.87,13.64,22082.65,-0.17,False,True,-7.0,False
2025-03-05,NIFTYNEXT50,46,41,5,0,8,0,0,0,0,0,0,0,8,63.04,46,43.48,46,10.87,46,13.64,44,10.87,10.87,13.64,22337.3,1.15,False,False,1.0,True
2025-03-06,NIFTYNEXT50,46,33,13,0,0,0,0,0,0,0,0,0,0,82.61,46,50.0,46,28.26,46,13.64,44,17.39,10.87,13.64,22544.7,0.93,False,False,2.0,False
2025-03-07,NIFTYNEXT50,46,22,24,0,1,0,0,0,0,0,0,1,1,91.3,46,58.7,46,30.43,46,13.64,44,19.57,10.87,13.64,22552.5,0.03,False,False,14.0,False
2025-03-10,NIFTYNEXT50,46,5,41,0,0,1,0,0,0,0,0,1,-1,65.22,46,45.65,46,23.91,46,13.64,44,21.74,13.04,13.64,22460.3,-0.41,False,False,8.0,False
2025-03-11,NIFTYNEXT50,46,29,15,2,2,0,0,0,0,0,0,0,2,80.43,46,54.35,46,30.43,46,13.64,44,23.91,13.04,13.64,22497.9,0.17,False,False,10.0,False
2025-03-12,NIFTYNEXT50,46,24,22,0,0,1,0,0,0,0,0,1,-1,71.74,46,60.87,46,26.09,46,13.64,44,32.61,13.04,11.36,22470.5,-0.12,False,False,1.0,False
2025-03-13,NIFTYNEXT50,46,17,29,0,0,0,0,0,0,0,0,1,0,60.87,46,52.17,46,26.09,46,13.64,44,41.3,15.22,11.36,22397.2,-0.33,False,False,1.0,False
2025-03-17,NIFTYNEXT50,46,32,13,1,1,0,0,0,0,0,0,1,1,60.87,46,63.04,46,36.96,46,13.64,44,50.0,15.22,11.36,22508.75,0.5,False,False,1.0,False
2025-03-18,NIFTYNEXT50,46,43,3,0,9,0,0,0,0,0,1,1,9,95.65,46,82.61,46,47.83,46,15.91,44,60.87,17.39,11.36,22834.3,1.45,False,False,11.0,True
2025-03-19,NIFTYNEXT50,46,42,4,0,7,0,0,0,0,0,1,0,7,93.48,46,93.48,46,63.04,46,20.45,44,76.09,17.39,11.36,22907.6,0.32,False,False,16.0,True
2025-03-20,NIFTYNEXT50,46,31,15,0,0,0,0,0,1,0,1,0,0,97.83,46,97.83,46,67.39,46,20.45,44,82.61,21.74,11.36,23190.65,1.24,False,False,17.0,False
2025-03-21,NIFTYNEXT50,46,31,15,0,1,0,0,0,1,0,1,0,1,100.0,46,97.83,46,67.39,46,22.73,44,86.96,23.91,11.36,23350.4,0.69,False,False,18.0,False
2025-03-24,NIFTYNEXT50,46,37,9,0,5,0,1,0,0,0,1,0,5,100.0,46,100.0,46,82.61,46,22.73,44,91.3,28.26,11.36,23658.35,1.32,False,False,22.0,True
2025-03-25,NIFTYNEXT50,46,8,38,0,0,0,0,0,0,0,1,0,0,93.48,46,100.0,46,71.74,46,22.73,44,95.65,30.43,13.64,23668.65,0.04,True,False,13.0,False
2025-03-26,NIFTYNEXT50,46,19,27,0,1,0,0,0,0,0,1,0,1,84.78,46,97.83,46,78.26,46,22.22,45,97.83,32.61,13.33,23486.85,-0.77,False,False,7.0,False
2025-03-27,NIFTYNEXT50,46,37,9,0,5,0,0,0,2,0,1,0,5,93.48,46,97.83,46,86.96,46,22.22,45,97.83,34.78,13.33,23591.95,0.45,False,False,12.0,True
2025-03-28,NIFTYNEXT50,46,18,28,0,0,0,0,0,3,0,1,0,0,78.26,46,97.83,46,86.96,46,22.22,45,97.83,41.3,13.33,23519.35,-0.31,False,False,11.0,False
2025-04-01,NIFTYNEXT50,46,11,35,0,0,1,0,0,3,0,0,0,-1,52.17,46,84.78,46,76.09,46,24.44,45,100.0,52.17,13.33,23165.7,-1.5,False,False,5.0,False
2025-04-02,NIFTYNEXT50,46,41,5,0,1,0,0,0,4,0,0,0,1,65.22,46,84.78,46,86.96,46,24.44,45,100.0,58.7,13.33,23332.35,0.72,False,False,6.0,False
2025-04-03,NIFTYNEXT50,46,25,20,1,1,0,0,0,4,0,1,0,1,71.74,46,84.78,46,84.78,46,22.22,45,100.0,58.7,13.33,23250.1,-0.35,False,False,6.0,False
2025-04-04,NIFTYNEXT50,46,5,41,0,0,14,0,0,2,0,0,1,-14,30.43,46,63.04,46,65.22,46,20.0,45,95.65,58.7,13.33,22904.45,-1.49,False,False,-13.0,False
2025-04-07,NIFTYNEXT50,46,2,44,0,0,21,0,1,0,1,0,4,-21,10.87,46,30.43,46,47.83,46,13.33,45,89.13,63.04,13.33,22161.6,-3.24,False,True,-34.0,False
2025-04-08,NIFTYNEXT50,46,44,2,0,3,0,0,1,0,1,0,1,3,28.26,46,43.48,46,56.52,46,17.78,45,80.43,63.04,13.33,22535.85,1.69,False,False,-30.0,False
2025-04-09,NIFTYNEXT50,46,14,32,0,0,1,0,1,0,1,0,3,-1,23.91,46,36.96,46,47.83,46,13.33,45,67.39,71.74,13.33,22399.15,-0.61,False,False,-32.0,False
2025-04-11,NIFTYNEXT50,46,42,4,0,3,1,0,1,0,1,0,0,2,36.96,46,41.3,46,56.52,46,15.56,45,60.87,73.91,13.33,22828.55,1.92,False,False,-31.0,False
2025-04-15,NIFTYNEXT50,46,45,1,0,18,0,0,1,0,1,1,0,18,86.96,46,73.91,46,73.91,46,24.44,45,50.0,78.26,13.33,23328.55,2.19,False,False,1.0,True
2025-04-16,NIFTYNEXT50,46,36,10,0,0,1,0,0,0,1,0,1,-1,91.3,46,73.91,46,80.43,46,35.56,45,45.65,84.78,13.33,23437.2,0.47,False,False,21.0,False
2025-04-17,NIFTYNEXT50,46,35,11,0,0,0,0,0,0,1,1,0,0,93.48,46,86.96,46,84.78,46,40.0,45,45.65,86.96,13.33,23851.65,1.77,True,False,18.0,False
2025-04-21,NIFTYNEXT50,46,38,8,0,7,0,0,0,1,1,3,0,7,95.65,46,89.13,46,86.96,46,37.78,45,43.48,86.96,13.33,24125.55,1.15,False,False,26.0,True
2025-04-22,NIFTYNEXT50,46,29,17,0,0,1,0,0,1,1,1,0,-1,97.83,46,91.3,46,91.3,46,44.44,45,45.65,84.78,15.56,24167.25,0.17,False,False,23.0,False
2025-04-23,NIFTYNEXT50,46,35,11,0,1,0,0,0,1,1,1,0,1,97.83,46,91.3,46,91.3,46,44.44,45,52.17,86.96,15.56,24328.95,0.67,False,False,6.0,False
2025-04-24,NIFTYNEXT50,46,17,29,0,1,0,0,0,1,1,1,0,1,95.65,46,91.3,46,91.3,46,42.22,45,67.39,86.96,15.56,24246.7,-0.34,False,False,8.0,False
2025-04-25,NIFTYNEXT50,46,0,46,0,0,6,0,0,0,1,0,0,-6,56.52,46,76.09,46,84.78,46,35.56,45,78.26,82.61,15.56,24039.35,-0.86,False,False,2.0,False
2025-04-28,NIFTYNEXT50,46,39,7,0,3,0,0,0,0,1,0,0,3,76.09,46,80.43,46,86.96,46,37.78,45,89.13,82.61,15.56,24328.5,1.2,False,False,-2.0,False
2025-04-29,NIFTYNEXT50,46,19,27,0,2,0,0,0,0,1,1,0,2,56.52,46,73.91,46,89.13,46,37.78,45,91.3,84.78,17.78,24335.95,0.03,True,False,1.0,False
2025-04-30,NIFTYNEXT50,46,14,32,0,0,0,0,0,0,1,0,0,0,39.13,46,67.39,46,91.3,46,40.0,45,91.3,82.61,17.78,24334.2,-0.01,False,False,0.0,False
2025-05-02,NIFTYNEXT50,46,20,26,0,0,0,0,0,0,1,0,0,0,34.78,46,67.39,46,86.96,46,37.78,45,91.3,82.61,17.78,24346.7,0.05,True,False,-1.0,False
2025-05-05,NIFTYNEXT50,46,40,6,0,4,0,0,0,0,1,0,0,4,58.7,46,80.43,46,91.3,46,40.0,45,91.3,82.61,17.78,24461.15,0.47,False,False,9.0,False
2025-05-06,NIFTYNEXT50,46,6,40,0,0,11,0,0,0,1,0,0,-11,34.78,46,56.52,46,69.57,46,33.33,45,86.96,78.26,17.78,24379.6,-0.33,False,False,-5.0,False
2025-05-07,NIFTYNEXT50,46,34,12,0,1,1,0,0,0,1,0,0,0,32.61,46,52.17,46,73.91,46,35.56,45,84.78,78.26,17.78,24414.4,0.14,False,False,-7.0,False
2025-05-08,NIFTYNEXT50,46,4,42,0,0,4,0,0,0,1,0,0,-4,13.04,46,41.3,46,56.52,46,24.44,45,80.43,80.43,17.78,24273.8,-0.58,False,False,-11.0,False
2025-05-09,NIFTYNEXT50,46,21,25,0,1,2,0,0,0,1,1,0,-1,19.57,46,32.61,46,56.52,46,28.89,45,60.87,82.61,17.78,24008.0,-1.1,False,False,-12.0,False
2025-05-12,NIFTYNEXT50,46,42,4,0,21,0,0,0,2,0,0,0,21,71.74,46,73.91,46,89.13,46,42.22,45,56.52,84.78,17.78,24924.7,3.82,True,False,5.0,True
2025-05-13,NIFTYNEXT50,46,21,25,0,0,0,0,0,1,0,1,0,0,73.91,46,63.04,46,84.78,46,40.0,45,45.65,86.96,17.78,24578.35,-1.39,False,False,16.0,False
2025-05-14,NIFTYNEXT50,46,37,9,0,1,0,0,0,2,0,1,0,1,86.96,46,69.57,46,86.96,46,48.89,45,43.48,89.13,17.78,24666.9,0.36,False,False,17.0,False
2025-05-15,NIFTYNEXT50,46,38,8,0,2,1,0,0,1,0,2,0,1,86.96,46,73.91,46,89.13,46,46.67,45,47.83,89.13,17.78,25062.1,1.6,True,False,22.0,False
2025-05-16,NIFTYNEXT50,46,40,6,0,5,0,1,0,1,0,3,0,5,93.48,46,82.61,46,89.13,46,55.56,45,56.52,89.13,17.78,25019.8,-0.17,False,False,28.0,True
2025-05-19,NIFTYNEXT50,46,29,17,0,2,0,0,0,0,0,3,0,2,95.65,46,89.13,46,89.13,46,57.78,45,58.7,84.78,17.78,24945.45,-0.3,False,False,9.0,False
2025-05-20,NIFTYNEXT50,46,5,41,0,0,1,0,0,0,0,0,0,-1,71.74,46,67.39,46,84.78,46,44.44,45,67.39,84.78,20.0,24683.9,-1.05,False,False,8.0,False
2025-05-21,NIFTYNEXT50,46,41,5,0,2,0,0,0,0,0,1,0,2,89.13,46,84.78,46,89.13,46,53.33,45,67.39,82.61,20.0,24813.45,0.52,False,False,9.0,False
2025-05-22,NIFTYNEXT50,46,21,25,0,1,0,0,0,1,0,1,0,1,73.91,46,76.09,46,84.78,46,46.67,45,73.91,80.43,20.0,24609.7,-0.82,False,False,9.0,False
2025-05-23,NIFTYNEXT50,46,32,13,1,2,0,0,0,1,0,1,0,2,80.43,46,84.78,46,84.78,46,48.89,45,80.43,80.43,20.0,24853.15,0.99,False,False,6.0,False
2025-05-26,NIFTYNEXT50,46,36,10,0,0,0,0,0,1,0,3,0,0,78.26,46,89.13,46,86.96,46,57.78,45,84.78,80.43,22.22,25001.15,0.6,False,False,4.0,False
2025-05-27,NIFTYNEXT50,46,20,25,1,0,0,0,0,1,0,2,0,0,73.91,46,84.78,46,86.96,46,57.78,45,84.78,80.43,22.22,24826.2,-0.7,False,False,5.0,False
2025-05-28,NIFTYNEXT50,46,20,26,0,0,0,0,0,1,0,1,0,0,65.22,46,76.09,46,80.43,46,48.89,45,84.78,80.43,22.22,24752.45,-0.3,False,False,3.0,False
2025-05-29,NIFTYNEXT50,46,25,20,1,1,0,0,0,0,0,1,0,1,65.22,46,78.26,46,82.61,46,55.56,45,86.96,82.61,26.67,24833.6,0.33,False,False,3.0,False
2025-05-30,NIFTYNEXT50,46,15,31,0,2,1,0,0,0,0,0,0,1,43.48,46,73.91,46,80.43,46,55.56,45,82.61,80.43,31.11,24750.7,-0.33,False,False,2.0,False
2025-06-02,NIFTYNEXT50,46,30,16,0,1,0,0,0,0,0,1,0,1,60.87,46,76.09,46,80.43,46,62.22,45,84.78,80.43,31.11,24716.6,-0.14,False,False,3.0,False
2025-06-03,NIFTYNEXT50,46,16,30,0,0,0,0,0,1,0,1,0,0,39.13,46,58.7,46,80.43,46,60.0,45,82.61,80.43,31.11,24542.5,-0.7,False,False,3.0,False
2025-06-04,NIFTYNEXT50,46,31,15,0,0,0,0,0,3,0,1,0,0,47.83,46,67.39,46,76.09,46,57.78,45,84.78,80.43,33.33,24620.2,0.32,False,False,3.0,False
2025-06-05,NIFTYNEXT50,46,30,16,0,1,0,0,0,2,0,2,0,1,50.0,46,65.22,46,78.26,46,57.78,45,82.61,80.43,37.78,24750.9,0.53,False,False,3.0,False
2025-06-06,NIFTYNEXT50,46,36,10,0,5,0,0,0,3,0,4,0,5,65.22,46,78.26,46,86.96,46,60.0,45,73.91,82.61,37.78,25003.05,1.02,False,False,7.0,True
2025-06-09,NIFTYNEXT50,46,38,7,1,2,0,0,0,5,0,4,0,2,86.96,46,84.78,46,86.96,46,73.33,45,69.57,80.43,40.0,25103.2,0.4,True,False,8.0,False
2025-06-10,NIFTYNEXT50,46,21,24,1,1,0,0,0,2,0,2,0,1,86.96,46,82.61,46,86.96,46,75.56,45,67.39,80.43,40.0,25104.25,0.0,True,False,9.0,False
2025-06-11,NIFTYNEXT50,46,16,30,0,1,1,0,0,1,0,0,0,0,78.26,46,76.09,46,84.78,46,71.11,45,63.04,82.61,42.22,25141.4,0.15,True,False,9.0,False
2025-06-12,NIFTYNEXT50,46,6,39,1,0,1,0,0,0,0,1,0,-1,39.13,46,56.52,46,80.43,46,64.44,45,67.39,86.96,42.22,24888.2,-1.01,False,False,7.0,False
2025-06-13,NIFTYNEXT50,46,9,37,0,0,0,0,0,0,0,1,0,0,28.26,46,41.3,46,71.74,46,60.0,45,69.57,84.78,44.44,24718.6,-0.68,False,False,2.0,False
2025-06-16,NIFTYNEXT50,46,33,13,0,0,0,0,0,1,0,2,0,0,34.78,46,45.65,46,73.91,46,66.67,45,71.74,82.61,44.44,24946.5,0.92,False,False,0.0,False
2025-06-17,NIFTYNEXT50,46,14,32,0,1,1,0,0,2,0,2,0,0,21.74,46,39.13,46,69.57,46,62.22,45,67.39,82.61,46.67,24853.4,-0.37,False,False,-1.0,False
2025-06-18,NIFTYNEXT50,46,12,34,0,1,1,0,0,2,0,0,0,0,21.74,46,32.61,46,69.57,46,53.33,45,69.57,82.61,46.67,24812.05,-0.17,False,False,-1.0,False
2025-06-19,NIFTYNEXT50,46,3,43,0,0,1,0,0,1,0,0,0,-1,10.87,46,17.39,46,54.35,46,40.0,45,65.22,78.26,46.67,24793.25,-0.08,False,False,-1.0,False
2025-06-20,NIFTYNEXT50,46,37,9,0,3,0,0,0,0,0,1,0,3,19.57,46,30.43,46,56.52,46,46.67,45,56.52,78.26,46.67,25112.4,1.29,False,False,2.0,False
2025-06-23,NIFTYNEXT50,46,22,24,0,0,0,0,0,0,0,0,0,0,28.26,46,26.09,46,58.7,46,51.11,45,43.48,76.09,46.67,24971.9,-0.56,False,False,2.0,False
2025-06-24,NIFTYNEXT50,46,35,11,0,0,0,0,0,0,0,1,0,0,52.17,46,41.3,46,71.74,46,55.56,45,34.78,76.09,46.67,25044.35,0.29,False,False,2.0,False
2025-06-25,NIFTYNEXT50,46,27,19,0,0,0,0,0,0,0,1,0,0,60.87,46,45.65,46,76.09,46,62.22,45,26.09,73.91,48.89,25244.75,0.8,True,False,2.0,False
2025-06-26,NIFTYNEXT50,46,37,9,0,0,0,0,0,0,0,2,0,0,76.09,46,56.52,46,76.09,46,66.67,45,26.09,71.74,51.11,25549.0,1.21,True,False,3.0,False
2025-06-27,NIFTYNEXT50,46,31,15,0,0,0,0,0,0,0,2,0,0,76.09,46,67.39,46,80.43,46,73.33,45,32.61,73.91,51.11,25637.8,0.35,True,False,0.0,False
2025-06-30,NIFTYNEXT50,46,29,16,1,0,0,0,0,0,0,4,0,0,84.78,46,73.91,46,82.61,46,77.78,45,30.43,78.26,51.11,25517.05,-0.47,False,False,0.0,False
2025-07-01,NIFTYNEXT50,46,24,22,0,0,0,0,0,0,0,2,0,0,84.78,46,71.74,46,82.61,46,73.33,45,34.78,78.26,55.56,25541.8,0.1,False,False,0.0,False
2025-07-02,NIFTYNEXT50,46,21,24,1,0,1,0,0,0,0,3,0,-1,76.09,46,67.39,46,78.26,46,73.33,45,39.13,80.43,55.56,25453.4,-0.35,False,False,-1.0,False
2025-07-03,NIFTYNEXT50,47,13,34,0,1,0,0,0,0,0,1,0,1,65.22,46,65.22,46,78.26,46,71.11,45,47.83,80.43,55.56,25405.3,-0.19,False,False,0.0,False
2025-07-04,NIFTYNEXT50,47,25,22,0,2,0,0,0,0,0,2,0,2,58.7,46,65.22,46,78.26,46,75.56,45,67.39,80.43,55.56,25461.0,0.22,False,False,2.0,False
2025-07-07,NIFTYNEXT50,47,21,26,0,1,0,0,0,0,0,1,0,1,58.7,46,69.57,46,82.61,46,77.78,45,73.91,78.26,64.44,25461.3,0.0,False,False,3.0,False
2025-07-08,NIFTYNEXT50,47,18,29,0,0,0,0,0,0,0,1,0,0,56.52,46,60.87,46,80.43,46,77.78,45,76.09,71.74,64.44,25522.5,0.24,False,False,3.0,False
2025-07-09,NIFTYNEXT50,47,25,22,0,0,0,0,0,0,0,2,0,0,43.48,46,60.87,46,78.26,46,73.33,45,76.09,73.91,66.67,25476.1,-0.18,False,False,4.0,False
2025-07-10,NIFTYNEXT50,47,18,29,0,0,0,0,0,0,0,0,0,0,32.61,46,54.35,46,76.09,46,73.33,45,73.91,71.74,68.89,25355.25,-0.47,False,False,3.0,False
2025-07-11,NIFTYNEXT50,47,12,35,0,0,0,0,0,0,0,0,0,0,21.74,46,47.83,46,52.17,46,64.44,45,76.09,71.74,68.89,25149.85,-0.81,False,False,1.0,False
2025-07-14,NIFTYNEXT50,47,27,20,0,0,0,0,0,0,0,1,0,0,39.13,46,56.52,46,63.04,46,66.67,45,73.91,73.91,68.89,25082.3,-0.27,False,False,0.0,False
2025-07-15,NIFTYNEXT50,47,37,10,0,0,0,0,0,0,0,1,0,0,60.87,46,63.04,46,67.39,46,73.33,45,67.39,69.57,71.11,25195.8,0.45,False,False,0.0,False
2025-07-16,NIFTYNEXT50,47,24,23,0,0,0,0,0,0,0,1,0,0,63.83,47,63.04,46,65.22,46,68.89,45,65.22,67.39,73.33,25212.05,0.06,False,False,0.0,False
2025-07-17,NIFTYNEXT50,47,25,22,0,0,0,0,0,0,0,2,0,0,59.57,47,67.39,46,67.39,46,68.89,45,56.52,63.04,73.33,25111.45,-0.4,False,False,0.0,False
2025-07-18,NIFTYNEXT50,47,10,36,1,0,1,0,1,0,1,2,1,-1,44.68,47,52.17,46,63.04,46,64.44,45,47.83,63.04,73.33,24968.4,-0.57,False,True,-1.0,False
2025-07-21,NIFTYNEXT50,47,30,17,0,0,0,0,1,0,1,3,1,0,46.81,47,54.35,46,63.04,46,68.89,45,50.0,63.04,77.78,25090.7,0.49,False,False,-1.0,False
2025-07-22,NIFTYNEXT50,47,12,35,0,0,0,0,1,0,1,1,1,0,40.43,47,41.3,46,50.0,46,66.67,45,47.83,63.04,77.78,25060.9,-0.12,False,False,-1.0,False
2025-07-23,NIFTYNEXT50,47,28,19,0,0,1,0,1,0,1,2,0,-1,48.94,47,41.3,46,50.0,46,68.89,45,45.65,63.04,77.78,25219.9,0.63,False,False,-2.0,False
2025-07-24,NIFTYNEXT50,47,13,33,1,2,0,0,1,0,1,0,0,2,40.43,47,43.48,46,52.17,46,73.33,45,50.0,63.04,77.78,25062.1,-0.63,False,False,0.0,False
2025-07-25,NIFTYNEXT50,47,3,44,0,0,2,0,0,0,1,1,0,-2,12.77,47,21.74,46,32.61,46,53.33,45,52.17,63.04,77.78,24837.0,-0.9,False,False,-1.0,False
2025-07-28,NIFTYNEXT50,47,16,31,0,0,2,0,0,0,1,1,0,-2,14.89,47,17.39,46,28.26,46,55.56,45,43.48,58.7,77.78,24680.9,-0.63,False,False,-3.0,False
2025-07-29,NIFTYNEXT50,47,38,9,0,3,0,0,0,0,1,3,0,3,23.4,47,23.91,46,34.78,46,55.56,45,39.13,54.35,77.78,24821.1,0.57,False,False,0.0,False
2025-07-30,NIFTYNEXT50,47,20,27,0,2,0,0,0,0,1,2,0,2,29.79,47,25.53,47,41.3,46,60.0,45,29.79,52.17,77.78,24855.05,0.14,False,False,3.0,False
2025-07-31,NIFTYNEXT50,47,13,34,0,0,1,0,0,0,1,1,1,-1,23.4,47,23.4,47,34.78,46,60.0,45,29.79,50.0,77.78,24768.35,-0.35,False,False,0.0,False
2025-08-01,NIFTYNEXT50,47,8,39,0,0,0,0,0,0,1,1,1,0,21.28,47,25.53,47,28.26,46,57.78,45,21.28,50.0,77.78,24565.35,-0.82,False,False,2.0,False
2025-08-04,NIFTYNEXT50,47,36,10,1,1,1,0,0,0,1,2,0,0,38.3,47,31.91,47,32.61,46,57.78,45,23.4,50.0,77.78,24722.75,0.64,False,False,4.0,False
2025-08-05,NIFTYNEXT50,47,17,29,1,0,0,0,0,0,1,0,0,0,38.3,47,29.79,47,28.26,46,62.22,45,21.28,50.0,77.78,24649.55,-0.3,False,False,1.0,False
2025-08-06,NIFTYNEXT50,47,16,30,1,0,3,0,0,0,1,1,1,-3,29.79,47,23.4,47,32.61,46,55.56,45,21.28,45.65,77.78,24574.2,-0.31,False,False,-4.0,False
2025-08-07,NIFTYNEXT50,47,29,17,1,0,0,0,0,0,1,0,1,0,44.68,47,29.79,47,32.61,46,57.78,45,23.4,43.48,77.78,24596.15,0.09,False,False,-3.0,False
2025-08-08,NIFTYNEXT50,47,5,42,0,0,1,0,0,0,1,1,1,-1,10.64,47,14.89,47,26.09,46,53.33,45,21.28,39.13,77.78,24363.3,-0.95,False,False,-4.0,False
2025-08-11,NIFTYNEXT50,47,39,8,0,0,0,0,0,0,1,0,1,0,38.3,47,31.91,47,34.78,46,58.7,46,23.4,36.96,78.26,24585.05,0.91,False,False,-4.0,False
2025-08-12,NIFTYNEXT50,47,22,25,0,0,0,0,0,0,1,0,1,0,42.55,47,27.66,47,30.43,46,54.35,46,23.4,34.78,78.26,24487.4,-0.4,False,False,-4.0,False
2025-08-13,NIFTYNEXT50,47,30,16,1,0,0,0,0,0,1,1,0,0,63.83,47,34.04,47,32.61,46,56.52,46,23.4,34.78,78.26,24619.35,0.54,False,False,-1.0,False
2025-08-14,NIFTYNEXT50,47,20,27,0,1,0,0,0,0,1,1,0,1,51.06,47,36.17,47,36.96,46,58.7,46,21.28,30.43,78.26,24631.3,0.05,False,False,0.0,False
2025-08-18,NIFTYNEXT50,47,33,13,1,6,0,0,0,0,1,5,0,6,76.6,47,51.06,47,39.13,46,60.87,46,34.04,30.43,78.26,24876.95,1.0,False,False,7.0,True
2025-08-19,NIFTYNEXT50,47,38,8,1,2,1,0,0,0,0,3,0,1,87.23,47,65.96,47,45.65,46,65.22,46,34.04,32.61,78.26,24980.65,0.42,False,False,8.0,False
2025-08-20,NIFTYNEXT50,47,21,26,0,1,0,0,0,0,0,1,0,1,87.23,47,70.21,47,43.48,46,69.57,46,36.17,32.61,78.26,25050.55,0.28,False,False,9.0,False
2025-08-21,NIFTYNEXT50,47,18,27,2,0,0,0,0,0,0,3,0,0,80.85,47,70.21,47,45.65,46,65.22,46,42.55,34.78,76.09,25083.75,0.13,True,False,9.0,False
2025-08-22,NIFTYNEXT50,47,14,33,0,0,0,0,0,0,0,3,0,0,59.57,47,55.32,47,36.96,46,63.04,46,48.94,34.78,73.91,24870.1,-0.85,False,False,8.0,False
2025-08-25,NIFTYNEXT50,47,23,24,0,1,0,0,0,0,0,1,0,1,61.7,47,61.7,47,39.13,46,65.22,46,55.32,34.78,73.91,24967.75,0.39,False,False,3.0,False
2025-08-26,NIFTYNEXT50,47,4,43,0,0,1,0,0,0,0,0,0,-1,29.79,47,34.04,47,34.78,46,60.87,46,61.7,34.78,71.74,24712.05,-1.02,False,False,1.0,False
2025-08-28,NIFTYNEXT50,47,2,45,0,0,0,0,0,0,0,0,2,0,17.02,47,23.4,47,34.78,46,58.7,46,61.7,32.61,71.74,24500.9,-0.85,False,False,0.0,False
2025-08-29,NIFTYNEXT50,47,14,33,0,1,0,0,0,0,0,0,1,1,21.28,47,25.53,47,32.61,46,52.17,46,61.7,30.43,71.74,24426.85,-0.3,False,False,1.0,False
2025-09-01,NIFTYNEXT50,47,43,4,0,1,0,0,0,0,0,1,0,1,38.3,47,40.43,47,36.96,46,58.7,46,59.57,30.43,71.74,24625.05,0.81,False,False,2.0,False
2025-09-02,NIFTYNEXT50,47,36,11,0,0,0,0,0,0,0,2,0,0,44.68,47,46.81,47,41.3,46,58.7,46,57.45,32.61,71.74,24579.6,-0.18,False,False,1.0,False
2025-09-03,NIFTYNEXT50,47,37,10,0,1,0,0,0,0,0,2,0,1,74.47,47,53.19,47,41.3,46,63.04,46,55.32,32.61,71.74,24715.05,0.55,False,False,3.0,False
2025-09-04,NIFTYNEXT50,47,12,35,0,0,0,0,0,0,0,4,0,0,48.94,47,44.68,47,41.3,46,58.7,46,46.81,34.78,69.57,24734.3,0.08,False,False,3.0,False
2025-09-05,NIFTYNEXT50,47,24,22,1,0,1,0,0,0,0,4,0,-1,53.19,47,42.55,47,36.96,46,60.87,46,44.68,34.78,69.57,24741.0,0.03,False,False,1.0,False
2025-09-08,NIFTYNEXT50,47,36,11,0,1,0,0,0,0,0,5,0,1,72.34,47,46.81,47,34.78,46,58.7,46,38.3,34.78,69.57,24773.15,0.13,False,False,1.0,False
2025-09-09,NIFTYNEXT50,47,25,22,0,0,0,0,0,0,0,3,0,0,74.47,47,59.57,47,41.3,46,58.7,46,38.3,34.78,69.57,24868.6,0.39,False,False,1.0,False
2025-09-10,NIFTYNEXT50,47,31,15,1,1,0,0,0,0,0,1,0,1,74.47,47,63.83,47,43.48,46,58.7,46,36.17,36.96,67.39,24973.1,0.42,False,False,1.0,False
2025-09-11,NIFTYNEXT50,47,31,16,0,0,0,0,0,0,0,1,0,0,76.6,47,72.34,47,45.65,46,65.22,46,42.55,41.3,67.39,25005.5,0.13,False,False,1.0,False
2025-09-12,NIFTYNEXT50,47,25,22,0,1,0,0,0,0,0,0,0,1,74.47,47,70.21,47,57.45,47,67.39,46,53.19,42.55,67.39,25114.0,0.43,False,False,3.0,False
2025-09-15,NIFTYNEXT50,47,34,13,0,0,0,0,0,0,0,2,0,0,78.72,47,78.72,47,57.45,47,73.91,46,61.7,42.55,67.39,25069.2,-0.18,False,False,2.0,False
2025-09-16,NIFTYNEXT50,47,37,10,0,1,0,0,0,0,0,4,0,1,85.11,47,82.98,47,70.21,47,76.09,46,70.21,42.55,67.39,25239.1,0.68,False,False,3.0,False
2025-09-17,NIFTYNEXT50,47,29,18,0,0,0,0,0,0,0,2,0,0,78.72,47,82.98,47,82.98,47,73.91,46,74.47,40.43,67.39,25330.25,0.36,False,False,2.0,False
2025-09-18,NIFTYNEXT50,47,23,23,1,0,0,0,0,0,0,1,0,0,87.23,47,87.23,47,76.6,47,71.74,46,78.72,42.55,65.22,25423.6,0.37,True,False,2.0,False
2025-09-19,NIFTYNEXT50,47,31,16,0,3,0,0,0,0,0,3,0,3,85.11,47,91.49,47,82.98,47,78.26,46,80.85,42.55,65.22,25327.05,-0.38,False,False,4.0,False
2025-09-22,NIFTYNEXT50,47,13,34,0,2,1,0,1,0,1,2,1,1,70.21,47,80.85,47,80.85,47,71.74,46,78.72,44.68,65.22,25202.35,-0.49,False,False,5.0,False
2025-09-23,NIFTYNEXT50,47,20,27,0,0,2,0,2,0,2,3,2,-2,61.7,47,76.6,47,72.34,47,67.39,46,78.72,44.68,67.39,25169.5,-0.13,False,False,2.0,False
2025-09-24,NIFTYNEXT50,47,10,37,0,0,1,0,2,0,2,2,1,-1,38.3,47,68.09,47,61.7,47,65.22,46,80.85,44.68,67.39,25056.9,-0.45,False,False,1.0,False
2025-09-25,NIFTYNEXT50,47,9,38,0,0,0,0,2,0,2,0,0,0,31.91,47,46.81,47,55.32,47,65.22,46,78.72,53.19,65.22,24890.85,-0.66,False,False,1.0,False
2025-09-26,NIFTYNEXT50,47,3,44,0,0,1,0,2,0,2,0,1,-1,10.64,47,29.79,47,46.81,47,58.7,46,76.6,57.45,67.39,24654.7,-0.95,False,False,-3.0,False
2025-09-29,NIFTYNEXT50,47,39,8,0,1,0,0,1,0,2,0,1,1,17.02,47,38.3,47,48.94,47,60.87,46,74.47,61.7,67.39,24634.9,-0.08,False,False,-3.0,False
2025-09-30,NIFTYNEXT50,47,23,24,0,0,0,0,0,0,2,2,1,0,27.66,47,38.3,47,48.94,47,63.04,46,68.09,65.96,67.39,24611.1,-0.1,False,True,-1.0,False
2025-10-01,NIFTYNEXT50,47,30,17,0,1,0,0,0,0,2,3,0,1,36.17,47,40.43,47,53.19,47,65.22,46,59.57,68.09,65.22,24836.3,0.92,False,False,1.0,False
2025-10-03,NIFTYNEXT50,47,34,13,0,0,0,0,0,0,2,4,0,0,38.3,47,46.81,47,59.57,47,65.22,46,51.06,65.96,65.22,24894.25,0.23,False,False,1.0,False
2025-10-06,NIFTYNEXT50,47,24,22,1,1,0,0,0,0,2,3,0,1,53.19,47,51.06,47,55.32,47,63.04,46,51.06,65.96,65.22,25077.65,0.74,False,False,3.0,False
2025-10-07,NIFTYNEXT50,47,24,23,0,1,0,0,0,0,2,2,0,1,63.83,47,48.94,47,59.57,47,67.39,46,38.3,68.09,65.22,25108.3,0.12,False,False,3.0,False
2025-10-08,NIFTYNEXT50,47,11,36,0,0,0,0,0,0,2,1,1,0,42.55,47,31.91,47,55.32,47,63.04,46,34.04,68.09,67.39,25046.15,-0.25,False,False,3.0,False
2025-10-09,NIFTYNEXT50,47,36,10,1,1,0,0,0,0,2,0,0,1,63.83,47,38.3,47,53.19,47,65.22,46,34.04,68.09,69.57,25181.8,0.54,False,False,3.0,False
2025-10-10,NIFTYNEXT50,47,26,21,0,1,0,0,0,0,2,2,0,1,68.09,47,38.3,47,55.32,47,65.22,46,25.53,70.21,69.57,25285.35,0.41,False,False,4.0,False
2025-10-13,NIFTYNEXT50,48,20,27,1,0,0,0,0,0,2,1,0,0,55.32,47,34.04,47,51.06,47,67.39,46,29.79,68.09,69.57,25227.35,-0.23,False,False,3.0,False
2025-10-14,NIFTYNEXT50,48,14,33,1,0,0,0,0,0,2,0,0,0,40.43,47,27.66,47,42.55,47,65.22,46,31.91,68.09,69.57,25145.5,-0.32,False,False,2.0,False
2025-10-15,NIFTYNEXT50,48,45,3,0,0,0,0,0,0,2,4,0,0,61.7,47,44.68,47,59.57,47,67.39,46,34.04,68.09,69.57,25323.55,0.71,False,False,2.0,False
2025-10-16,NIFTYNEXT50,48,31,17,0,0,0,0,0,0,2,1,0,0,72.34,47,61.7,47,63.83,47,69.57,46,38.3,70.21,69.57,25585.3,1.03,True,False,1.0,False
2025-10-17,NIFTYNEXT50,48,17,31,0,1,0,0,0,0,2,2,0,1,55.32,47,59.57,47,55.32,47,67.39,46,40.43,68.09,69.57,25709.85,0.49,True,False,1.0,False
2025-10-20,NIFTYNEXT50,48,26,22,0,0,0,0,0,0,2,3,0,0,65.96,47,65.96,47,59.57,47,65.22,46,48.94,61.7,69.57,25843.15,0.52,True,False,1.0,False
2025-10-21,NIFTYNEXT50,48,25,23,0,0,0,0,0,0,2,1,0,0,74.47,47,70.21,47,61.7,47,67.39,46,57.45,59.57,69.57,25868.6,0.1,True,False,1.0,False
2025-10-23,NIFTYNEXT50,48,16,32,0,0,0,0,0,0,1,1,0,0,57.45,47,63.83,47,61.7,47,69.57,46,65.96,55.32,69.57,25891.4,0.09,True,False,1.0,False
2025-10-24,NIFTYNEXT50,48,12,35,1,0,0,0,0,0,0,2,0,0,48.94,47,59.57,47,55.32,47,69.57,46,72.34,55.32,69.57,25795.15,-0.37,False,False,1.0,False
2025-10-27,NIFTYNEXT50,48,32,16,0,0,0,0,0,0,0,6,0,0,64.58,48,63.83,47,57.45,47,69.57,46,68.09,55.32,69.57,25966.05,0.66,True,False,0.0,False
2025-10-28,NIFTYNEXT50,48,10,38,0,0,0,0,0,0,0,3,0,0,39.58,48,53.19,47,44.68,47,67.39,46,68.09,57.45,71.74,25936.2,-0.11,False,False,0.0,False
2025-10-29,NIFTYNEXT50,48,32,16,0,5,1,0,0,0,0,3,0,4,64.58,48,70.21,47,63.83,47,69.57,46,68.09,57.45,71.74,26053.9,0.45,False,False,4.0,True
2025-10-30,NIFTYNEXT50,48,17,31,0,0,0,0,0,0,0,4,0,0,54.17,48,63.83,47,55.32,47,65.22,46,68.09,55.32,71.74,25877.85,-0.68,False,False,4.0,False
2025-10-31,NIFTYNEXT50,48,17,31,0,1,0,0,0,0,0,4,1,1,45.83,48,46.81,47,55.32,47,67.39,46,63.83,57.45,71.74,25722.1,-0.6,False,False,5.0,False
2025-11-03,NIFTYNEXT50,48,40,8,0,2,0,0,0,0,0,6,0,2,66.67,48,65.96,47,65.96,47,67.39,46,63.83,57.45,71.74,25763.35,0.16,False,False,7.0,False
2025-11-04,NIFTYNEXT50,48,14,33,1,0,0,0,0,0,0,5,0,0,54.17,48,57.45,47,51.06,47,67.39,46,63.83,53.19,67.39,25597.65,-0.64,False,False,7.0,False
2025-11-06,NIFTYNEXT50,48,5,43,0,1,1,0,0,0,0,0,2,0,37.5,48,44.68,47,51.06,47,65.22,46,57.45,48.94,65.22,25509.7,-0.34,False,False,3.0,False
2025-11-07,NIFTYNEXT50,48,28,20,0,0,2,0,0,0,0,2,1,-2,27.08,48,44.68,47,48.94,47,63.04,46,57.45,51.06,65.22,25492.3,-0.07,False,False,1.0,False
2025-11-10,NIFTYNEXT50,48,30,18,0,1,0,0,0,0,0,4,0,1,45.83,48,46.81,47,48.94,47,63.04,46,53.19,51.06,65.22,25574.35,0.32,False,False,1.0,False
2025-11-11,NIFTYNEXT50,48,26,22,0,0,0,0,0,0,0,7,0,0,54.17,48,43.75,48,51.06,47,63.04,46,47.92,51.06,65.22,25694.95,0.47,False,False,-1.0,False
2025-11-12,NIFTYNEXT50,48,25,23,0,0,0,0,0,0,0,7,1,0,58.33,48,45.83,48,48.94,47,65.22,46,50.0,53.19,65.22,25875.8,0.7,False,False,-1.0,False
2025-11-13,NIFTYNEXT50,48,22,26,0,0,0,0,0,0,0,7,1,0,47.92,48,47.92,48,46.81,47,63.04,46,45.83,53.19,65.22,25879.15,0.01,False,False,-1.0,False
2025-11-14,NIFTYNEXT50,48,25,23,0,2,0,0,0,0,0,4,0,2,54.17,48,54.17,48,44.68,47,63.04,46,47.92,53.19,65.22,25910.05,0.12,False,False,3.0,False
2025-11-17,NIFTYNEXT50,48,36,12,0,1,0,0,0,0,0,3,0,1,66.67,48,54.17,48,51.06,47,65.22,46,45.83,53.19,65.22,26013.45,0.4,False,False,3.0,False
2025-11-18,NIFTYNEXT50,48,10,38,0,0,0,0,0,0,0,2,0,0,50.0,48,45.83,48,48.94,47,63.04,46,47.92,51.06,67.39,25910.05,-0.4,False,False,3.0,False
2025-11-19,NIFTYNEXT50,48,23,25,0,0,0,0,0,0,0,3,0,0,39.58,48,45.83,48,46.81,47,60.87,46,47.92,48.94,67.39,26052.65,0.55,False,False,3.0,False
2025-11-20,NIFTYNEXT50,48,19,29,0,0,0,0,0,0,0,0,0,0,35.42,48,43.75,48,46.81,47,63.04,46,47.92,48.94,67.39,26192.15,0.54,True,False,3.0,False
2025-11-21,NIFTYNEXT50,48,1,46,1,0,0,0,0,0,0,0,0,0,16.67,48,31.25,48,38.3,47,58.7,46,50.0,48.94,67.39,26068.15,-0.47,False,False,1.0,False
2025-11-24,NIFTYNEXT50,48,8,40,0,0,1,0,0,0,0,0,1,-1,12.5,48,14.58,48,34.04,47,52.17,46,50.0,46.81,67.39,25959.5,-0.42,False,False,-1.0,False
2025-11-25,NIFTYNEXT50,48,31,17,0,0,0,0,0,0,0,0,1,0,25.0,48,25.0,48,36.17,47,52.17,46,39.58,46.81,67.39,25884.8,-0.29,False,False,-1.0,False
2025-11-26,NIFTYNEXT50,49,47,2,0,1,1,0,1,0,1,1,1,0,52.08,48,45.83,48,44.68,47,54.35,46,37.5,46.81,65.22,26205.3,1.24,True,False,-1.0,False
2025-11-27,NIFTYNEXT50,49,17,32,0,1,1,0,1,0,1,3,1,0,50.0,48,41.67,48,44.68,47,52.17,46,33.33,42.55,65.22,26215.55,0.04,True,False,-1.0,False
2025-11-28,NIFTYNEXT50,49,24,25,0,0,1,0,1,0,1,1,1,-1,52.08,48,41.67,48,42.55,47,50.0,46,35.42,42.55,65.22,26202.95,-0.05,False,False,-2.0,False
2025-12-01,NIFTYNEXT50,49,21,28,0,0,0,0,1,0,1,6,2,0,47.92,48,39.58,48,46.81,47,50.0,46,29.17,42.55,65.22,26175.75,-0.1,False,False,-1.0,False
2025-12-02,NIFTYNEXT50,49,17,32,0,0,0,0,1,0,1,5,2,0,45.83,48,37.5,48,44.68,47,50.0,46,27.08,42.55,65.22,26032.2,-0.55,False,False,-1.0,False
2025-12-03,NIFTYNEXT50,49,9,40,0,0,1,0,0,0,1,0,3,-1,29.17,48,25.0,48,40.43,47,45.65,46,27.08,42.55,63.04,25986.0,-0.18,False,False,-2.0,False
2025-12-04,NIFTYNEXT50,49,32,17,0,0,0,0,0,0,1,0,3,0,31.25,48,35.42,48,42.55,47,45.65,46,27.08,42.55,60.87,26033.75,0.18,False,False,-2.0,False
2025-12-05,NIFTYNEXT50,49,32,17,0,0,0,0,0,0,1,0,1,0,43.75,48,41.67,48,46.81,47,45.65,46,33.33,44.68,60.87,26186.45,0.59,False,False,-1.0,False
2025-12-08,NIFTYNEXT50,49,2,47,0,0,4,0,0,0,1,0,4,-4,14.58,48,14.58,48,36.17,47,45.65,46,39.58,42.55,58.7,25960.55,-0.86,False,False,-5.0,False
2025-12-09,NIFTYNEXT50,49,43,6,0,0,0,0,0,0,1,0,2,0,22.45,49,29.17,48,34.04,47,45.65,46,35.42,40.43,56.52,25839.65,-0.47,False,False,-5.0,False
2025-12-10,NIFTYNEXT50,49,24,25,0,1,0,0,0,0,1,0,1,1,20.41,49,25.0,48,38.3,47,45.65,46,33.33,40.43,56.52,25758.0,-0.32,False,True,-3.0,False
2025-12-11,NIFTYNEXT50,49,37,12,0,0,0,0,0,0,1,0,1,0,38.78,49,33.33,48,40.43,47,45.65,46,33.33,40.43,54.35,25898.55,0.55,False,False,-3.0,False
2025-12-12,NIFTYNEXT50,49,35,14,0,1,0,0,0,0,1,4,1,1,65.31,49,47.92,48,42.55,47,45.65,46,35.42,42.55,52.17,26046.95,0.57,False,False,-2.0,False
2025-12-15,NIFTYNEXT50,49,24,25,0,0,0,0,0,0,1,3,2,0,61.22,49,50.0,48,42.55,47,45.65,46,31.25,44.68,52.17,26027.3,-0.08,False,False,2.0,False
2025-12-16,NIFTYNEXT50,49,13,36,0,0,0,0,0,0,1,2,2,0,44.9,49,43.75,48,40.43,47,45.65,46,31.25,44.68,52.17,25860.1,-0.64,False,False,2.0,False
2025-12-17,NIFTYNEXT50,49,17,32,0,0,0,0,0,0,1,2,4,0,42.86,49,33.33,48,38.3,47,45.65,46,33.33,44.68,52.17,25818.55,-0.16,False,False,1.0,False
2025-12-18,NIFTYNEXT50,49,17,32,0,1,1,0,0,0,1,2,3,0,24.49,49,27.08,48,31.91,47,43.48,46,35.42,44.68,52.17,25815.55,-0.01,False,False,1.0,False
2025-12-19,NIFTYNEXT50,49,38,11,0,0,0,0,0,0,1,1,1,0,57.14,49,37.5,48,36.17,47,43.48,46,33.33,44.68,52.17,25966.4,0.58,False,False,0.0,False
2025-12-22,NIFTYNEXT50,49,39,10,0,3,1,0,0,1,1,3,1,2,73.47,49,52.08,48,44.68,47,47.83,46,31.25,46.81,52.17,26172.4,0.79,False,False,2.0,False
2025-12-23,NIFTYNEXT50,49,28,21,0,2,0,0,0,1,1,2,1,2,77.55,49,63.27,49,43.75,48,47.83,46,40.82,45.83,54.35,26177.15,0.02,False,False,4.0,False
2025-12-24,NIFTYNEXT50,49,17,32,0,0,1,0,0,1,1,3,1,-1,65.31,49,55.1,49,43.75,48,47.83,46,46.94,45.83,54.35,26142.1,-0.13,False,False,3.0,False
2025-12-26,NIFTYNEXT50,49,23,26,0,1,0,1,0,2,0,2,0,1,53.06,49,55.1,49,41.67,48,50.0,46,44.9,41.67,52.17,26042.3,-0.38,False,False,4.0,False
2025-12-29,NIFTYNEXT50,49,16,32,1,0,1,0,0,1,0,0,1,-1,51.02,49,51.02,49,39.58,48,47.83,46,51.02,41.67,50.0,25942.1,-0.38,False,False,3.0,False
2025-12-30,NIFTYNEXT50,49,20,29,0,0,0,0,0,1,0,2,1,0,46.94,49,51.02,49,39.58,48,47.83,46,53.06,41.67,47.83,25938.85,-0.01,False,False,1.0,False
2025-12-31,NIFTYNEXT50,49,44,5,0,0,0,0,0,0,0,5,1,0,77.55,49,67.35,49,52.08,48,50.0,46,55.1,39.58,47.83,26129.6,0.74,False,False,-1.0,False
2026-01-01,NIFTYNEXT50,49,29,20,0,1,0,0,0,0,0,4,1,1,77.55,49,73.47,49,52.08,48,50.0,46,63.27,39.58,47.83,26146.55,0.06,False,False,1.0,False
2026-01-02,NIFTYNEXT50,49,40,9,0,2,0,0,0,0,0,9,0,2,79.59,49,81.63,49,62.5,48,56.52,46,71.43,39.58,47.83,26328.55,0.7,False,False,2.0,False
2026-01-05,NIFTYNEXT50,49,22,27,0,0,0,0,0,1,0,4,0,0,79.59,49,81.63,49,62.5,48,54.35,46,79.59,39.58,47.83,26250.3,-0.3,False,False,3.0,False
2026-01-06,NIFTYNEXT50,49,26,22,1,1,1,0,0,1,0,8,0,0,79.59,49,81.63,49,56.25,48,50.0,46,77.55,39.58,47.83,26178.7,-0.27,False,False,3.0,False
2026-01-07,NIFTYNEXT50,49,24,24,1,1,0,0,0,1,0,6,0,1,75.51,49,75.51,49,62.5,48,50.0,46,77.55,41.67,47.83,26140.75,-0.14,False,False,4.0,False
2026-01-08,NIFTYNEXT50,49,2,47,0,0,3,0,0,0,0,0,1,-3,40.82,49,53.06,49,50.0,48,45.65,46,77.55,45.83,47.83,25876.85,-1.01,False,False,0.0,False
2026-01-09,NIFTYNEXT50,49,15,34,0,0,2,0,0,0,0,0,2,-2,24.49,49,42.86,49,45.83,48,45.65,46,69.39,45.83,45.65,25683.3,-0.75,False,True,-4.0,False
2026-01-12,NIFTYNEXT50,49,26,23,0,0,0,0,0,0,0,1,3,0,28.57,49,46.94,49,45.83,48,45.65,46,65.31,50.0,45.65,25790.25,0.42,False,False,-4.0,False
2026-01-13,NIFTYNEXT50,49,15,34,0,0,0,0,0,0,0,2,2,0,24.49,49,42.86,49,37.5,48,45.65,46,63.27,45.83,45.65,25732.3,-0.22,False,False,-4.0,False
2026-01-14,NIFTYNEXT50,49,29,20,0,2,0,0,0,0,0,4,1,2,34.69,49,44.9,49,41.67,48,45.65,46,57.14,47.92,45.65,25665.6,-0.26,False,True,-3.0,False
2026-01-16,NIFTYNEXT50,49,23,26,0,0,0,0,0,0,0,4,3,0,36.73,49,40.82,49,41.67,48,43.48,46,57.14,50.0,45.65,25694.35,0.11,False,False,0.0,False
2026-01-19,NIFTYNEXT50,49,17,32,0,1,0,0,0,0,0,1,5,1,36.73,49,40.82,49,43.75,48,43.48,46,53.06,52.08,45.65,25585.5,-0.42,False,True,3.0,False
2026-01-20,NIFTYNEXT50,49,2,47,0,0,3,0,0,0,0,1,7,-3,14.29,49,28.57,49,31.25,48,39.13,46,51.02,47.92,43.48,25232.5,-1.38,False,False,0.0,False
2026-01-21,NIFTYNEXT50,49,21,28,0,0,0,0,0,0,0,1,4,0,14.29,49,18.37,49,27.08,48,36.96,46,42.86,50.0,43.48,25157.5,-0.3,False,False,0.0,False
2026-01-22,NIFTYNEXT50,49,40,9,0,0,1,0,0,0,0,0,2,-1,32.65,49,26.53,49,33.33,48,41.3,46,32.65,50.0,43.48,25289.9,0.53,False,False,-3.0,False
2026-01-23,NIFTYNEXT50,49,3,46,0,1,8,0,0,0,0,2,7,-7,14.29,49,12.24,49,25.0,48,36.96,46,28.57,50.0,43.48,25048.65,-0.95,False,False,-10.0,False
2026-01-27,NIFTYNEXT50,49,36,13,0,2,1,0,0,0,0,2,1,1,20.41,49,20.41,49,27.08,48,32.61,46,28.57,47.92,43.48,25175.4,0.51,False,False,-10.0,False
2026-01-28,NIFTYNEXT50,49,41,8,0,12,0,0,0,0,0,4,0,12,59.18,49,38.78,49,35.42,48,32.61,46,28.57,47.92,41.3,25342.75,0.66,False,False,5.0,True
2026-01-29,NIFTYNEXT50,49,27,22,0,3,2,0,0,1,0,3,0,1,63.27,49,36.73,49,37.5,48,36.96,46,26.53,52.08,41.3,25418.9,0.3,False,False,6.0,False
2026-01-30,NIFTYNEXT50,49,25,24,0,0,4,0,0,0,0,0,0,-4,59.18,49,34.69,49,41.67,48,36.96,46,22.45,47.92,39.13,25320.65,-0.39,False,False,3.0,False
2026-02-02,NIFTYNEXT50,49,39,10,0,5,0,0,0,0,0,1,1,5,71.43,49,57.14,49,47.92,48,43.48,46,20.41,43.75,39.13,25088.4,-0.92,False,False,15.0,True
2026-02-03,NIFTYNEXT50,49,46,3,0,10,0,5,0,0,0,2,0,10,93.88,49,87.76,49,70.83,48,47.83,46,20.41,43.75,39.13,25727.55,2.55,False,False,24.0,True
2026-02-04,NIFTYNEXT50,49,37,12,0,2,1,2,0,0,0,5,0,1,89.8,49,89.8,49,83.33,48,50.0,46,36.73,41.67,39.13,25776.0,0.19,False,False,13.0,False
2026-02-05,NIFTYNEXT50,49,21,28,0,1,3,0,0,0,0,4,0,-2,81.63,49,81.63,49,79.17,48,50.0,46,53.06,41.67,39.13,25642.8,-0.52,False,False,10.0,False
2026-02-06,NIFTYNEXT50,49,30,19,0,1,0,2,0,0,0,4,0,1,83.67,49,87.76,49,81.63,49,45.65,46,69.39,40.82,41.3,25693.7,0.2,False,False,15.0,False
2026-02-09,NIFTYNEXT50,49,38,11,0,2,0,0,0,0,0,8,0,2,91.84,49,83.67,49,83.67,49,47.83,46,81.63,44.9,41.3,25867.3,0.68,False,False,12.0,False
2026-02-10,NIFTYNEXT50,49,25,24,0,1,0,0,0,0,0,3,0,1,87.76,49,87.76,49,85.71,49,47.83,46,81.63,44.9,41.3,25935.15,0.26,False,False,3.0,False
2026-02-11,NIFTYNEXT50,49,35,14,0,0,0,0,0,0,0,7,0,0,89.8,49,87.76,49,89.8,49,52.17,46,85.71,46.94,41.3,25953.85,0.07,False,False,2.0,False
2026-02-12,NIFTYNEXT50,49,21,28,0,0,0,0,0,0,0,4,0,0,77.55,49,85.71,49,85.71,49,52.17,46,87.76,53.06,41.3,25807.2,-0.57,False,False,4.0,False
2026-02-13,NIFTYNEXT50,49,4,45,0,0,5,0,0,0,0,0,0,-5,48.98,49,67.35,49,71.43,49,47.83,46,89.8,55.1,41.3,25471.1,-1.3,False,False,-2.0,False
2026-02-16,NIFTYNEXT50,49,39,10,0,2,0,0,0,0,0,5,0,2,55.1,49,79.59,49,81.63,49,50.0,46,87.76,55.1,41.3,25682.75,0.83,False,False,-2.0,False
2026-02-17,NIFTYNEXT50,49,33,16,0,0,0,0,0,0,0,6,0,0,67.35,49,81.63,49,81.63,49,52.17,46,87.76,55.1,41.3,25725.4,0.17,False,False,-3.0,False
2026-02-18,NIFTYNEXT50,49,42,7,0,0,0,0,0,0,0,7,0,0,71.43,49,87.76,49,81.63,49,56.52,46,87.76,59.18,41.3,25819.35,0.37,False,False,-3.0,False
2026-02-19,NIFTYNEXT50,49,2,47,0,0,0,0,0,1,0,0,0,0,32.65,49,63.27,49,73.47,49,47.83,46,85.71,67.35,41.3,25454.35,-1.41,False,False,-3.0,False
2026-02-20,NIFTYNEXT50,49,31,16,2,2,0,0,0,1,0,5,0,2,38.78,49,67.35,49,79.59,49,54.35,46,87.76,73.47,41.3,25571.25,0.46,False,False,4.0,False
2026-02-23,NIFTYNEXT50,49,38,11,0,0,0,0,0,2,0,6,0,0,46.94,49,71.43,49,77.55,49,56.52,46,81.63,81.63,45.65,25713.0,0.55,False,False,2.0,False
2026-02-24,NIFTYNEXT50,49,30,19,0,0,1,0,0,6,0,9,0,-1,55.1,49,65.31,49,73.47,49,54.35,46,77.55,81.63,43.48,25424.65,-1.12,False,False,1.0,False
2026-02-25,NIFTYNEXT50,49,31,17,1,1,1,0,0,6,0,8,1,0,63.27,49,77.55,49,75.51,49,58.7,46,73.47,81.63,41.3,25482.5,0.23,False,False,1.0,False
2026-02-26,NIFTYNEXT50,49,26,23,0,0,0,0,0,1,0,7,1,0,65.31,49,69.39,49,73.47,49,58.7,46,69.39,79.59,41.3,25496.55,0.06,False,False,1.0,False
2026-02-27,NIFTYNEXT50,50,6,44,0,0,0,0,0,0,0,2,0,0,51.02,49,57.14,49,69.39,49,56.52,46,67.35,79.59,43.48,25178.65,-1.25,False,False,-1.0,False
2026-03-02,NIFTYNEXT50,50,8,42,0,0,3,0,0,0,0,0,1,-3,28.57,49,34.69,49,61.22,49,50.0,46,61.22,77.55,41.3,24865.7,-1.24,False,False,-4.0,False
2026-03-04,NIFTYNEXT50,50,1,49,0,0,13,0,0,0,0,0,4,-13,6.12,49,12.24,49,38.78,49,43.48,46,53.06,77.55,41.3,24480.5,-1.55,False,False,-16.0,False
2026-03-05,NIFTYNEXT50,50,43,7,0,3,0,0,0,0,0,0,1,3,16.33,49,26.53,49,51.02,49,47.83,46,46.94,73.47,41.3,24765.9,1.17,False,False,-13.0,False
2026-03-06,NIFTYNEXT50,50,16,34,0,2,0,0,0,0,0,0,2,2,20.41,49,24.49,49,48.98,49,50.0,46,42.86,71.43,41.3,24450.45,-1.27,False,True,-11.0,False
2026-03-09,NIFTYNEXT50,50,6,44,0,0,10,0,0,0,0,0,8,-10,10.2,49,20.41,49,36.73,49,39.13,46,32.65,73.47,41.3,24028.05,-1.73,False,False,-21.0,False
2026-03-10,NIFTYNEXT50,50,44,6,0,6,0,0,0,0,0,2,0,6,30.61,49,32.65,49,46.94,49,50.0,46,28.57,73.47,43.48,24261.6,0.97,False,False,-12.0,True
2026-03-11,NIFTYNEXT50,50,4,46,0,0,1,0,0,0,0,2,2,-1,24.49,49,24.49,49,38.78,49,47.83,46,26.53,73.47,43.48,23866.85,-1.63,False,True,0.0,False
2026-03-12,NIFTYNEXT50,50,25,25,0,2,2,0,0,0,0,3,6,0,32.65,49,32.65,49,38.78,49,47.83,46,24.49,65.31,41.3,23639.15,-0.95,False,True,-3.0,False
2026-03-13,NIFTYNEXT50,50,3,47,0,0,10,0,0,0,0,0,10,-10,12.0,50,10.2,49,30.61,49,41.3,46,26.53,61.22,41.3,23151.1,-2.06,False,False,-15.0,False
2026-03-16,NIFTYNEXT50,50,22,27,1,1,2,0,0,0,0,0,6,-1,10.0,50,8.16,49,32.65,49,36.96,46,18.37,59.18,41.3,23408.8,1.11,False,False,-6.0,False
2026-03-17,NIFTYNEXT50,50,40,9,1,0,0,0,0,0,0,0,1,0,16.0,50,14.29,49,30.61,49,39.13,46,18.37,59.18,41.3,23581.15,0.74,False,False,-12.0,False
2026-03-18,NIFTYNEXT50,50,40,10,0,2,0,0,0,0,0,1,0,2,34.0,50,16.33,49,32.65,49,41.3,46,18.37,55.1,43.48,23777.8,0.83,False,False,-9.0,False
2026-03-19,NIFTYNEXT50,50,0,50,0,0,15,0,0,0,1,0,6,-15,10.0,50,12.24,49,22.45,49,32.61,46,14.29,51.02,43.48,23002.15,-3.26,False,False,-24.0,False
2026-03-20,NIFTYNEXT50,50,32,18,0,1,0,0,0,0,1,1,6,1,18.0,50,10.2,49,24.49,49,32.61,46,14.29,48.98,43.48,23114.5,0.49,False,False,-13.0,False
2026-03-23,NIFTYNEXT50,50,0,50,0,0,29,0,0,0,2,0,12,-29,0.0,50,4.08,49,12.24,49,30.43,46,12.24,44.9,43.48,22512.65,-2.6,False,False,-41.0,False
2026-03-24,NIFTYNEXT50,50,46,4,0,6,0,0,0,0,1,0,1,6,8.0,50,6.12,49,16.33,49,30.43,46,8.16,40.82,43.48,22912.4,1.78,False,False,-35.0,True
2026-03-25,NIFTYNEXT50,50,47,3,0,3,0,0,0,0,1,0,0,3,36.0,50,14.29,49,24.49,49,32.61,46,12.24,36.73,43.48,23306.45,1.72,False,False,-34.0,False
2026-03-27,NIFTYNEXT50,50,1,49,0,0,9,0,0,0,1,0,4,-9,16.0,50,6.12,49,12.24,49,28.26,46,6.12,34.69,43.48,22819.6,-2.09,False,False,-28.0,False
2026-03-30,NIFTYNEXT50,50,3,47,0,0,14,0,0,0,3,0,13,-14,2.0,50,4.0,50,12.24,49,23.91,46,6.0,34.69,43.48,22331.4,-2.14,False,False,-43.0,False
2026-04-01,NIFTYNEXT50,50,46,4,0,15,0,0,0,0,3,0,0,15,20.0,50,4.0,50,12.24,49,30.43,46,6.0,30.61,43.48,22679.4,1.56,False,False,1.0,True
2026-04-02,NIFTYNEXT50,50,25,25,0,2,0,0,0,0,3,0,1,2,30.0,50,14.0,50,16.33,49,30.43,46,6.0,26.53,43.48,22713.1,0.15,False,False,-3.0,False
2026-04-06,NIFTYNEXT50,50,43,7,0,5,0,0,0,0,3,0,0,5,58.0,50,24.0,50,20.41,49,32.61,46,4.0,28.57,43.48,22968.25,1.12,False,False,-1.0,True
2026-04-07,NIFTYNEXT50,50,35,15,0,0,0,0,0,0,0,0,0,0,66.0,50,28.0,50,24.49,49,34.78,46,4.0,24.49,43.48,23123.65,0.68,False,False,8.0,False
2026-04-08,NIFTYNEXT50,50,48,2,0,32,0,2,0,0,0,2,0,32,92.0,50,84.0,50,36.73,49,41.3,46,8.0,22.45,43.48,23997.35,3.78,False,False,54.0,True
2026-04-09,NIFTYNEXT50,50,22,28,0,0,0,2,0,0,0,3,0,0,92.0,50,88.0,50,44.9,49,45.65,46,18.0,20.41,45.65,23775.1,-0.93,False,False,39.0,False
2026-04-10,NIFTYNEXT50,50,48,2,0,7,0,2,0,2,0,4,0,7,100.0,50,90.0,50,48.98,49,47.83,46,32.0,20.41,45.65,24050.6,1.16,False,False,44.0,True
2026-04-13,NIFTYNEXT50,50,12,38,0,0,1,0,0,2,0,3,0,-1,96.0,50,88.0,50,44.9,49,45.65,46,42.0,18.37,43.48,23842.65,-0.86,False,False,38.0,False
2026-04-15,NIFTYNEXT50,50,48,2,0,5,0,0,0,2,0,6,0,5,100.0,50,94.0,50,61.22,49,47.83,46,66.0,16.33,43.48,24231.3,1.63,False,False,43.0,True
2026-04-16,NIFTYNEXT50,50,36,14,0,2,0,0,0,2,0,6,0,2,100.0,50,94.0,50,67.35,49,54.35,46,82.0,18.37,43.48,24196.75,-0.14,False,False,13.0,False
2026-04-17,NIFTYNEXT50,50,43,7,0,5,0,0,0,3,0,9,0,5,100.0,50,100.0,50,69.39,49,60.87,46,88.0,20.41,43.48,24353.55,0.65,False,False,18.0,True
2026-04-20,NIFTYNEXT50,50,25,25,0,0,0,0,0,3,0,8,0,0,100.0,50,100.0,50,71.43,49,56.52,46,94.0,22.45,45.65,24364.85,0.05,False,False,11.0,False
2026-04-21,NIFTYNEXT50,50,38,12,0,1,0,0,0,3,0,5,0,1,100.0,50,98.0,50,79.59,49,63.04,46,96.0,24.49,47.83,24576.6,0.87,False,False,13.0,False
2026-04-22,NIFTYNEXT50,50,31,17,2,5,0,0,0,3,0,7,0,5,92.0,50,98.0,50,75.51,49,58.7,46,98.0,24.49,50.0,24378.1,-0.81,False,False,13.0,True
2026-04-23,NIFTYNEXT50,50,11,39,0,0,2,0,0,4,0,3,0,-2,72.0,50,96.0,50,69.39,49,60.87,46,100.0,28.57,50.0,24173.05,-0.84,False,False,9.0,False
2026-04-24,NIFTYNEXT50,50,13,37,0,0,3,0,0,3,0,3,0,-3,54.0,50,88.0,50,65.31,49,56.52,46,100.0,36.73,50.0,23897.95,-1.14,False,False,1.0,False
2026-04-27,NIFTYNEXT50,50,38,12,0,4,0,0,0,7,0,4,0,4,68.0,50,92.0,50,69.39,49,61.7,47,100.0,42.86,51.06,24092.7,0.81,False,False,5.0,False
2026-04-28,NIFTYNEXT50,50,17,33,0,0,0,0,0,5,0,5,0,0,56.0,50,90.0,50,65.31,49,59.57,47,100.0,42.86,51.06,23995.7,-0.4,False,False,4.0,False
2026-04-29,NIFTYNEXT50,50,18,32,0,1,0,0,0,4,0,1,0,1,46.0,50,82.0,50,65.31,49,57.45,47,100.0,46.94,48.94,24177.65,0.76,False,False,0.0,False
2026-04-30,NIFTYNEXT50,50,7,43,0,0,2,0,1,6,1,0,1,-2,30.0,50,64.0,50,57.14,49,51.06,47,94.0,48.98,48.94,23997.55,-0.74,False,False,0.0,False
2026-05-04,NIFTYNEXT50,50,35,15,0,5,2,0,1,10,1,2,0,3,38.0,50,64.0,50,67.35,49,55.32,47,92.0,59.18,48.94,24119.3,0.51,False,False,6.0,False
2026-05-05,NIFTYNEXT50,50,30,20,0,0,0,0,1,8,1,1,0,0,46.0,50,62.0,50,69.39,49,55.32,47,88.0,61.22,46.81,24032.8,-0.36,False,False,2.0,False
2026-05-06,NIFTYNEXT50,50,40,10,0,7,0,0,1,8,1,2,0,7,64.0,50,74.0,50,75.51,49,55.32,47,80.0,67.35,44.68,24330.95,1.24,False,False,9.0,True
2026-05-07,NIFTYNEXT50,50,31,19,0,0,1,0,1,7,1,4,0,-1,70.0,50,78.0,50,75.51,49,61.7,47,66.0,69.39,44.68,24326.65,-0.02,False,False,7.0,False
2026-05-08,NIFTYNEXT50,50,18,32,0,0,1,0,0,7,1,2,0,-1,56.0,50,66.0,50,71.43,49,59.57,47,60.0,73.47,44.68,24176.15,-0.62,False,False,8.0,False
2026-05-11,NIFTYNEXT50,50,9,41,0,0,3,0,0,2,1,2,0,-3,36.0,50,48.0,50,67.35,49,55.32,47,60.0,75.51,42.55,23815.85,-1.49,False,True,2.0,False
2026-05-12,NIFTYNEXT50,50,5,45,0,0,11,0,0,1,1,0,0,-11,12.0,50,20.0,50,57.14,49,44.68,47,52.0,77.55,42.55,23379.55,-1.83,False,True,-9.0,False
2026-05-13,NIFTYNEXT50,50,35,15,0,3,0,0,0,1,1,1,0,3,24.0,50,24.0,50,63.27,49,48.94,47,44.0,77.55,42.55,23412.6,0.14,False,False,-13.0,False
2026-05-14,NIFTYNEXT50,50,37,13,0,5,1,0,0,1,1,2,0,4,38.0,50,30.0,50,67.35,49,51.06,47,42.0,79.59,42.55,23689.6,1.18,False,False,-8.0,True
2026-05-15,NIFTYNEXT50,50,14,36,0,0,4,0,0,1,1,1,0,-4,28.0,50,28.0,50,56.0,50,48.94,47,38.0,78.0,42.55,23643.5,-0.19,False,False,-11.0,False
2026-05-18,NIFTYNEXT50,50,10,40,0,1,1,0,0,0,1,1,2,0,22.0,50,26.0,50,54.0,50,46.81,47,36.0,76.0,42.55,23649.95,0.03,False,False,-8.0,False
2026-05-19,NIFTYNEXT50,50,32,18,0,2,0,0,0,0,1,1,1,2,24.0,50,22.0,50,54.0,50,46.81,47,36.0,76.0,44.68,23618.0,-0.14,False,False,5.0,False
2026-05-20,NIFTYNEXT50,50,27,23,0,4,0,0,0,0,1,3,1,4,36.0,50,28.0,50,52.0,50,48.94,47,30.0,76.0,44.68,23659.0,0.17,False,False,6.0,False
2026-05-21,NIFTYNEXT50,50,26,24,0,0,1,0,0,0,1,1,1,-1,46.0,50,30.0,50,48.0,50,44.68,47,28.0,74.0,46.81,23654.7,-0.02,False,False,1.0,False
2026-05-22,NIFTYNEXT50,50,34,16,0,0,0,0,0,0,1,1,0,0,56.0,50,34.0,50,54.0,50,46.81,47,22.0,72.0,46.81,23719.3,0.27,False,False,5.0,False
2026-05-25,NIFTYNEXT50,50,41,9,0,5,0,0,0,0,1,3,0,5,80.0,50,60.0,50,70.0,50,51.06,47,22.0,72.0,46.81,24031.7,1.32,False,False,10.0,True
2026-05-26,NIFTYNEXT50,50,24,26,0,2,0,0,0,0,1,6,0,2,80.0,50,62.0,50,64.0,50,53.19,47,28.0,70.0,48.94,23913.7,-0.49,False,False,10.0,False
2026-05-27,NIFTYNEXT50,50,38,12,0,7,0,0,0,0,1,8,0,7,80.0,50,68.0,50,68.0,50,53.19,47,34.0,70.0,48.94,23907.15,-0.03,False,False,13.0,True
2026-05-29,NIFTYNEXT50,50,10,40,0,0,0,0,0,0,1,1,1,0,68.0,50,52.0,50,60.0,50,48.94,47,38.0,70.0,48.94,23547.75,-1.5,False,False,14.0,False
2026-06-01,NIFTYNEXT50,50,5,45,0,0,3,0,0,0,1,1,1,-3,38.0,50,36.0,50,52.0,50,44.68,47,38.0,68.0,51.06,23382.6,-0.7,False,False,11.0,False
2026-06-02,NIFTYNEXT50,50,28,22,0,0,0,0,0,0,0,0,1,0,42.0,50,44.0,50,54.0,50,48.94,47,44.0,68.0,53.19,23483.55,0.43,False,False,6.0,False
2026-06-03,NIFTYNEXT50,50,18,32,0,0,1,0,0,0,0,0,1,-1,36.0,50,46.0,50,52.0,50,48.94,47,52.0,68.0,51.06,23405.6,-0.33,False,False,3.0,False
2026-06-04,NIFTYNEXT50,50,26,24,0,0,0,0,0,0,0,1,0,0,36.0,50,42.0,50,48.0,50,51.06,47,58.0,60.0,51.06,23416.55,0.05,False,False,-4.0,False
2026-06-05,NIFTYNEXT50,50,26,24,0,1,1,0,0,0,0,3,0,0,38.0,50,46.0,50,46.0,50,48.94,47,62.0,54.0,51.06,23366.7,-0.21,False,False,-4.0,False
2026-06-08,NIFTYNEXT50,50,2,48,0,0,2,0,0,0,0,0,0,-2,16.0,50,34.0,50,40.0,50,44.68,47,60.0,54.0,51.06,23123.0,-1.04,False,False,-3.0,False
2026-06-09,NIFTYNEXT50,50,44,6,0,2,0,0,0,0,0,3,0,2,40.0,50,48.0,50,54.0,50,48.94,47,56.0,50.0,48.94,23242.1,0.52,False,False,-1.0,False
2026-06-10,NIFTYNEXT50,50,7,43,0,0,0,0,0,0,0,0,0,0,34.0,50,40.0,50,42.0,50,48.94,47,50.0,48.0,51.06,23214.95,-0.12,False,False,0.0,False
2026-06-11,NIFTYNEXT50,50,8,42,0,0,2,0,0,0,0,2,0,-2,22.0,50,30.0,50,38.0,50,44.68,47,46.0,46.0,51.06,23161.6,-0.23,False,False,-2.0,False
2026-06-12,NIFTYNEXT50,50,47,3,0,8,0,0,0,0,0,1,0,8,58.0,50,52.0,50,52.0,50,46.81,47,40.0,46.0,51.06,23622.9,1.99,False,False,6.0,True
2026-06-15,NIFTYNEXT50,50,42,8,0,6,0,0,0,0,0,1,0,6,74.0,50,66.0,50,62.0,50,55.32,47,40.0,44.0,53.19,23853.9,0.98,False,False,14.0,True
2026-06-16,NIFTYNEXT50,50,31,19,0,0,0,0,0,0,0,2,0,0,84.0,50,78.0,50,66.0,50,57.45,47,40.0,46.0,55.32,23989.15,0.57,False,False,12.0,False
2026-06-17,NIFTYNEXT50,50,33,17,0,2,0,0,0,0,0,2,0,2,84.0,50,78.0,50,76.0,50,61.7,47,42.0,44.0,55.32,24085.7,0.4,False,False,14.0,False
2026-06-18,NIFTYNEXT50,50,33,17,0,1,0,0,0,0,0,0,0,1,92.0,50,82.0,50,76.0,50,63.83,47,54.0,46.0,55.32,24168.0,0.34,False,False,17.0,False
2026-06-19,NIFTYNEXT50,50,15,35,0,1,1,0,0,0,0,2,0,0,84.0,50,78.0,50,68.0,50,59.57,47,54.0,46.0,55.32,24013.1,-0.64,False,False,9.0,False
2026-06-22,NIFTYNEXT50,50,41,9,0,1,0,0,0,0,0,1,0,1,88.0,50,86.0,50,78.0,50,63.83,47,72.0,48.0,55.32,24102.9,0.37,False,False,4.0,False
2026-06-23,NIFTYNEXT50,50,7,43,0,0,3,0,0,0,0,1,0,-3,74.0,50,76.0,50,64.0,50,59.57,47,74.0,46.0,53.19,23824.1,-1.16,False,False,1.0,False
2026-06-24,NIFTYNEXT50,50,28,22,0,1,1,0,0,0,0,1,0,0,66.0,50,70.0,50,60.0,50,59.57,47,72.0,46.0,55.32,24021.65,0.83,False,False,-1.0,False
2026-06-25,NIFTYNEXT50,50,25,25,0,2,1,0,0,0,0,1,0,1,50.0,50,70.0,50,64.0,50,61.7,47,78.0,46.0,55.32,24056.0,0.14,False,False,-1.0,False
2026-06-29,NIFTYNEXT50,50,13,37,0,1,0,0,0,0,0,3,0,1,36.0,50,52.0,50,56.0,50,57.45,47,80.0,48.0,55.32,23946.25,-0.46,False,False,0.0,False
2026-06-30,NIFTYNEXT50,50,26,24,0,1,1,0,0,0,0,1,0,0,26.0,50,54.0,50,56.0,50,59.57,47,80.0,50.0,55.32,23865.75,-0.34,False,False,-1.0,False
2026-07-01,NIFTYNEXT50,50,33,17,0,1,0,0,0,0,0,2,0,1,52.0,50,62.0,50,70.0,50,61.7,47,82.0,56.0,55.32,24005.85,0.59,False,False,3.0,False
2026-07-02,NIFTYNEXT50,50,32,18,0,0,1,0,0,0,0,3,0,-1,54.0,50,66.0,50,66.0,50,63.83,47,80.0,58.0,53.19,24175.7,0.71,True,False,2.0,False
2026-07-03,NIFTYNEXT50,50,26,24,0,1,4,0,0,0,0,4,0,-3,58.0,50,60.0,50,62.0,50,65.96,47,74.0,60.0,51.06,24270.85,0.39,True,False,-2.0,False
2026-07-06,NIFTYNEXT50,50,31,18,1,1,1,0,0,0,0,5,0,0,60.0,50,62.0,50,66.0,50,63.83,47,72.0,62.0,53.19,24430.35,0.66,True,False,-3.0,False
2026-07-07,NIFTYNEXT50,50,16,33,1,0,0,0,0,0,0,5,0,0,54.0,50,60.0,50,64.0,50,63.83,47,62.0,64.0,53.19,24398.7,-0.13,False,False,-3.0,False
2026-07-08,NIFTYNEXT50,50,4,46,0,0,3,0,0,1,0,2,0,-3,24.0,50,36.0,50,46.0,50,48.94,47,58.0,64.0,53.19,23882.05,-2.12,False,False,-7.0,False
2026-07-09,NIFTYNEXT50,50,40,10,0,2,0,0,0,1,0,3,1,2,32.0,50,44.0,50,54.0,50,55.32,47,50.0,64.0,53.19,23962.8,0.34,False,False,-4.0,False
2026-07-10,NIFTYNEXT50,50,44,6,0,3,0,0,0,1,0,2,0,3,64.0,50,54.0,50,64.0,50,59.57,47,48.0,66.0,55.32,24206.9,1.02,False,False,2.0,False
2026-07-13,NIFTYNEXT50,50,15,35,0,0,0,0,0,1,0,1,1,0,50.0,50,52.0,50,66.0,50,55.32,47,46.0,70.0,55.32,24211.0,0.02,False,False,2.0,False
2026-07-14,NIFTYNEXT50,50,16,34,0,1,1,0,0,1,0,4,1,0,32.0,50,42.0,50,58.0,50,55.32,47,50.0,70.0,55.32,24052.05,-0.66,False,False,2.0,False
2026-07-15,NIFTYNEXT50,50,34,16,0,1,0,0,0,1,0,2,1,1,54.0,50,50.0,50,66.0,50,55.32,47,48.0,68.0,57.45,24078.5,0.11,False,False,6.0,False
2026-07-16,NIFTYNEXT50,50,19,31,0,1,1,0,0,1,0,3,1,0,42.0,50,46.0,50,64.0,50,53.19,47,48.0,68.0,57.45,24072.75,-0.02,False,False,4.0,False
2026-07-17,NIFTYNEXT50,50,23,26,1,0,1,0,0,1,0,1,1,-1,36.0,50,42.0,50,64.0,50,57.45,47,46.0,68.0,57.45,24334.3,1.09,False,False,0.0,False
2026-07-20,NIFTYNEXT50,50,35,15,0,3,0,0,0,1,0,3,0,3,54.0,50,50.0,50,66.0,50,57.45,47,42.0,68.0,57.45,24238.5,-0.39,False,False,3.0,False
2026-07-21,NIFTYNEXT50,50,33,17,0,1,0,0,0,1,0,4,0,1,66.0,50,62.0,50,68.0,50,57.45,47,42.0,64.0,57.45,24187.7,-0.21,False,False,4.0,False
2026-07-22,NIFTYNEXT50,50,11,38,1,0,1,0,0,1,0,1,0,-1,52.0,50,50.0,50,66.0,50,57.45,47,50.0,66.0,57.45,23996.25,-0.79,False,False,2.0,False
2026-07-23,NIFTYNEXT50,50,16,34,0,0,1,0,0,1,0,2,1,-1,42.0,50,40.0,50,62.0,50,59.57,47,52.0,66.0,57.45,23869.6,-0.53,False,False,1.0,False
2026-07-24,NIFTYNEXT50,50,25,25,0,0,0,0,0,0,0,1,0,0,34.0,50,44.0,50,62.0,50,57.45,47,50.0,66.0,57.45,23767.45,-0.43,False,True,2.0,False
2026-07-27,NIFTYNEXT50,50,43,6,1,1,0,0,0,1,0,2,0,1,64.0,50,58.0,50,66.0,50,61.7,47,42.0,66.0,57.45,23995.95,0.96,False,False,0.0,False
2026-07-28,NIFTYNEXT50,50,19,31,0,1,2,0,0,1,0,3,0,-1,52.0,50,50.0,50,60.0,50,59.57,47,50.0,62.0,57.45,23985.35,-0.04,False,False,-2.0,False
2026-07-29,NIFTYNEXT50,50,32,18,0,2,0,0,0,2,0,3,0,2,58.0,50,60.0,50,62.0,50,59.57,47,50.0,62.0,57.45,24250.2,1.1,False,False,1.0,False
2026-07-30,NIFTYNEXT50,50,22,27,1,0,0,0,0,2,0,3,0,0,54.0,50,56.0,50,62.0,50,59.57,47,50.0,62.0,57.45,24317.15,0.28,False,False,2.0,False
2026-07-31,NIFTYNEXT50,50,34,16,0,5,0,0,0,0,0,4,0,5,66.0,50,62.0,50,66.0,50,61.7,47,56.0,60.0,57.45,24383.6,0.27,False,False,7.0,True
2026-08-03,NIFTYNEXT50,50,40,10,0,3,2,0,0,1,0,5,0,1,88.0,50,80.0,50,66.0,50,63.83,47,56.0,58.0,61.7,24774.3,1.6,True,False,7.0,False
2026-08-04,NIFTYNEXT50,50,14,34,2,1,0,0,0,0,0,2,0,1,84.0,50,74.0,50,68.0,50,68.09,47,62.0,60.0,61.7,24614.9,-0.64,False,False,9.0,False
2026-08-05,NIFTYNEXT50,50,26,23,1,2,0,0,0,0,0,3,0,2,74.0,50,74.0,50,68.0,50,66.67,48,64.0,62.0,62.5,24624.65,0.04,False,False,9.0,False
2026-08-06,NIFTYNEXT50,50,19,30,1,2,0,0,0,0,0,5,0,2,66.0,50,64.0,50,70.0,50,68.75,48,66.0,64.0,62.5,24636.0,0.05,False,False,11.0,False
2026-08-07,NIFTYNEXT50,50,25,24,1,2,0,0,0,0,0,2,0,2,56.0,50,66.0,50,74.0,50,68.75,48,68.0,64.0,64.58,24570.65,-0.27,False,False,8.0,False
2026-08-10,NIFTYNEXT50,50,27,21,2,0,2,0,0,0,0,4,0,-2,70.0,50,64.0,50,68.0,50,66.67,48,68.0,64.0,66.67,24583.8,0.05,False,False,5.0,False
2026-08-11,NIFTYNEXT50,50,17,33,0,1,0,0,0,0,0,7,0,1,54.0,50,60.0,50,64.0,50,62.5,48,66.0,64.0,68.75,24471.7,-0.46,False,False,5.0,False
2026-08-12,NIFTYNEXT50,50,28,21,1,1,1,0,0,0,0,6,1,0,58.0,50,64.0,50,62.0,50,66.67,48,72.0,66.0,64.58,24435.95,-0.15,False,False,3.0,False
2026-08-13,NIFTYNEXT50,50,17,31,2,1,0,0,0,0,0,2,0,1,52.0,50,66.0,50,64.0,50,64.58,48,72.0,66.0,64.58,24395.85,-0.16,False,False,2.0,False
2026-08-14,NIFTYNEXT50,50,16,34,0,0,0,0,0,0,0,2,0,0,42.0,50,66.0,50,62.0,50,64.58,48,72.0,66.0,66.67,24366.0,-0.12,False,False,0.0,False
2024-04-01,SMALLCAP250,201,173,28,0,75,0,0,0,0,0,0,0,75,,0,,0,,0,,0,,,,22462.0,,False,False,,True
2024-04-02,SMALLCAP250,201,138,63,0,18,2,0,0,0,0,0,0,16,,0,,0,,0,,0,,,,22453.3,-0.04,False,False,,False
2024-04-03,SMALLCAP250,201,135,65,1,12,0,0,0,0,0,0,0,12,,0,,0,,0,,0,,,,22434.65,-0.08,False,False,,False
2024-04-04,SMALLCAP250,201,106,95,0,10,2,0,0,0,0,0,0,8,,0,,0,,0,,0,,,,22514.65,0.36,False,False,,False
2024-04-05,SMALLCAP250,201,125,75,1,10,0,0,0,0,0,0,0,10,,0,,0,,0,,0,,,,22513.7,-0.0,False,False,121.0,False
2024-04-08,SMALLCAP250,201,80,121,0,10,4,1,0,0,0,0,0,6,,0,,0,,0,,0,,,,22666.3,0.68,False,False,52.0,False
2024-04-09,SMALLCAP250,201,77,124,0,5,1,1,0,0,0,0,0,4,,0,,0,,0,,0,,,,22642.75,-0.1,False,False,40.0,False
2024-04-10,SMALLCAP250,201,120,81,0,14,2,1,0,0,0,0,0,12,,0,,0,,0,,0,,,,22753.8,0.49,False,False,40.0,False
2024-04-12,SMALLCAP250,201,70,131,0,6,2,0,0,0,0,0,0,4,,0,,0,,0,,0,,,,22519.4,-1.03,False,False,36.0,False
2024-04-15,SMALLCAP250,202,32,170,0,4,17,0,0,0,0,0,0,-13,32.34,201,,0,,0,,0,,,,22272.5,-1.1,False,False,13.0,False
2024-04-16,SMALLCAP250,202,116,85,1,8,1,1,0,0,0,0,0,7,37.31,201,,0,,0,,0,,,,22147.9,-0.56,False,False,14.0,False
2024-04-18,SMALLCAP250,202,89,111,2,10,3,1,0,0,0,0,0,7,34.33,201,,0,,0,,0,,,,21995.85,-0.69,False,False,17.0,False
2024-04-19,SMALLCAP250,202,83,119,0,5,1,0,0,0,0,0,0,4,35.32,201,,0,,0,,0,,,,22147.0,0.69,False,False,9.0,False
2024-04-22,SMALLCAP250,201,143,57,1,22,0,0,0,0,0,0,0,22,47.76,201,,0,,0,,0,,,,22336.4,0.86,False,False,27.0,True
2024-04-23,SMALLCAP250,201,124,77,0,19,2,2,1,0,0,0,0,17,66.0,200,,0,,0,,0,,,,22368.0,0.14,False,False,57.0,False
2024-04-24,SMALLCAP250,201,124,74,3,15,2,1,1,0,0,0,0,13,72.0,200,,0,,0,,0,,,,22402.4,0.15,False,False,63.0,False
2024-04-25,SMALLCAP250,201,124,75,2,12,1,2,1,0,0,0,0,11,78.5,200,,0,,0,,0,,,,22570.35,0.75,False,False,67.0,False
2024-04-26,SMALLCAP250,201,105,96,0,10,0,1,1,0,0,0,0,10,79.5,200,,0,,0,,0,,,,22419.95,-0.67,False,False,73.0,False
2024-04-29,SMALLCAP250,202,92,106,4,11,1,1,1,0,0,0,0,10,80.0,200,,0,,0,,0,,,,22643.4,1.0,False,False,61.0,False
2024-04-30,SMALLCAP250,202,97,105,0,12,1,1,0,0,0,0,0,11,78.5,200,77.0,200,,0,,0,61.0,,,22604.85,-0.17,False,False,55.0,False
2024-05-02,SMALLCAP250,202,99,103,0,12,3,2,0,0,0,0,0,9,71.0,200,77.0,200,,0,,0,64.5,,,22648.2,0.19,False,False,51.0,False
2024-05-03,SMALLCAP250,202,70,132,0,8,1,1,0,9,0,0,0,7,60.0,200,69.0,200,,0,,0,65.5,,,22475.85,-0.76,False,False,47.0,False
2024-05-06,SMALLCAP250,202,52,149,1,10,12,1,0,5,0,0,0,-2,41.0,200,54.0,200,,0,,0,72.5,,,22442.7,-0.15,False,False,35.0,False
2024-05-07,SMALLCAP250,202,34,167,1,3,29,0,0,3,0,0,0,-26,24.88,201,38.0,200,,0,,0,73.0,,,22302.5,-0.62,False,False,-1.0,False
2024-05-08,SMALLCAP250,202,130,71,1,8,4,1,1,4,1,0,0,4,29.85,201,40.5,200,,0,,0,74.0,,,22302.5,0.0,False,False,-8.0,False
2024-05-09,SMALLCAP250,202,16,186,0,1,35,1,1,3,1,0,0,-34,13.43,201,25.5,200,,0,,0,68.0,,,21957.5,-1.55,False,True,-51.0,False
2024-05-10,SMALLCAP250,202,132,70,0,15,2,2,1,3,2,0,0,13,20.4,201,31.5,200,,0,,0,61.5,,,22055.2,0.44,False,False,-45.0,False
2024-05-13,SMALLCAP250,203,69,134,0,8,4,1,1,5,2,0,0,4,19.31,202,26.5,200,,0,,0,48.5,,,22104.05,0.22,False,False,-39.0,False
2024-05-14,SMALLCAP250,203,156,47,0,27,0,1,1,7,2,0,0,27,36.63,202,41.0,200,,0,,0,45.0,,,22217.85,0.51,False,False,14.0,True
2024-05-15,SMALLCAP250,205,130,73,2,18,1,1,0,9,2,0,0,17,52.48,202,45.5,200,,0,,0,40.5,,,22200.55,-0.08,False,False,27.0,False
2024-05-16,SMALLCAP250,205,124,81,0,11,1,2,0,12,2,0,0,10,61.39,202,50.0,200,,0,,0,36.0,,,22403.85,0.92,False,False,71.0,False
2024-05-17,SMALLCAP250,205,147,58,0,24,3,4,0,14,1,0,0,21,74.75,202,58.5,200,,0,,0,34.5,,,22466.1,0.28,False,False,79.0,True
2024-05-21,SMALLCAP250,207,79,128,0,14,14,5,0,14,1,0,0,0,66.83,202,53.5,200,,0,,0,32.0,,,22529.05,0.28,False,False,75.0,False
2024-05-22,SMALLCAP250,207,111,94,2,18,3,1,0,16,1,0,0,15,68.32,202,54.23,201,,0,,0,32.34,,,22597.8,0.31,False,False,63.0,False
2024-05-23,SMALLCAP250,208,100,106,2,13,2,2,0,15,1,0,0,11,67.33,202,51.24,201,,0,,0,33.83,,,22967.65,1.64,True,False,57.0,False
2024-05-24,SMALLCAP250,208,77,130,1,5,4,3,1,10,1,0,0,1,59.41,202,53.23,201,,0,,0,41.29,,,22957.1,-0.05,False,False,48.0,False
2024-05-27,SMALLCAP250,208,105,103,0,12,7,2,1,6,1,0,0,5,58.62,203,53.23,201,,0,,0,45.77,,,22932.45,-0.11,False,False,32.0,False
2024-05-28,SMALLCAP250,208,54,154,0,3,16,2,1,6,1,0,0,-13,44.83,203,50.5,202,,0,,0,53.96,,,22888.15,-0.19,False,False,19.0,False
2024-05-29,SMALLCAP250,208,105,101,2,11,5,4,1,7,1,0,0,6,41.95,205,52.48,202,,0,,0,55.94,,,22704.7,-0.8,False,False,10.0,False
2024-05-30,SMALLCAP250,208,45,163,0,5,9,2,2,7,2,0,0,-4,27.32,205,37.13,202,,0,,0,56.93,,,22488.65,-0.95,False,False,-5.0,False
2024-05-31,SMALLCAP250,208,119,87,2,17,1,2,1,9,2,0,0,16,34.63,205,41.58,202,,0,,0,56.93,,,22530.7,0.19,False,False,10.0,False
2024-06-03,SMALLCAP250,209,165,43,1,48,0,2,0,15,2,0,0,48,64.73,207,58.91,202,,0,,0,59.41,,,23263.9,3.25,True,False,53.0,True
2024-06-04,SMALLCAP250,209,5,204,0,0,154,1,3,4,2,0,0,-154,8.7,207,15.35,202,,0,,0,54.46,,,21884.5,-5.93,False,True,-88.0,False
2024-06-05,SMALLCAP250,209,178,31,0,85,10,2,0,4,1,0,0,75,31.73,208,35.64,202,,0,,0,48.02,,,22620.35,3.36,False,False,-19.0,True
2024-06-06,SMALLCAP250,209,182,25,2,73,2,1,0,10,1,0,0,71,61.54,208,53.96,202,,0,,0,47.03,,,22821.4,0.89,False,False,56.0,True
2024-06-07,SMALLCAP250,209,183,26,0,44,1,2,0,14,1,0,0,43,82.13,207,73.13,201,,0,,0,45.27,,,23290.15,2.05,True,False,83.0,True
2024-06-10,SMALLCAP250,209,144,65,0,28,2,1,0,19,1,0,0,26,87.44,207,77.72,202,,0,,0,45.05,,,23259.2,-0.13,False,False,61.0,True
2024-06-11,SMALLCAP250,209,129,80,0,24,2,22,0,18,1,0,0,22,88.89,207,82.18,202,,0,,0,47.52,,,23264.85,0.02,False,False,237.0,True
2024-06-12,SMALLCAP250,209,137,72,0,17,0,14,0,24,1,0,0,17,94.69,207,86.27,204,,0,,0,52.45,,,23322.95,0.25,True,False,179.0,False
2024-06-13,SMALLCAP250,209,115,93,1,12,1,5,0,18,1,0,0,11,93.24,207,85.78,204,78.39,199,,0,60.29,54.77,,23398.9,0.33,True,False,119.0,False
2024-06-14,SMALLCAP250,209,116,92,1,20,0,7,0,19,1,0,0,20,94.23,208,89.71,204,79.9,199,,0,67.16,57.29,,23465.6,0.29,True,False,96.0,False
2024-06-18,SMALLCAP250,209,126,82,1,19,2,6,0,18,1,0,0,17,93.27,208,88.35,206,81.91,199,,0,69.9,57.79,,23557.9,0.39,True,False,87.0,False
2024-06-19,SMALLCAP250,209,80,129,0,14,5,2,0,15,1,0,0,9,79.81,208,85.92,206,79.9,199,,0,78.64,59.3,,23516.0,-0.18,False,False,74.0,False
2024-06-20,SMALLCAP250,209,117,92,0,19,1,7,0,19,1,0,0,18,79.33,208,87.44,207,82.91,199,,0,85.02,62.81,,23567.0,0.22,True,False,75.0,False
2024-06-21,SMALLCAP250,209,93,115,1,13,6,2,0,17,1,0,0,7,70.33,209,86.47,207,81.41,199,,0,88.89,63.82,,23501.1,-0.28,False,False,71.0,False
2024-06-24,SMALLCAP250,209,92,117,0,11,4,5,0,15,1,0,0,7,62.68,209,83.57,207,77.89,199,,0,91.79,64.82,,23537.85,0.16,False,False,58.0,False
2024-06-25,SMALLCAP250,209,84,125,0,12,1,2,0,17,0,0,0,11,56.94,209,84.54,207,77.39,199,,0,89.86,65.83,,23721.3,0.78,True,False,52.0,False
2024-06-26,SMALLCAP250,209,104,105,0,14,2,3,0,21,0,0,0,12,57.89,209,81.16,207,78.39,199,,0,89.37,67.34,,23868.8,0.62,True,False,55.0,False
2024-06-27,SMALLCAP250,209,68,141,0,5,7,4,0,20,0,0,0,-2,45.45,209,74.4,207,76.38,199,,0,87.92,71.36,,24044.5,0.74,True,False,35.0,False
2024-06-28,SMALLCAP250,209,122,85,2,12,0,3,0,26,0,0,0,12,49.28,209,74.88,207,79.4,199,,0,86.47,72.36,,24010.6,-0.14,False,False,40.0,False
2024-07-01,SMALLCAP250,209,166,43,0,27,0,6,0,31,0,0,0,27,66.51,209,81.25,208,81.41,199,,0,86.06,73.37,,24141.95,0.55,True,False,60.0,True
2024-07-02,SMALLCAP250,210,89,120,1,7,2,4,0,30,0,0,0,5,62.2,209,80.29,208,82.41,199,,0,84.13,73.37,,24123.85,-0.07,False,False,54.0,False
2024-07-03,SMALLCAP250,210,136,74,0,16,1,1,0,27,0,0,0,15,72.25,209,80.29,208,83.42,199,,0,77.88,77.89,,24286.5,0.67,True,False,57.0,False
2024-07-04,SMALLCAP250,210,118,92,0,15,1,4,0,64,0,0,0,14,76.08,209,78.37,208,84.0,200,,0,73.56,81.0,,24302.15,0.06,True,False,73.0,False
2024-07-05,SMALLCAP250,210,114,96,0,12,0,4,0,51,0,0,0,12,72.73,209,75.12,209,84.5,200,,0,71.77,83.5,,24323.85,0.09,True,False,73.0,False
2024-07-08,SMALLCAP250,210,78,131,1,10,5,3,0,37,0,0,0,5,65.07,209,69.86,209,82.5,200,,0,70.81,84.5,,24320.55,-0.01,False,False,51.0,False
2024-07-09,SMALLCAP250,210,107,103,0,18,6,0,0,24,0,0,0,12,66.03,209,70.33,209,82.5,200,,0,69.86,84.5,,24433.2,0.46,True,False,58.0,False
2024-07-10,SMALLCAP250,211,76,133,2,8,4,0,0,20,0,0,0,4,59.81,209,66.03,209,81.09,201,,0,70.81,84.58,,24324.45,-0.45,False,False,47.0,False
2024-07-11,SMALLCAP250,211,111,99,1,13,0,2,0,16,0,0,0,13,56.94,209,65.07,209,82.09,201,,0,72.25,84.58,,24315.95,-0.03,False,False,46.0,False
2024-07-12,SMALLCAP250,211,95,115,1,13,4,1,0,14,0,0,0,9,51.2,209,62.68,209,81.09,201,,0,72.25,84.58,,24502.15,0.77,True,False,43.0,False
2024-07-15,SMALLCAP250,211,122,89,0,14,1,1,0,14,0,0,0,13,57.14,210,66.51,209,83.08,201,,0,70.81,85.07,,24586.7,0.35,True,False,51.0,False
2024-07-16,SMALLCAP250,209,93,116,0,12,3,1,0,10,0,0,0,9,59.42,207,65.05,206,84.92,199,,0,69.9,84.92,,24613.0,0.11,False,False,48.0,False
2024-07-18,SMALLCAP250,209,54,155,0,3,10,2,0,5,0,0,0,-7,43.48,207,58.25,206,79.4,199,,0,71.36,85.93,,24800.85,0.76,True,False,37.0,False
2024-07-19,SMALLCAP250,209,20,189,0,1,40,1,1,5,1,0,0,-39,21.74,207,42.23,206,69.35,199,,0,66.5,85.43,,24530.9,-1.09,False,False,-15.0,False
2024-07-22,SMALLCAP250,209,138,71,0,17,3,1,1,4,1,0,0,14,29.47,207,42.72,206,74.87,199,,0,61.65,84.92,,24509.25,-0.09,False,False,-10.0,False
2024-07-23,SMALLCAP250,209,76,132,1,7,15,2,1,4,1,0,0,-8,30.43,207,41.75,206,66.33,199,,0,59.71,84.42,,24479.05,-0.12,False,False,-31.0,False
2024-07-24,SMALLCAP250,209,159,50,0,30,0,1,1,8,1,0,0,30,50.0,208,51.46,206,76.0,200,,0,55.83,84.0,,24413.5,-0.27,False,False,-10.0,True
2024-07-25,SMALLCAP250,209,80,129,0,8,3,2,1,8,1,0,0,5,47.12,208,50.0,206,72.0,200,,0,54.85,81.5,,24406.1,-0.03,False,False,2.0,False
2024-07-26,SMALLCAP250,210,152,57,1,13,2,4,0,9,1,0,0,11,62.98,208,59.71,206,76.73,202,,0,51.94,81.68,,24834.85,1.76,True,False,52.0,False
2024-07-29,SMALLCAP250,210,138,71,1,25,0,2,0,12,1,0,0,25,70.67,208,65.53,206,79.7,202,,0,48.06,81.19,,24836.1,0.01,True,False,63.0,True
2024-07-30,SMALLCAP250,210,129,81,0,17,2,6,0,15,1,0,0,15,74.64,209,70.53,207,81.19,202,,0,47.83,81.68,,24857.3,0.09,True,False,86.0,False
2024-07-31,SMALLCAP250,210,96,114,0,11,6,1,0,12,1,0,0,5,75.12,209,66.67,207,80.88,204,,0,47.83,79.9,,24951.15,0.38,True,False,61.0,False
2024-08-01,SMALLCAP250,210,62,148,0,12,6,2,0,9,1,0,0,6,65.55,209,59.42,207,79.41,204,,0,50.72,80.39,,25010.9,0.24,True,False,62.0,False
2024-08-02,SMALLCAP250,210,73,137,0,10,8,2,0,11,1,0,0,2,53.11,209,49.76,207,73.17,205,,0,56.52,79.51,,24717.7,-1.17,False,False,53.0,False
2024-08-05,SMALLCAP250,210,8,202,0,0,123,2,0,3,1,0,0,-123,18.66,209,28.99,207,54.15,205,,0,56.52,77.07,,24055.6,-2.68,False,False,-95.0,False
2024-08-06,SMALLCAP250,210,98,112,0,9,11,0,0,6,1,0,0,-2,22.49,209,31.4,207,51.22,205,,0,54.59,74.63,,23992.55,-0.26,False,False,-112.0,False
2024-08-07,SMALLCAP250,210,184,26,0,42,1,1,0,9,1,0,0,41,35.41,209,40.38,208,58.54,205,,0,53.37,73.17,,24297.5,1.27,False,False,-76.0,True
2024-08-08,SMALLCAP250,210,79,131,0,10,5,1,0,9,1,0,0,5,31.9,210,39.42,208,55.61,205,,0,52.88,72.2,,24117.0,-0.74,False,False,-77.0,False
2024-08-09,SMALLCAP250,211,122,88,1,17,5,1,0,8,1,0,0,12,39.52,210,42.31,208,56.59,205,,0,51.92,70.24,,24367.5,1.04,False,False,-67.0,False
2024-08-12,SMALLCAP250,211,107,104,0,19,5,3,0,10,1,0,0,14,43.33,210,43.27,208,55.12,205,,0,50.96,68.29,,24347.0,-0.08,False,False,70.0,False
2024-08-13,SMALLCAP250,212,45,167,0,5,18,4,0,8,1,0,0,-13,32.38,210,35.41,209,50.73,205,,0,43.54,66.83,,24139.0,-0.85,False,False,59.0,False
2024-08-14,SMALLCAP250,212,68,144,0,6,7,2,1,7,2,0,0,-1,33.33,210,33.01,209,44.88,205,,0,36.84,64.88,,24143.75,0.02,False,False,17.0,False
2024-08-16,SMALLCAP250,212,171,41,0,26,1,2,0,9,1,0,0,25,52.38,210,45.45,209,49.76,205,,0,33.49,61.46,,24541.15,1.65,False,False,37.0,True
2024-08-19,SMALLCAP250,212,157,55,0,29,0,7,0,13,1,0,0,29,69.05,210,53.59,209,53.17,205,,0,31.58,60.98,,24572.65,0.13,False,False,54.0,True
2024-08-20,SMALLCAP250,212,124,88,0,19,5,4,0,17,1,0,0,14,71.43,210,56.46,209,53.88,206,,0,35.89,58.74,,24698.85,0.51,False,False,54.0,False
2024-08-21,SMALLCAP250,212,151,61,0,17,1,5,0,17,1,0,0,16,80.48,210,65.07,209,56.31,206,,0,43.06,56.8,,24770.2,0.29,False,False,83.0,False
2024-08-22,SMALLCAP250,212,122,90,0,10,1,3,0,16,1,0,0,9,84.76,210,68.42,209,59.22,206,,0,44.02,55.34,,24811.5,0.17,False,False,93.0,False
2024-08-23,SMALLCAP250,212,80,132,0,8,5,2,1,14,2,0,0,3,76.3,211,64.29,210,59.22,206,,0,48.1,55.34,,24823.15,0.05,False,False,71.0,False
2024-08-26,SMALLCAP250,212,104,107,1,13,3,1,1,15,1,0,0,10,70.62,211,63.81,210,59.22,206,,0,51.43,54.85,,25010.6,0.76,False,False,52.0,False
2024-08-27,SMALLCAP250,212,130,82,0,13,2,0,1,9,1,22,1,11,71.7,212,67.14,210,61.65,206,,0,53.81,51.94,,25017.75,0.03,True,False,49.0,False
2024-08-28,SMALLCAP250,212,85,127,0,6,3,0,1,9,1,17,1,3,67.45,212,70.0,210,61.17,206,,0,63.33,51.94,,25052.35,0.14,True,False,36.0,False
2024-08-29,SMALLCAP250,212,52,160,0,6,4,0,1,8,2,9,1,2,52.36,212,66.19,210,58.25,206,,0,71.9,51.46,,25151.95,0.4,True,False,29.0,False
2024-08-30,SMALLCAP250,212,127,85,0,15,1,0,0,5,1,23,0,14,57.08,212,66.67,210,61.65,206,,0,79.52,50.49,,25235.9,0.33,True,False,40.0,False
2024-09-02,SMALLCAP250,212,82,129,1,5,3,0,0,7,1,13,3,2,50.47,212,66.19,210,60.68,206,,0,80.48,50.97,,25278.7,0.17,True,False,32.0,False
2024-09-03,SMALLCAP250,212,131,81,0,12,1,0,0,7,1,18,1,11,58.96,212,71.9,210,63.11,206,,0,80.0,52.43,,25279.85,0.0,False,False,32.0,False
2024-09-04,SMALLCAP250,212,106,105,1,9,1,0,0,16,1,29,2,8,57.08,212,69.05,210,62.14,206,,0,76.67,53.4,,25198.7,-0.32,False,False,37.0,False
2024-09-05,SMALLCAP250,212,126,86,0,15,2,2,1,19,2,35,3,13,59.91,212,69.52,210,63.59,206,,0,74.76,53.88,,25145.1,-0.21,False,False,48.0,False
2024-09-06,SMALLCAP250,212,46,166,0,3,8,0,1,12,2,10,4,-5,46.23,212,57.35,211,58.74,206,,0,73.93,54.37,,24852.15,-1.17,False,False,29.0,False
2024-09-09,SMALLCAP250,213,64,148,1,4,5,0,1,9,2,12,13,-1,41.04,212,52.61,211,55.34,206,,0,72.04,55.34,,24936.4,0.34,False,False,26.0,False
2024-09-10,SMALLCAP250,213,173,40,0,18,1,1,1,12,2,16,2,17,54.72,212,62.26,212,61.17,206,,0,70.75,55.34,,25041.1,0.42,False,False,32.0,False
2024-09-11,SMALLCAP250,213,57,156,0,4,6,0,1,11,2,9,7,-2,45.28,212,54.72,212,57.0,207,,0,64.15,57.49,,24918.45,-0.49,False,False,22.0,False
2024-09-12,SMALLCAP250,213,156,56,1,10,2,0,0,13,2,18,2,8,54.72,212,58.02,212,60.87,207,,0,58.96,59.42,,25388.9,1.89,True,False,17.0,False
2024-09-13,SMALLCAP250,213,137,75,1,13,4,1,1,10,3,22,1,9,58.49,212,60.38,212,64.25,207,,0,58.02,61.35,,25356.5,-0.13,False,False,31.0,False
2024-09-16,SMALLCAP250,213,105,107,1,9,6,0,1,11,3,20,1,3,59.43,212,62.26,212,64.25,207,,0,56.13,62.8,,25383.75,0.11,False,False,35.0,False
2024-09-17,SMALLCAP250,213,90,122,1,9,2,1,2,8,3,19,5,7,57.55,212,56.13,212,63.29,207,,0,56.13,62.8,,25418.55,0.14,True,False,25.0,False
2024-09-18,SMALLCAP250,213,77,136,0,10,5,1,1,8,3,17,5,5,48.58,212,52.36,212,60.87,207,,0,57.08,61.35,,25377.55,-0.16,False,False,32.0,False
2024-09-19,SMALLCAP250,213,58,155,0,4,13,0,1,5,3,6,7,-9,36.32,212,43.87,212,54.33,208,,0,54.25,62.02,,25415.8,0.15,False,False,15.0,False
2024-09-20,SMALLCAP250,213,140,73,0,29,4,2,1,6,4,16,2,25,46.95,213,48.11,212,56.25,208,,0,53.3,62.02,,25790.95,1.48,True,False,31.0,True
2024-09-23,SMALLCAP250,213,131,81,1,21,1,3,1,7,3,22,2,20,53.05,213,55.66,212,58.17,208,,0,53.3,63.46,,25939.05,0.57,True,False,48.0,False
2024-09-24,SMALLCAP250,213,90,123,0,10,5,2,1,6,3,17,3,5,54.46,213,54.72,212,60.1,208,,0,53.3,64.42,,25940.4,0.01,True,False,46.0,False
2024-09-25,SMALLCAP250,213,86,127,0,8,2,1,1,8,3,13,3,6,50.23,213,52.83,212,60.29,209,,0,54.72,63.16,,26004.15,0.25,True,False,47.0,False
2024-09-26,SMALLCAP250,213,69,143,1,2,5,1,1,8,3,12,5,-3,42.72,213,49.06,212,60.29,209,,0,54.25,63.64,,26216.05,0.81,True,False,53.0,False
2024-09-27,SMALLCAP250,213,98,113,2,13,3,1,1,8,3,11,2,10,45.54,213,52.36,212,58.85,209,,0,54.25,65.07,,26178.95,-0.14,False,False,38.0,False
2024-09-30,SMALLCAP250,213,93,120,0,8,3,2,0,6,3,14,4,5,44.6,213,47.64,212,59.33,209,,0,50.0,63.64,,25810.85,-1.41,False,False,23.0,False
2024-10-01,SMALLCAP250,213,125,88,0,19,0,2,0,8,3,20,3,19,43.66,213,52.36,212,61.72,209,,0,50.94,62.68,,25796.9,-0.05,False,False,37.0,False
2024-10-03,SMALLCAP250,213,25,187,1,7,22,1,0,3,3,8,13,-15,32.39,213,36.32,212,52.63,209,,0,50.0,62.2,,25250.1,-2.12,False,False,16.0,False
2024-10-04,SMALLCAP250,213,54,159,0,3,13,0,1,2,4,3,11,-10,21.13,213,29.25,212,45.45,209,,0,49.53,58.37,,25014.6,-0.93,False,False,9.0,False
2024-10-07,SMALLCAP250,213,18,195,0,0,86,0,2,2,4,1,24,-86,9.39,213,14.08,213,28.57,210,,0,45.54,56.67,,24795.75,-0.87,False,False,-87.0,False
2024-10-08,SMALLCAP250,215,179,36,0,48,0,0,2,2,4,5,3,48,19.81,212,22.17,212,39.71,209,,0,38.21,55.02,,25013.15,0.88,False,False,-44.0,True
2024-10-09,SMALLCAP250,215,147,66,2,17,1,0,3,2,5,4,2,16,32.08,212,30.66,212,43.54,209,,0,35.85,53.11,,24981.95,-0.12,False,False,-47.0,False
2024-10-10,SMALLCAP250,216,101,115,0,14,2,0,3,2,5,4,4,12,35.38,212,33.02,212,44.5,209,,0,33.02,55.02,,24998.45,0.07,False,False,-20.0,False
2024-10-11,SMALLCAP250,216,112,103,1,14,0,1,2,3,5,7,5,14,42.92,212,35.38,212,46.89,209,,0,31.13,56.46,,24964.25,-0.14,False,False,4.0,False
2024-10-14,SMALLCAP250,216,100,116,0,6,6,3,1,1,5,10,4,0,46.23,212,37.26,212,47.37,209,,0,30.19,55.5,,25127.95,0.66,False,False,90.0,False
2024-10-15,SMALLCAP250,216,137,79,0,17,1,3,1,2,4,14,8,16,58.49,212,43.87,212,52.63,209,,0,26.89,55.5,,25057.35,-0.28,False,False,58.0,False
2024-10-16,SMALLCAP250,216,114,102,0,14,2,3,0,3,4,15,6,12,66.51,212,49.53,212,49.76,209,,0,25.0,54.55,,24971.3,-0.34,False,False,54.0,False
2024-10-17,SMALLCAP250,216,37,179,0,1,8,1,0,0,5,2,12,-7,47.17,212,41.51,212,45.93,209,,0,26.89,52.63,,24749.85,-0.89,False,True,35.0,False
2024-10-18,SMALLCAP250,216,103,113,0,6,7,0,1,1,7,5,9,-1,43.87,212,37.74,212,43.54,209,,0,27.36,51.67,,24854.05,0.42,False,False,20.0,False
2024-10-21,SMALLCAP250,216,30,186,0,4,26,1,2,1,7,2,18,-22,23.72,215,22.64,212,34.29,210,,0,33.02,49.05,,24781.1,-0.29,False,False,-2.0,False
2024-10-22,SMALLCAP250,216,6,210,0,1,104,0,2,1,8,0,33,-103,5.12,215,9.91,212,17.14,210,,0,33.49,46.19,,24472.1,-1.25,False,False,-121.0,False
2024-10-23,SMALLCAP250,216,136,80,0,25,2,0,2,1,6,3,18,23,10.65,216,15.09,212,20.85,211,,0,29.72,43.6,,24435.5,-0.15,False,True,-110.0,True
2024-10-24,SMALLCAP250,216,72,144,0,7,10,0,1,1,6,3,19,-3,12.04,216,15.57,212,21.33,211,,0,30.66,41.23,,24399.4,-0.15,False,True,-106.0,False
2024-10-25,SMALLCAP250,216,27,189,0,0,51,0,4,1,7,1,42,-51,7.87,216,9.91,212,11.37,211,,0,26.89,37.91,,24180.8,-0.9,False,False,-156.0,False
2024-10-28,SMALLCAP250,216,150,66,0,30,6,0,1,1,9,2,13,24,13.89,216,13.68,212,16.59,211,,0,20.75,35.07,,24339.15,0.65,False,False,-110.0,True
2024-10-29,SMALLCAP250,216,134,82,0,14,3,2,1,1,8,6,6,11,20.37,216,17.45,212,18.48,211,,0,18.87,30.81,,24466.85,0.52,False,False,4.0,False
2024-10-30,SMALLCAP250,216,169,46,1,29,5,2,0,1,6,5,2,24,48.61,216,30.66,212,24.64,211,,0,17.45,27.96,,24340.85,-0.51,False,False,5.0,True
2024-10-31,SMALLCAP250,216,162,54,0,32,7,3,0,0,6,10,3,25,67.59,216,46.7,212,29.86,211,,0,16.51,26.54,,24205.35,-0.56,False,False,33.0,True
2024-11-01,SMALLCAP250,216,186,30,0,7,1,6,0,2,6,10,0,6,82.41,216,53.77,212,32.7,211,,0,15.09,27.49,,24304.35,0.41,False,False,90.0,False
2024-11-04,SMALLCAP250,217,41,176,0,4,22,1,0,0,5,5,5,-18,66.2,216,38.6,215,27.01,211,,0,14.88,27.49,,23995.35,-1.27,False,True,48.0,False
2024-11-05,SMALLCAP250,217,142,74,1,12,4,0,1,5,3,8,4,8,72.69,216,44.19,215,29.86,211,,0,17.67,26.07,,24213.3,0.91,False,False,45.0,False
2024-11-06,SMALLCAP250,217,187,30,0,41,1,0,0,6,3,16,1,40,86.11,216,62.96,216,39.34,211,,0,21.76,26.07,,24484.05,1.12,False,False,61.0,True
2024-11-07,SMALLCAP250,217,79,138,0,6,3,0,0,5,2,16,3,3,81.02,216,58.33,216,37.91,211,,0,28.24,25.59,,24199.35,-1.16,False,False,39.0,False
2024-11-08,SMALLCAP250,217,33,184,0,3,20,1,0,4,2,4,4,-17,49.07,216,46.3,216,33.65,211,,0,40.28,25.12,,24148.2,-0.21,False,False,16.0,False
2024-11-11,SMALLCAP250,217,55,162,0,3,14,1,0,3,2,4,9,-11,34.72,216,40.74,216,28.91,211,,0,47.69,25.12,,24141.3,-0.03,False,False,23.0,False
2024-11-12,SMALLCAP250,218,44,174,0,2,11,1,0,2,3,1,14,-9,21.3,216,32.87,216,25.12,211,,0,56.48,23.7,,23883.45,-1.07,False,True,6.0,False
2024-11-13,SMALLCAP250,219,14,205,0,0,73,1,0,1,7,0,35,-73,7.87,216,16.67,216,14.22,211,,0,57.87,22.27,,23559.05,-1.36,False,True,-107.0,False
2024-11-14,SMALLCAP250,220,146,74,0,13,3,0,0,1,7,2,15,10,12.96,216,19.44,216,18.48,211,,0,54.63,22.27,,23532.7,-0.11,False,True,-100.0,False
2024-11-18,SMALLCAP250,221,65,155,1,6,12,0,4,1,7,1,23,-6,10.14,217,19.91,216,17.06,211,,0,48.61,20.85,,23453.8,-0.34,False,True,-89.0,False
2024-11-19,SMALLCAP250,221,147,74,0,21,2,0,2,1,5,3,12,19,22.12,217,25.0,216,20.75,212,,0,46.76,19.81,,23518.5,0.28,False,False,-59.0,False
2024-11-21,SMALLCAP250,221,63,158,0,5,11,0,2,3,6,4,26,-6,18.43,217,23.61,216,21.7,212,,0,40.74,19.81,,23349.9,-0.72,False,True,-56.0,False
2024-11-22,SMALLCAP250,221,156,63,2,11,1,0,2,4,4,4,7,10,26.73,217,28.24,216,21.23,212,,0,31.02,20.75,,23907.25,2.39,False,False,27.0,False
2024-11-25,SMALLCAP250,221,183,38,0,52,1,0,2,2,2,6,1,51,63.59,217,47.22,216,30.66,212,,0,24.54,22.17,,24221.9,1.32,False,False,68.0,True
2024-11-26,SMALLCAP250,221,122,99,0,19,3,1,1,3,3,6,1,16,74.65,217,50.46,216,32.08,212,,0,21.3,24.06,,24194.5,-0.11,False,False,90.0,False
2024-11-27,SMALLCAP250,221,162,57,2,23,2,3,0,8,2,7,2,21,84.4,218,60.19,216,36.79,212,,0,19.91,26.89,,24274.9,0.33,False,False,92.0,True
2024-11-28,SMALLCAP250,221,109,111,1,11,4,3,0,4,1,5,2,7,84.02,219,63.43,216,40.57,212,,0,21.3,27.83,,23914.15,-1.49,False,False,105.0,False
2024-11-29,SMALLCAP250,221,141,78,2,16,3,4,0,4,2,11,1,13,87.27,220,66.67,216,43.4,212,,0,27.78,28.77,,24131.1,0.91,False,False,108.0,False
2024-12-02,SMALLCAP250,221,134,86,1,10,4,2,0,2,1,14,1,6,85.97,221,72.22,216,48.11,212,,0,35.65,29.72,,24276.05,0.6,False,False,63.0,False
2024-12-03,SMALLCAP250,221,163,57,1,18,5,2,0,3,1,15,1,13,86.88,221,79.72,217,55.19,212,,0,47.0,29.72,,24457.15,0.75,False,False,60.0,False
2024-12-04,SMALLCAP250,221,140,81,0,16,1,5,0,3,1,13,1,15,85.52,221,83.41,217,58.49,212,,0,61.75,30.19,,24467.45,0.04,False,False,54.0,False
2024-12-05,SMALLCAP250,221,109,111,1,14,1,3,0,4,1,13,0,13,80.54,221,84.33,217,59.91,212,,0,70.05,30.19,,24708.4,0.98,False,False,60.0,False
2024-12-06,SMALLCAP250,221,121,100,0,12,2,2,0,7,1,10,0,10,78.73,221,84.33,217,61.32,212,,0,79.72,31.6,,24677.8,-0.12,False,False,57.0,False
2024-12-09,SMALLCAP250,221,116,105,0,17,8,4,0,4,1,21,1,9,73.3,221,82.95,217,63.68,212,,0,85.71,32.55,,24619.0,-0.24,False,False,60.0,False
2024-12-10,SMALLCAP250,220,108,112,0,15,3,1,0,4,2,13,1,12,71.36,220,83.41,217,65.09,212,,0,90.32,33.96,,24610.05,-0.04,False,False,59.0,False
2024-12-11,SMALLCAP250,220,115,105,0,10,1,1,0,4,2,11,1,9,71.36,220,83.49,218,66.04,212,,0,91.28,37.74,,24641.8,0.13,False,False,53.0,False
2024-12-12,SMALLCAP250,220,60,160,0,4,7,1,0,7,1,12,1,-3,51.82,220,76.26,219,61.32,212,,0,90.41,40.57,,24548.7,-0.38,False,False,37.0,False
2024-12-13,SMALLCAP250,220,69,151,0,4,1,0,0,6,1,6,1,3,40.0,220,70.45,220,58.96,212,,0,87.73,45.75,,24768.3,0.89,True,False,30.0,False
2024-12-16,SMALLCAP250,221,122,99,0,11,1,0,0,18,1,12,1,10,45.0,220,67.73,220,59.43,212,,0,87.27,50.0,,24668.25,-0.4,False,False,31.0,False
2024-12-17,SMALLCAP250,221,74,147,0,6,0,0,0,17,1,8,2,6,37.27,220,60.91,220,58.49,212,,0,83.18,53.3,,24336.0,-1.35,False,False,25.0,False
2024-12-18,SMALLCAP250,222,59,161,2,9,5,0,0,19,0,5,5,4,28.64,220,52.27,220,56.28,215,,0,79.55,53.95,,24198.85,-0.56,False,False,20.0,False
2024-12-19,SMALLCAP250,223,81,141,1,6,5,0,0,13,0,9,4,1,25.45,220,44.09,220,53.02,215,,0,72.73,56.28,,23951.7,-1.02,False,False,24.0,False
2024-12-20,SMALLCAP250,224,36,188,0,5,34,0,0,12,0,6,9,-29,19.09,220,30.0,220,41.2,216,,0,64.55,60.65,,23587.5,-1.52,False,True,-8.0,False
2024-12-23,SMALLCAP250,225,93,131,1,9,7,0,0,11,0,5,4,2,18.64,220,27.73,220,39.81,216,,0,50.91,61.11,,23753.45,0.7,False,False,-16.0,False
2024-12-24,SMALLCAP250,225,137,88,0,12,1,1,0,9,0,5,3,11,24.55,220,26.36,220,39.81,216,,0,45.45,61.57,,23727.65,-0.11,False,False,-11.0,False
2024-12-26,SMALLCAP250,225,74,150,1,10,3,2,0,9,0,5,3,7,22.27,220,25.0,220,39.81,216,,0,35.0,62.04,,23750.2,0.1,False,False,-8.0,False
2024-12-27,SMALLCAP250,225,118,103,4,7,4,3,0,7,0,3,1,3,25.91,220,25.91,220,42.59,216,,0,30.45,62.5,,23813.4,0.27,False,False,-6.0,False
2024-12-30,SMALLCAP250,225,81,144,0,10,18,0,0,10,0,4,11,-8,31.22,221,28.18,220,40.28,216,,0,25.45,63.43,,23644.9,-0.71,False,False,15.0,False
2024-12-31,SMALLCAP250,226,150,76,0,13,1,0,0,10,0,4,2,12,42.08,221,32.27,220,44.91,216,,0,23.64,63.43,,23644.8,-0.0,False,False,25.0,False
2025-01-01,SMALLCAP250,226,153,72,1,16,2,0,0,8,0,8,2,14,59.91,222,38.64,220,52.31,216,,0,21.36,65.74,,23742.9,0.41,False,False,28.0,False
2025-01-02,SMALLCAP250,226,146,80,0,8,0,0,0,9,0,9,0,8,73.99,223,41.82,220,56.02,216,,0,22.73,62.96,,24188.65,1.88,False,False,29.0,False
2025-01-03,SMALLCAP250,226,97,128,1,10,2,1,0,7,0,10,1,8,69.64,224,40.91,220,54.17,216,,0,24.55,62.5,,24004.75,-0.76,False,False,34.0,False
2025-01-06,SMALLCAP250,226,22,204,0,4,87,2,0,7,0,2,18,-83,24.0,225,25.0,220,35.19,216,,0,27.27,60.19,,23616.05,-1.62,False,False,-41.0,False
2025-01-07,SMALLCAP250,226,184,41,1,28,2,3,0,5,0,8,4,26,37.33,225,34.55,220,43.98,216,,0,29.55,56.94,,23707.9,0.39,False,False,-27.0,True
2025-01-08,SMALLCAP250,226,52,174,0,5,9,2,0,5,0,2,9,-4,28.89,225,27.73,220,37.96,216,,0,31.36,54.17,,23688.95,-0.08,False,False,-45.0,False
2025-01-09,SMALLCAP250,226,53,170,3,2,11,1,0,2,0,3,15,-9,22.67,225,24.55,220,31.48,216,,0,35.91,50.93,,23526.5,-0.69,False,False,-62.0,False
2025-01-10,SMALLCAP250,225,30,195,0,2,51,0,1,2,2,1,26,-49,10.27,224,15.98,219,24.54,216,,0,34.7,48.15,,23431.5,-0.4,False,False,-119.0,False
2025-01-13,SMALLCAP250,224,7,216,1,1,122,0,1,1,9,0,48,-121,3.57,224,6.39,219,12.09,215,,0,29.68,44.19,,23085.95,-1.47,False,False,-157.0,False
2025-01-14,SMALLCAP250,224,180,44,0,36,1,0,1,1,3,0,3,35,8.93,224,9.59,219,17.21,215,,0,25.11,40.47,,23176.05,0.39,False,False,-148.0,True
2025-01-15,SMALLCAP250,224,113,110,1,14,7,0,0,1,4,1,4,7,8.48,224,10.45,220,18.06,216,,0,21.36,38.43,,23213.2,0.16,False,False,-137.0,False
2025-01-16,SMALLCAP250,224,173,51,0,28,2,0,0,1,2,0,0,26,24.55,224,17.19,221,21.3,216,,0,19.0,35.19,,23311.8,0.42,False,False,-102.0,True
2025-01-17,SMALLCAP250,224,105,119,0,8,4,1,0,1,1,0,2,4,37.95,224,18.02,222,22.69,216,,0,16.67,34.26,,23203.2,-0.47,False,False,-49.0,False
2025-01-20,SMALLCAP250,224,150,74,0,16,4,4,1,1,1,0,5,12,50.89,224,28.25,223,26.85,216,36.22,196,14.35,31.02,45.41,23344.75,0.61,False,False,84.0,False
2025-01-21,SMALLCAP250,224,35,189,0,1,23,0,1,1,2,1,8,-22,37.95,224,20.63,223,18.52,216,34.69,196,10.76,30.09,44.39,23024.65,-1.37,False,True,27.0,False
2025-01-22,SMALLCAP250,224,42,182,0,3,26,0,3,0,7,1,16,-23,27.23,224,15.25,223,15.28,216,32.14,196,8.97,27.78,44.9,23155.35,0.57,False,False,-3.0,False
2025-01-23,SMALLCAP250,224,138,84,2,20,5,0,3,0,6,2,5,15,43.75,224,19.28,223,18.06,216,31.63,196,8.52,25.93,43.88,23205.35,0.22,False,False,-14.0,False
2025-01-24,SMALLCAP250,224,20,204,0,3,27,0,5,1,10,0,21,-24,19.64,224,11.66,223,13.82,217,27.04,196,8.52,24.42,43.37,23092.2,-0.49,False,False,-42.0,False
2025-01-27,SMALLCAP250,224,19,205,0,3,87,0,9,0,20,0,48,-84,5.8,224,6.25,224,6.42,218,21.43,196,11.16,22.02,43.37,22829.15,-1.14,False,False,-138.0,False
2025-01-28,SMALLCAP250,224,63,161,0,5,30,0,10,0,26,0,51,-25,5.36,224,4.02,224,6.88,218,18.37,196,11.16,18.81,43.37,22957.25,0.56,False,False,-141.0,False
2025-01-29,SMALLCAP250,224,204,20,0,76,2,0,3,0,17,2,5,74,21.43,224,15.18,224,10.09,218,23.47,196,15.18,15.6,41.84,23163.1,0.9,False,False,-44.0,True
2025-01-30,SMALLCAP250,224,109,115,0,16,12,0,5,0,20,3,7,4,27.68,224,18.75,224,11.01,218,25.51,196,16.96,13.76,41.84,23249.5,0.37,False,False,-55.0,False
2025-01-31,SMALLCAP250,224,181,43,0,39,3,2,4,2,18,4,5,36,53.57,224,33.93,224,15.14,218,28.57,196,19.2,12.39,41.84,23508.4,1.11,False,False,5.0,True
2025-02-03,SMALLCAP250,225,58,167,0,3,47,2,3,1,22,3,18,-44,41.07,224,28.57,224,15.6,218,27.04,196,18.3,11.01,40.82,23361.05,-0.63,False,False,45.0,False
2025-02-04,SMALLCAP250,225,158,67,0,20,4,6,3,2,15,2,7,16,52.23,224,36.16,224,16.97,218,26.02,196,18.75,10.55,40.31,23739.25,1.62,True,False,86.0,False
2025-02-05,SMALLCAP250,225,168,56,1,28,3,2,3,1,12,3,4,25,68.3,224,50.0,224,21.56,218,30.1,196,23.21,10.55,39.8,23696.3,-0.18,False,False,37.0,True
2025-02-06,SMALLCAP250,226,103,123,0,9,3,1,2,1,11,4,10,6,70.54,224,49.55,224,21.1,218,31.12,196,22.77,9.63,39.29,23603.35,-0.39,False,False,39.0,False
2025-02-07,SMALLCAP250,226,72,154,0,6,12,1,0,1,11,3,14,-6,62.95,224,45.98,224,19.27,218,29.59,196,27.23,10.09,39.29,23559.95,-0.18,False,False,-3.0,False
2025-02-10,SMALLCAP250,226,29,197,0,2,35,0,0,1,12,1,27,-33,34.82,224,30.8,224,16.51,218,25.0,196,29.46,10.09,38.27,23381.6,-0.76,False,False,8.0,False
2025-02-11,SMALLCAP250,226,12,214,0,2,87,0,0,1,12,0,49,-85,11.16,224,15.18,224,10.55,218,19.39,196,31.7,10.09,38.27,23071.8,-1.32,False,False,-93.0,False
2025-02-12,SMALLCAP250,226,77,148,1,7,11,0,0,1,12,0,48,-4,9.82,224,15.18,224,7.8,218,18.88,196,31.7,9.63,38.27,23045.25,-0.12,False,False,-122.0,False
2025-02-13,SMALLCAP250,226,99,126,1,7,9,0,3,1,12,1,34,-2,9.82,224,13.39,224,7.8,218,17.77,197,32.14,10.09,38.58,23031.4,-0.06,False,False,-130.0,False
2025-02-14,SMALLCAP250,226,18,208,0,0,86,0,6,0,20,1,68,-86,4.0,225,6.25,224,5.5,218,12.69,197,30.36,8.26,37.06,22929.25,-0.44,False,False,-210.0,False
2025-02-17,SMALLCAP250,226,103,122,1,10,21,0,7,1,23,0,49,-11,4.0,225,7.59,224,5.05,218,13.2,197,29.02,8.26,36.55,22959.5,0.13,False,False,-188.0,False
2025-02-18,SMALLCAP250,226,58,168,0,2,22,0,6,0,33,0,66,-20,6.22,225,8.04,224,5.5,218,11.17,197,24.55,8.26,36.55,22945.3,-0.06,False,False,-123.0,False
2025-02-19,SMALLCAP250,226,181,45,0,60,5,0,5,1,20,1,12,55,20.35,226,14.29,224,6.88,218,13.71,197,20.09,8.26,35.53,22932.9,-0.05,False,False,-64.0,True
2025-02-20,SMALLCAP250,226,159,67,0,20,2,0,4,1,13,3,5,18,37.61,226,22.77,224,9.63,218,14.72,197,17.41,9.63,34.52,22913.15,-0.09,False,False,-44.0,False
2025-02-21,SMALLCAP250,226,75,151,0,5,9,0,1,1,16,1,10,-4,40.27,226,19.2,224,9.17,218,16.24,197,12.5,11.93,32.99,22795.9,-0.51,False,True,38.0,False
2025-02-24,SMALLCAP250,226,40,184,2,3,9,0,0,1,15,0,24,-6,32.3,226,13.39,224,8.22,219,13.71,197,8.04,11.87,31.98,22553.35,-1.06,False,True,43.0,False
2025-02-25,SMALLCAP250,226,92,133,1,9,8,0,0,2,10,2,26,1,31.86,226,16.07,224,8.22,219,15.23,197,7.59,11.87,31.47,22547.55,-0.03,False,True,64.0,False
2025-02-27,SMALLCAP250,226,41,185,0,5,39,0,1,5,10,2,53,-34,21.24,226,12.05,224,8.64,220,10.61,198,7.59,10.45,30.81,22545.05,-0.01,False,True,-25.0,False
2025-02-28,SMALLCAP250,226,40,186,0,4,71,0,1,0,20,0,70,-67,11.5,226,7.59,224,8.14,221,9.6,198,6.7,9.95,28.79,22124.7,-1.86,False,True,-110.0,False
2025-03-03,SMALLCAP250,227,82,144,1,7,27,0,1,1,20,1,61,-20,13.27,226,8.44,225,7.21,222,8.5,200,8.44,9.91,27.5,22119.3,-0.02,False,True,-126.0,False
2025-03-04,SMALLCAP250,227,161,66,0,26,2,0,1,1,22,0,23,24,20.35,226,11.11,225,7.17,223,9.5,200,9.78,8.97,26.5,22082.65,-0.17,False,True,-96.0,True
2025-03-05,SMALLCAP250,227,207,20,0,51,2,1,1,1,12,0,3,49,42.92,226,22.67,225,10.31,223,13.0,200,13.33,8.52,25.5,22337.3,1.15,False,False,-48.0,True
2025-03-06,SMALLCAP250,227,180,47,0,30,1,1,1,1,11,1,2,29,66.81,226,35.84,226,14.35,223,13.86,202,14.6,7.17,24.75,22544.7,0.93,False,False,15.0,True
2025-03-07,SMALLCAP250,227,135,91,1,16,1,5,1,0,9,1,0,15,76.99,226,44.69,226,14.35,223,15.35,202,18.14,7.62,24.26,22552.5,0.03,False,False,97.0,False
2025-03-10,SMALLCAP250,227,47,180,0,2,43,1,1,0,13,0,11,-41,59.29,226,40.27,226,12.56,223,13.79,203,20.8,8.07,23.65,22460.3,-0.41,False,False,76.0,False
2025-03-11,SMALLCAP250,227,72,154,1,6,11,0,1,0,15,2,16,-5,50.88,226,38.5,226,12.05,224,13.3,203,24.34,7.14,22.66,22497.9,0.17,False,False,47.0,False
2025-03-12,SMALLCAP250,227,80,146,1,4,7,0,0,0,11,4,26,-3,47.35,226,37.17,226,12.05,224,11.82,203,24.78,6.25,21.18,22470.5,-0.12,False,False,-5.0,False
2025-03-13,SMALLCAP250,227,76,151,0,5,6,0,0,0,7,2,28,-1,37.61,226,34.51,226,11.16,224,10.84,203,29.2,7.14,19.7,22397.2,-0.33,False,False,-35.0,False
2025-03-17,SMALLCAP250,227,112,115,0,12,4,0,1,0,9,3,31,8,40.09,227,38.5,226,13.39,224,10.84,203,34.96,8.04,17.73,22508.75,0.5,False,False,-42.0,False
2025-03-18,SMALLCAP250,227,204,23,0,48,1,0,0,0,3,4,1,47,64.32,227,57.52,226,17.86,224,14.29,203,44.25,9.82,16.26,22834.3,1.45,False,False,46.0,True
2025-03-19,SMALLCAP250,227,193,34,0,41,0,1,0,2,2,4,1,41,83.7,227,75.22,226,28.12,224,15.27,203,52.21,10.27,15.76,22907.6,0.32,False,False,92.0,True
2025-03-20,SMALLCAP250,227,145,82,0,16,3,1,0,5,1,4,0,13,86.34,227,78.76,226,33.48,224,17.73,203,55.75,11.61,15.27,23190.65,1.24,False,False,108.0,False
2025-03-21,SMALLCAP250,227,183,43,1,50,3,8,0,11,1,6,0,47,92.95,227,89.38,226,44.64,224,19.7,203,61.5,14.29,14.78,23350.4,0.69,False,False,156.0,True
2025-03-24,SMALLCAP250,227,158,68,1,25,1,17,0,11,1,4,1,24,94.71,227,91.59,226,54.46,224,21.67,203,64.16,16.07,14.29,23658.35,1.32,False,False,172.0,True
2025-03-25,SMALLCAP250,227,48,179,0,4,22,5,0,8,1,0,2,-18,85.46,227,84.51,226,46.43,224,21.67,203,70.8,16.96,13.79,23668.65,0.04,True,False,107.0,False
2025-03-26,SMALLCAP250,227,48,179,0,5,15,1,0,6,1,1,3,-10,64.32,227,75.22,226,39.73,224,17.65,204,75.22,17.86,13.73,23486.85,-0.77,False,False,56.0,False
2025-03-27,SMALLCAP250,227,144,83,0,25,4,0,0,8,1,2,2,21,73.13,227,81.42,226,45.54,224,20.59,204,82.3,18.75,13.73,23591.95,0.45,False,False,64.0,True
2025-03-28,SMALLCAP250,227,93,133,1,9,5,0,0,12,1,2,4,4,62.56,227,76.99,226,45.98,224,20.1,204,86.28,20.09,13.73,23519.35,-0.31,False,False,21.0,False
2025-04-01,SMALLCAP250,227,111,116,0,14,14,0,0,12,1,1,5,0,53.3,227,75.33,227,45.09,224,17.65,204,88.99,20.54,13.73,23165.7,-1.5,False,False,-3.0,False
2025-04-02,SMALLCAP250,227,167,58,2,10,3,0,0,23,1,2,5,7,63.0,227,78.41,227,51.79,224,22.06,204,85.9,24.11,13.24,23332.35,0.72,False,False,22.0,False
2025-04-03,SMALLCAP250,227,142,85,0,15,4,0,0,25,1,1,5,11,63.88,227,80.62,227,58.48,224,23.04,204,86.34,30.8,12.75,23250.1,-0.35,False,False,43.0,False
2025-04-04,SMALLCAP250,227,11,216,0,0,76,1,0,17,1,0,12,-76,23.35,227,49.78,227,42.41,224,17.16,204,83.7,35.71,12.25,22904.45,-1.49,False,False,-54.0,False
2025-04-07,SMALLCAP250,227,6,221,0,0,133,0,3,1,0,0,37,-133,7.05,227,21.59,227,20.54,224,13.24,204,77.09,37.95,11.76,22161.6,-3.24,False,True,-191.0,False
2025-04-08,SMALLCAP250,227,197,30,0,39,3,0,0,1,0,0,4,36,19.38,227,34.36,227,36.16,224,15.69,204,69.6,39.73,12.25,22535.85,1.69,False,False,-155.0,True
2025-04-09,SMALLCAP250,227,62,165,0,5,24,0,2,0,1,1,17,-19,18.5,227,29.96,227,31.25,224,13.73,204,60.79,42.86,12.75,22399.15,-0.61,False,False,-181.0,False
2025-04-11,SMALLCAP250,227,208,19,0,64,0,0,0,4,0,2,2,64,41.41,227,51.1,227,43.3,224,17.65,204,53.3,43.3,12.75,22828.55,1.92,False,False,-128.0,True
2025-04-15,SMALLCAP250,228,214,14,0,70,0,0,0,12,0,3,0,70,77.53,227,67.4,227,58.48,224,22.06,204,51.1,45.98,12.75,23328.55,2.19,False,False,18.0,True
2025-04-16,SMALLCAP250,228,165,62,1,17,2,5,0,14,0,3,0,15,86.78,227,73.57,227,66.07,224,26.96,204,50.22,51.34,12.25,23437.2,0.47,False,False,166.0,False
2025-04-17,SMALLCAP250,228,129,99,0,10,2,3,0,14,0,2,0,8,85.9,227,71.81,227,69.2,224,27.45,204,46.26,55.36,11.27,23851.65,1.77,False,False,138.0,False
2025-04-21,SMALLCAP250,228,194,33,1,31,0,9,0,23,0,3,0,31,95.59,227,82.82,227,77.33,225,29.41,204,43.17,56.89,11.27,24125.55,1.15,False,False,188.0,True
2025-04-22,SMALLCAP250,228,141,87,0,11,0,4,0,17,0,4,0,11,95.59,227,85.02,227,78.67,225,28.92,204,41.41,60.0,11.76,24167.25,0.17,False,False,135.0,False
2025-04-23,SMALLCAP250,228,124,104,0,15,2,1,0,10,0,5,0,13,93.83,227,86.78,227,81.78,225,30.24,205,48.02,66.22,12.2,24328.95,0.67,False,False,78.0,False
2025-04-24,SMALLCAP250,228,89,139,0,7,6,0,0,7,0,3,0,1,88.99,227,82.82,227,80.97,226,30.73,205,59.47,68.58,12.2,24246.7,-0.34,False,False,64.0,False
2025-04-25,SMALLCAP250,228,25,203,0,1,59,0,0,3,0,3,2,-58,52.42,227,63.44,227,70.35,226,24.88,205,67.84,69.03,12.2,24039.35,-0.86,False,False,-2.0,False
2025-04-28,SMALLCAP250,228,135,91,2,10,3,0,0,3,0,5,3,7,50.22,227,67.4,227,73.45,226,24.88,205,76.65,69.03,11.71,24328.5,1.2,False,False,-26.0,False
2025-04-29,SMALLCAP250,228,109,119,0,14,3,1,0,4,0,3,1,11,46.93,228,66.08,227,73.89,226,24.88,205,83.7,71.24,11.71,24335.95,0.03,True,False,-26.0,False
2025-04-30,SMALLCAP250,228,39,189,0,5,16,1,1,3,0,3,2,-11,22.37,228,48.9,227,65.49,226,23.41,205,84.58,72.57,12.68,24334.2,-0.01,False,False,-50.0,False
2025-05-02,SMALLCAP250,228,112,116,0,11,5,0,1,4,0,4,0,6,28.07,228,49.34,227,66.37,226,23.3,206,80.62,72.12,13.11,24346.7,0.05,True,False,-45.0,False
2025-05-05,SMALLCAP250,228,164,64,0,16,1,2,0,4,0,6,0,15,36.4,228,62.11,227,70.35,226,24.27,206,80.62,72.12,14.08,24461.15,0.47,True,False,28.0,False
2025-05-06,SMALLCAP250,229,27,202,0,4,47,1,0,5,0,3,3,-43,21.05,228,37.44,227,59.73,226,21.36,206,77.53,71.68,14.08,24379.6,-0.33,False,False,-22.0,False
2025-05-07,SMALLCAP250,229,175,53,1,17,0,2,0,7,0,6,2,17,32.02,228,50.66,227,61.95,226,23.79,206,75.33,70.35,14.08,24414.4,0.14,False,False,-16.0,False
2025-05-08,SMALLCAP250,229,45,181,3,3,9,1,0,5,0,1,5,-6,27.19,228,41.85,227,53.1,226,22.22,207,66.08,70.8,14.01,24273.8,-0.58,False,False,-11.0,False
2025-05-09,SMALLCAP250,229,88,140,1,8,4,2,0,7,0,2,9,4,26.75,228,36.56,227,51.33,226,19.81,207,49.78,72.12,14.01,24008.0,-1.1,False,False,-13.0,False
2025-05-12,SMALLCAP250,229,216,13,0,118,0,2,0,23,0,5,0,118,82.46,228,70.93,227,79.2,226,28.5,207,45.37,74.78,14.49,24924.7,3.82,True,False,90.0,True
2025-05-13,SMALLCAP250,229,142,86,1,24,3,2,0,18,0,7,0,21,87.72,228,70.93,227,82.74,226,28.99,207,39.65,77.88,14.49,24578.35,-1.39,False,False,154.0,True
2025-05-14,SMALLCAP250,229,178,50,1,28,2,2,0,29,0,8,0,26,89.91,228,78.51,228,86.28,226,30.92,207,39.47,81.86,14.98,24666.9,0.36,False,False,163.0,True
2025-05-15,SMALLCAP250,229,154,74,1,19,4,8,0,19,0,7,0,15,89.47,228,82.89,228,86.73,226,32.37,207,42.54,80.53,15.46,25062.1,1.6,False,False,184.0,False
2025-05-16,SMALLCAP250,229,157,71,1,39,3,17,0,12,0,3,0,36,90.35,228,85.96,228,89.82,226,35.27,207,50.88,81.86,15.94,25019.8,-0.17,False,False,216.0,True
2025-05-19,SMALLCAP250,230,137,92,1,16,1,10,0,13,0,5,0,15,89.96,229,85.96,228,88.99,227,40.38,208,58.33,81.94,17.31,24945.45,-0.3,False,False,113.0,False
2025-05-20,SMALLCAP250,230,61,169,0,6,17,4,0,14,0,3,0,-11,83.84,229,85.09,228,84.14,227,38.46,208,70.61,81.94,17.31,24683.9,-1.05,False,False,81.0,False
2025-05-21,SMALLCAP250,230,151,77,2,13,4,1,0,13,0,5,0,9,82.1,229,83.77,228,87.22,227,42.31,208,77.63,80.62,17.79,24813.45,0.52,False,False,64.0,False
2025-05-22,SMALLCAP250,230,107,123,0,9,3,2,1,11,1,2,1,6,77.29,229,84.65,228,86.78,227,41.83,208,84.21,77.53,18.75,24609.7,-0.82,False,False,55.0,False
2025-05-23,SMALLCAP250,230,140,90,0,11,3,3,1,12,1,6,1,8,73.8,229,86.4,228,86.78,227,44.71,208,89.91,77.53,19.23,24853.15,0.99,False,False,27.0,False
2025-05-26,SMALLCAP250,230,144,85,1,14,2,2,1,13,1,4,1,12,72.05,229,85.96,228,86.78,227,46.63,208,89.47,81.06,20.19,25001.15,0.6,False,False,24.0,False
2025-05-27,SMALLCAP250,230,107,123,0,10,8,4,1,21,1,5,0,2,69.87,229,84.21,228,85.46,227,47.6,208,89.04,79.74,21.15,24826.2,-0.7,False,False,37.0,False
2025-05-28,SMALLCAP250,231,119,111,1,16,1,3,1,23,1,8,0,15,65.94,229,83.33,228,83.7,227,49.52,208,89.04,80.62,21.63,24752.45,-0.3,False,False,43.0,False
2025-05-29,SMALLCAP250,231,124,106,1,20,0,3,0,25,1,9,0,20,69.0,229,81.14,228,83.7,227,48.56,208,89.91,81.5,22.12,24833.6,0.33,False,False,57.0,False
2025-05-30,SMALLCAP250,231,116,115,0,21,12,5,0,34,1,10,2,9,65.65,230,82.46,228,83.26,227,50.96,208,89.47,80.62,22.12,24750.7,-0.33,False,False,58.0,False
2025-06-02,SMALLCAP250,234,136,98,0,16,7,3,0,34,1,10,0,9,67.83,230,82.1,229,84.58,227,50.72,209,86.9,81.5,22.01,24716.6,-0.14,False,False,55.0,False
2025-06-03,SMALLCAP250,234,94,140,0,9,3,1,0,28,1,6,1,6,59.13,230,76.42,229,82.82,227,50.24,209,84.72,81.5,23.44,24542.5,-0.7,False,False,59.0,False
2025-06-04,SMALLCAP250,234,141,93,0,15,2,1,0,45,1,4,2,13,63.48,230,77.73,229,81.94,227,50.48,210,83.84,82.82,24.29,24620.2,0.32,False,False,57.0,False
2025-06-05,SMALLCAP250,234,135,99,0,12,0,0,0,41,1,8,0,12,61.3,230,75.55,229,83.26,227,50.95,210,80.35,84.58,25.24,24750.9,0.53,False,False,49.0,False
2025-06-06,SMALLCAP250,233,114,118,1,17,4,0,0,46,1,6,0,13,67.25,229,75.0,228,84.51,226,52.63,209,77.63,87.17,26.32,25003.05,1.02,False,False,53.0,False
2025-06-09,SMALLCAP250,233,163,69,1,19,0,0,0,53,1,8,0,19,71.62,229,80.26,228,88.5,226,54.55,209,77.19,88.5,27.27,25103.2,0.4,True,False,63.0,False
2025-06-10,SMALLCAP250,233,118,115,0,8,0,1,0,37,1,11,1,8,73.91,230,80.26,228,88.5,226,57.42,209,74.56,88.94,27.75,25104.25,0.0,True,False,65.0,False
2025-06-11,SMALLCAP250,233,107,126,0,12,5,1,0,28,1,10,0,7,67.39,230,77.19,228,86.73,226,57.42,209,76.32,88.5,29.67,25141.4,0.15,True,False,59.0,False
2025-06-12,SMALLCAP250,233,33,200,0,6,9,0,0,14,1,6,1,-3,43.04,230,58.77,228,82.74,226,52.15,209,75.0,88.5,29.67,24888.2,-1.01,False,False,44.0,False
2025-06-13,SMALLCAP250,233,67,165,1,3,1,0,0,12,1,6,1,2,35.19,233,51.09,229,78.76,226,51.2,209,72.93,88.5,29.67,24718.6,-0.68,False,False,33.0,False
2025-06-16,SMALLCAP250,233,128,104,1,6,0,0,0,8,1,6,0,6,39.91,233,54.59,229,78.76,226,54.55,209,71.62,87.61,31.1,24946.5,0.92,False,False,20.0,False
2025-06-17,SMALLCAP250,230,76,153,1,4,4,0,0,6,1,4,1,0,30.43,230,46.46,226,75.78,223,51.69,207,68.58,87.44,31.4,24853.4,-0.37,False,False,12.0,False
2025-06-18,SMALLCAP250,230,85,144,1,3,1,0,0,8,1,2,1,2,26.96,230,44.25,226,73.99,223,50.72,207,63.72,86.1,31.4,24812.05,-0.17,False,False,7.0,False
2025-06-19,SMALLCAP250,230,19,211,0,1,12,0,0,6,1,2,2,-11,14.35,230,27.88,226,63.68,223,45.41,207,56.64,85.65,30.92,24793.25,-0.08,False,False,-1.0,False
2025-06-20,SMALLCAP250,230,147,83,0,11,7,0,0,3,0,3,0,4,16.52,230,30.53,226,64.13,223,46.38,207,50.88,84.75,31.88,25112.4,1.29,False,False,1.0,False
2025-06-23,SMALLCAP250,231,135,96,0,14,3,0,0,6,0,7,1,11,26.96,230,34.51,226,65.92,223,48.31,207,47.79,83.41,33.82,24971.9,-0.56,False,False,6.0,False
2025-06-24,SMALLCAP250,231,159,72,0,13,4,0,0,3,0,8,0,9,44.35,230,40.53,227,69.06,223,50.24,207,42.29,81.17,35.75,25044.35,0.29,False,False,15.0,False
2025-06-25,SMALLCAP250,231,181,50,0,21,2,1,0,5,0,7,1,19,72.61,230,57.71,227,75.0,224,55.56,207,36.56,81.25,37.68,25244.75,0.8,True,False,32.0,False
2025-06-26,SMALLCAP250,231,114,115,2,4,1,0,0,1,0,9,1,3,73.48,230,58.15,227,75.0,224,56.04,207,35.68,79.46,38.65,25549.0,1.21,True,False,46.0,False
2025-06-27,SMALLCAP250,231,150,81,0,14,2,1,0,4,0,13,1,12,80.0,230,63.48,230,80.8,224,57.49,207,34.35,79.46,41.55,25637.8,0.35,True,False,54.0,False
2025-06-30,SMALLCAP250,231,151,79,1,17,3,1,0,3,0,15,0,14,83.04,230,66.09,230,81.25,224,58.17,208,36.96,79.46,42.31,25517.05,-0.47,False,False,57.0,False
2025-07-01,SMALLCAP250,231,86,143,2,9,8,2,0,3,0,11,1,1,73.91,230,63.48,230,79.02,224,56.25,208,38.26,79.46,44.71,25541.8,0.1,False,False,49.0,False
2025-07-02,SMALLCAP250,231,93,138,0,6,4,2,0,2,0,7,1,2,68.26,230,63.04,230,80.36,224,56.25,208,42.61,79.91,45.19,25453.4,-0.35,False,False,32.0,False
2025-07-03,SMALLCAP250,231,124,107,0,8,0,2,0,4,0,12,1,8,67.39,230,65.22,230,80.36,224,58.65,208,53.48,79.46,46.15,25405.3,-0.19,False,False,37.0,False
2025-07-04,SMALLCAP250,231,120,110,1,4,4,2,0,3,0,8,0,0,62.77,231,65.65,230,80.8,224,59.13,208,62.17,79.46,46.15,25461.0,0.22,False,False,25.0,False
2025-07-07,SMALLCAP250,232,93,138,1,1,2,2,0,5,0,4,0,-1,56.71,231,63.91,230,76.79,224,57.69,208,69.57,79.02,47.12,25461.3,0.0,False,False,10.0,False
2025-07-08,SMALLCAP250,232,104,128,0,9,0,0,0,5,0,6,0,9,48.48,231,60.87,230,76.79,224,57.21,208,73.48,75.89,50.0,25522.5,0.24,False,False,18.0,False
2025-07-09,SMALLCAP250,232,133,98,1,10,0,0,0,4,0,7,1,10,54.11,231,64.78,230,78.12,224,61.06,208,74.78,74.11,50.96,25476.1,-0.18,False,False,26.0,False
2025-07-10,SMALLCAP250,232,112,120,0,9,0,1,0,4,0,8,1,9,51.52,231,66.52,230,77.23,224,61.54,208,76.52,75.0,51.92,25355.25,-0.47,False,False,27.0,False
2025-07-11,SMALLCAP250,232,67,165,0,3,1,1,0,6,0,11,1,2,41.99,231,61.74,230,73.21,224,57.69,208,75.65,74.11,51.92,25149.85,-0.81,False,False,29.0,False
2025-07-14,SMALLCAP250,233,136,96,1,17,1,4,0,7,0,11,0,16,51.08,231,64.35,230,71.56,225,59.62,208,71.3,72.0,52.88,25082.3,-0.27,False,False,46.0,False
2025-07-15,SMALLCAP250,233,165,68,0,7,6,1,0,6,0,9,0,1,67.1,231,72.17,230,77.78,225,63.46,208,71.74,71.11,54.81,25195.8,0.45,False,False,38.0,False
2025-07-16,SMALLCAP250,233,134,99,0,4,2,1,0,6,0,10,0,2,67.97,231,70.43,230,79.11,225,63.46,208,70.0,71.11,56.73,25212.05,0.06,False,False,30.0,False
2025-07-17,SMALLCAP250,233,124,109,0,7,2,2,0,6,0,12,1,5,68.83,231,69.57,230,78.22,225,66.83,208,65.65,71.11,57.69,25111.45,-0.4,False,False,26.0,False
2025-07-18,SMALLCAP250,233,65,168,0,5,5,0,1,7,1,5,2,0,57.33,232,63.64,231,72.44,225,62.5,208,64.5,72.89,59.62,24968.4,-0.57,False,True,24.0,False
2025-07-21,SMALLCAP250,233,110,123,0,3,4,0,2,6,1,11,1,-1,55.6,232,61.04,231,70.67,225,62.98,208,61.47,73.33,60.58,25090.7,0.49,False,False,7.0,False
2025-07-22,SMALLCAP250,233,86,146,1,5,5,1,1,7,1,10,2,0,48.28,232,53.68,231,64.44,225,62.98,208,57.58,72.44,60.58,25060.9,-0.12,False,False,6.0,False
2025-07-23,SMALLCAP250,233,119,114,0,7,3,1,1,6,1,9,2,4,51.29,232,53.68,231,63.56,225,63.46,208,54.98,70.67,60.58,25219.9,0.63,False,False,8.0,False
2025-07-24,SMALLCAP250,233,76,157,0,6,5,1,2,8,2,6,2,1,43.53,232,49.78,231,60.0,225,63.46,208,54.55,70.67,61.54,25062.1,-0.63,False,False,4.0,False
2025-07-25,SMALLCAP250,233,23,210,0,3,26,0,2,7,2,4,2,-23,20.17,233,32.03,231,46.02,226,56.25,208,54.55,69.91,61.06,24837.0,-0.9,False,False,-19.0,False
2025-07-28,SMALLCAP250,233,57,176,0,7,19,0,2,7,3,3,3,-12,14.16,233,22.51,231,41.15,226,54.5,211,55.41,69.47,61.61,24680.9,-0.63,False,False,-30.0,False
2025-07-29,SMALLCAP250,233,154,79,0,18,3,0,1,5,3,9,2,15,24.03,233,31.6,231,42.92,226,56.4,211,48.05,66.81,61.14,24821.1,0.57,False,False,-15.0,False
2025-07-30,SMALLCAP250,233,119,114,0,6,4,1,1,6,3,10,1,2,29.18,233,33.33,231,44.25,226,55.66,212,44.59,65.04,61.32,24855.05,0.14,False,False,-17.0,False
2025-07-31,SMALLCAP250,233,69,163,1,7,16,0,1,6,4,4,2,-9,26.18,233,31.17,231,41.59,226,54.25,212,39.83,63.72,62.26,24768.35,-0.35,False,False,-27.0,False
2025-08-01,SMALLCAP250,233,49,184,0,6,21,0,0,4,4,1,7,-15,18.45,233,23.71,232,36.28,226,50.0,212,34.48,59.73,62.74,24565.35,-0.82,False,False,-19.0,False
2025-08-04,SMALLCAP250,233,158,73,2,20,1,2,1,6,4,8,0,19,26.61,233,27.59,232,39.38,226,52.83,212,31.9,56.19,62.26,24722.75,0.64,False,False,12.0,False
2025-08-05,SMALLCAP250,234,85,149,0,5,3,1,1,6,3,2,0,2,28.33,233,27.16,232,36.56,227,52.36,212,26.72,53.74,61.79,24649.55,-0.3,False,False,-1.0,False
2025-08-06,SMALLCAP250,234,43,191,0,2,16,1,1,4,4,3,8,-14,20.17,233,20.69,232,34.36,227,50.0,212,22.84,51.1,62.26,24574.2,-0.31,False,False,-17.0,False
2025-08-07,SMALLCAP250,234,108,126,0,9,4,1,1,3,4,2,4,5,25.32,233,20.26,232,35.24,227,50.0,212,21.98,48.46,62.26,24596.15,0.09,False,False,-3.0,False
2025-08-08,SMALLCAP250,234,51,183,0,3,10,2,1,3,4,1,7,-7,20.6,233,16.74,233,28.7,230,47.64,212,21.03,47.39,62.74,24363.3,-0.95,False,False,5.0,False
2025-08-11,SMALLCAP250,234,138,95,1,13,6,0,1,3,5,6,3,7,28.33,233,19.74,233,32.17,230,49.06,212,22.75,45.22,62.26,24585.05,0.91,False,False,-7.0,False
2025-08-12,SMALLCAP250,234,112,121,1,6,6,0,1,1,6,5,9,0,33.05,233,21.89,233,32.61,230,51.42,212,23.18,44.35,61.79,24487.4,-0.4,False,False,-9.0,False
2025-08-13,SMALLCAP250,234,146,87,1,17,1,2,1,2,4,9,5,16,41.63,233,26.61,233,33.91,230,53.3,212,22.32,43.04,62.26,24619.35,0.54,False,False,21.0,False
2025-08-14,SMALLCAP250,235,88,146,1,3,7,1,1,1,4,3,5,-4,43.78,233,27.04,233,32.61,230,50.0,212,21.89,41.74,60.85,24631.3,0.05,False,False,12.0,False
2025-08-18,SMALLCAP250,235,179,53,3,21,0,1,0,3,4,5,0,21,61.37,233,39.48,233,38.26,230,52.36,212,23.61,39.13,61.32,24876.95,1.0,False,False,40.0,False
2025-08-19,SMALLCAP250,235,168,66,1,20,1,0,0,5,2,10,0,19,74.79,234,49.79,233,43.04,230,55.19,212,26.61,38.26,60.38,24980.65,0.42,False,False,52.0,False
2025-08-20,SMALLCAP250,235,116,118,1,15,2,1,0,4,4,6,0,13,73.93,234,52.36,233,43.91,230,56.6,212,30.47,36.52,60.38,25050.55,0.28,False,False,65.0,False
2025-08-21,SMALLCAP250,235,122,113,0,11,3,2,0,4,3,10,0,8,76.07,234,54.94,233,43.91,230,56.13,212,35.62,34.78,60.38,25083.75,0.13,True,False,57.0,False
2025-08-22,SMALLCAP250,235,89,144,2,7,2,1,0,2,1,8,2,5,67.52,234,52.79,233,40.0,230,52.83,212,40.77,34.78,61.32,24870.1,-0.85,False,False,66.0,False
2025-08-25,SMALLCAP250,235,115,120,0,4,3,1,0,4,1,5,0,1,67.52,234,52.79,233,42.61,230,54.46,213,45.49,35.22,60.56,24967.75,0.39,False,False,46.0,False
2025-08-26,SMALLCAP250,235,33,202,0,3,14,0,0,5,1,3,4,-11,36.75,234,39.06,233,33.91,230,47.89,213,49.79,36.52,61.03,24712.05,-1.02,False,False,16.0,False
2025-08-28,SMALLCAP250,235,47,187,1,3,10,0,0,4,1,0,6,-7,23.5,234,32.19,233,26.09,230,46.01,213,52.79,34.35,61.03,24500.9,-0.85,False,False,-4.0,False
2025-08-29,SMALLCAP250,235,84,151,0,8,2,0,0,4,2,2,6,6,22.98,235,30.47,233,28.26,230,42.72,213,51.93,34.78,60.56,24426.85,-0.3,False,False,-6.0,False
2025-09-01,SMALLCAP250,235,193,42,0,24,0,1,0,4,1,8,1,24,36.17,235,41.63,233,30.87,230,46.48,213,56.65,33.48,60.56,24625.05,0.81,False,False,13.0,True
2025-09-02,SMALLCAP250,235,147,87,1,14,3,1,1,4,1,5,2,11,45.96,235,49.79,233,34.2,231,51.64,213,56.22,32.9,61.03,24579.6,-0.18,False,False,23.0,False
2025-09-03,SMALLCAP250,235,161,74,0,17,0,1,0,6,1,8,0,17,60.85,235,59.4,234,37.23,231,55.4,213,53.42,32.47,61.5,24715.05,0.55,False,False,51.0,False
2025-09-04,SMALLCAP250,236,63,173,0,7,7,0,0,3,1,4,2,0,43.4,235,47.86,234,35.06,231,54.67,214,51.71,30.74,61.21,24734.3,0.08,False,False,58.0,False
2025-09-05,SMALLCAP250,236,121,114,1,9,1,3,0,5,1,7,2,8,50.64,235,49.15,234,35.5,231,53.49,215,49.15,31.6,61.86,24741.0,0.03,False,False,60.0,False
2025-09-08,SMALLCAP250,236,123,112,1,9,3,3,0,8,1,6,2,6,57.45,235,55.98,234,37.23,231,53.02,215,43.59,31.17,61.4,24773.15,0.13,False,False,42.0,False
2025-09-09,SMALLCAP250,238,115,122,1,12,0,2,0,8,0,4,2,12,62.82,234,51.07,233,38.26,230,53.27,214,39.06,32.17,61.21,24868.6,0.39,False,False,43.0,False
2025-09-10,SMALLCAP250,238,161,77,0,13,5,2,0,9,0,4,1,8,73.08,234,60.09,233,43.48,230,58.88,214,42.06,32.17,61.21,24973.1,0.42,False,False,34.0,False
2025-09-11,SMALLCAP250,238,112,126,0,5,2,1,0,6,0,4,1,3,70.09,234,63.52,233,42.61,230,58.88,214,47.21,33.91,60.75,25005.5,0.13,False,False,37.0,False
2025-09-12,SMALLCAP250,238,122,115,1,8,1,0,0,9,0,4,1,7,69.66,234,65.38,234,44.78,230,57.48,214,52.99,34.35,61.21,25114.0,0.43,False,False,36.0,False
2025-09-15,SMALLCAP250,238,148,90,0,13,0,0,0,8,0,8,1,13,70.94,234,69.23,234,48.26,230,59.81,214,55.98,34.35,61.21,25069.2,-0.18,False,False,43.0,False
2025-09-16,SMALLCAP250,238,142,92,4,9,0,0,0,7,0,7,0,9,73.93,234,72.65,234,55.41,231,61.21,214,60.68,35.93,61.21,25239.1,0.68,False,False,40.0,False
2025-09-17,SMALLCAP250,240,140,99,1,9,0,0,0,6,0,5,0,9,76.6,235,76.5,234,58.87,231,62.62,214,65.81,36.36,61.21,25330.25,0.36,False,False,41.0,False
2025-09-18,SMALLCAP250,240,105,133,2,3,7,0,1,4,1,4,1,-4,74.89,235,76.92,234,58.44,231,63.08,214,69.66,36.8,60.75,25423.6,0.37,True,False,34.0,False
2025-09-19,SMALLCAP250,240,117,123,0,11,4,2,1,3,1,5,1,7,67.66,235,73.08,234,59.31,231,64.49,214,73.08,37.66,60.75,25327.05,-0.38,False,False,34.0,False
2025-09-22,SMALLCAP250,240,79,161,0,5,5,2,1,3,1,3,3,0,50.42,238,64.1,234,54.55,231,62.15,214,76.5,39.39,61.21,25202.35,-0.49,False,False,21.0,False
2025-09-23,SMALLCAP250,240,79,161,0,3,4,1,1,5,1,5,4,-1,38.66,238,57.69,234,52.59,232,60.28,214,78.63,40.09,61.68,25169.5,-0.13,False,False,11.0,False
2025-09-24,SMALLCAP250,240,72,168,0,5,2,0,1,6,1,4,4,3,31.93,238,54.27,234,48.28,232,58.41,214,75.64,42.24,61.21,25056.9,-0.45,False,False,5.0,False
2025-09-25,SMALLCAP250,240,53,187,0,2,2,0,0,6,1,4,7,0,22.27,238,37.61,234,45.26,232,55.14,214,71.79,44.4,60.75,24890.85,-0.66,False,False,9.0,False
2025-09-26,SMALLCAP250,240,23,217,0,0,18,0,0,6,1,2,7,-18,10.5,238,19.66,234,31.03,232,49.53,214,64.53,46.98,59.81,24654.7,-0.95,False,False,-16.0,False
2025-09-29,SMALLCAP250,240,90,150,0,13,6,0,0,6,1,2,6,7,13.45,238,18.8,234,31.47,232,50.0,214,55.13,49.14,59.81,24634.9,-0.08,False,False,-9.0,False
2025-09-30,SMALLCAP250,240,127,113,0,4,2,0,0,5,1,0,5,2,16.25,240,22.22,234,29.74,232,53.27,214,47.86,49.14,59.35,24611.1,-0.1,False,False,-6.0,False
2025-10-01,SMALLCAP250,241,183,57,1,19,0,1,0,4,1,2,2,19,29.17,240,31.06,235,41.81,232,56.07,214,42.98,51.72,58.41,24836.3,0.92,False,False,10.0,False
2025-10-03,SMALLCAP250,241,171,70,0,19,2,1,0,5,1,3,2,17,49.58,240,38.72,235,46.55,232,56.54,214,34.47,55.6,58.41,24894.25,0.23,False,False,27.0,False
2025-10-06,SMALLCAP250,241,108,133,0,8,1,0,0,5,1,3,4,7,52.92,240,41.28,235,48.28,232,55.81,215,31.06,57.33,58.14,25077.65,0.74,False,False,52.0,False
2025-10-07,SMALLCAP250,241,107,131,3,11,1,1,0,4,1,4,3,10,54.58,240,43.28,238,50.0,232,58.14,215,25.63,58.19,57.67,25108.3,0.12,False,False,55.0,False
2025-10-08,SMALLCAP250,241,72,167,2,5,4,0,0,3,1,6,6,1,49.58,240,36.55,238,43.1,232,56.02,216,22.27,59.48,58.33,25046.15,-0.25,False,False,54.0,False
2025-10-09,SMALLCAP250,241,122,119,0,8,4,0,0,3,1,4,4,4,54.58,240,39.08,238,48.28,232,56.22,217,20.59,59.05,58.06,25181.8,0.54,False,False,39.0,False
2025-10-10,SMALLCAP250,241,150,90,1,5,4,0,0,3,1,1,2,1,64.58,240,44.12,238,52.59,232,55.96,218,21.43,58.19,57.8,25285.35,0.41,False,False,23.0,False
2025-10-13,SMALLCAP250,241,74,167,0,6,2,0,0,3,1,2,3,4,54.58,240,39.08,238,48.28,232,56.16,219,24.79,57.76,58.9,25227.35,-0.23,False,False,20.0,False
2025-10-14,SMALLCAP250,241,47,194,0,3,7,0,0,1,1,2,8,-4,29.17,240,27.31,238,42.67,232,54.79,219,31.93,56.47,59.36,25145.5,-0.32,False,False,6.0,False
2025-10-15,SMALLCAP250,241,167,74,0,16,3,0,0,1,1,2,3,13,41.91,241,37.92,240,47.84,232,53.88,219,39.17,53.45,58.45,25323.55,0.71,False,False,18.0,False
2025-10-16,SMALLCAP250,241,140,101,0,7,2,0,0,1,1,3,0,5,48.96,241,44.17,240,48.5,233,56.16,219,44.17,52.79,58.45,25585.3,1.03,True,False,19.0,False
2025-10-17,SMALLCAP250,242,71,171,0,8,5,0,0,1,1,4,3,3,39.42,241,36.67,240,42.92,233,55.25,219,45.83,51.07,58.9,25709.85,0.49,True,False,21.0,False
2025-10-20,SMALLCAP250,242,135,106,1,15,3,0,0,2,0,7,4,12,46.06,241,43.33,240,45.92,233,56.16,219,48.33,45.49,59.36,25843.15,0.52,True,False,29.0,False
2025-10-21,SMALLCAP250,242,201,41,0,6,0,3,0,2,0,7,0,6,66.8,241,57.08,240,50.64,233,58.9,219,52.92,43.35,59.36,25868.6,0.1,True,False,39.0,False
2025-10-23,SMALLCAP250,242,95,147,0,5,6,1,0,0,0,3,1,-1,56.02,241,53.33,240,54.08,233,58.45,219,50.42,42.49,59.36,25891.4,0.09,False,False,25.0,False
2025-10-24,SMALLCAP250,242,99,142,1,7,0,1,0,1,0,5,2,7,49.38,241,55.0,240,51.07,233,59.36,219,53.75,41.63,59.36,25795.15,-0.37,False,False,27.0,False
2025-10-27,SMALLCAP250,242,134,108,0,12,1,1,0,2,0,9,2,11,57.26,241,56.25,240,53.22,233,60.73,219,52.92,42.92,60.27,25966.05,0.66,True,False,35.0,False
2025-10-28,SMALLCAP250,242,132,110,0,13,1,1,0,3,0,7,0,12,59.34,241,57.08,240,51.71,234,61.64,219,50.0,44.02,60.73,25936.2,-0.11,False,False,35.0,False
2025-10-29,SMALLCAP250,242,158,84,0,11,6,0,0,4,0,7,2,5,70.95,241,66.25,240,60.68,234,63.93,219,55.83,45.3,60.73,26053.9,0.45,False,False,34.0,False
2025-10-30,SMALLCAP250,242,105,137,0,6,1,1,0,3,0,8,4,5,65.56,241,64.32,241,59.83,234,63.47,219,58.09,45.73,60.27,25877.85,-0.68,False,False,40.0,False
2025-10-31,SMALLCAP250,242,70,172,0,7,3,2,0,4,0,10,5,4,48.76,242,55.19,241,53.42,234,60.73,219,57.68,47.86,60.27,25722.1,-0.6,False,False,37.0,False
2025-11-03,SMALLCAP250,242,151,91,0,17,7,2,1,5,1,7,4,10,58.68,242,58.51,241,57.26,234,62.1,219,56.85,51.71,59.82,25763.35,0.16,False,False,36.0,False
2025-11-04,SMALLCAP250,242,70,172,0,4,5,2,1,3,1,9,5,-1,42.15,242,48.13,241,50.0,234,57.99,219,58.92,51.28,59.82,25597.65,-0.64,False,False,23.0,False
2025-11-06,SMALLCAP250,242,41,201,0,5,25,2,1,2,1,3,11,-20,25.62,242,36.1,241,40.6,234,54.34,219,56.43,51.28,60.27,25509.7,-0.34,False,False,-2.0,False
2025-11-07,SMALLCAP250,242,109,133,0,10,10,0,1,3,1,4,12,0,26.03,242,37.76,241,40.6,234,53.88,219,51.04,50.43,60.27,25492.3,-0.07,False,False,-7.0,False
2025-11-10,SMALLCAP250,242,114,128,0,12,11,2,2,4,2,6,6,1,28.1,242,39.83,241,41.45,234,52.51,219,51.04,48.72,60.27,25574.35,0.32,False,False,-10.0,False
2025-11-11,SMALLCAP250,242,111,130,1,13,8,1,1,3,2,7,6,5,28.1,242,36.51,241,41.88,234,52.05,219,48.55,45.73,60.73,25694.95,0.47,False,False,-15.0,False
2025-11-12,SMALLCAP250,242,156,86,0,13,3,0,1,4,2,6,4,10,38.84,242,43.15,241,44.87,234,54.79,219,46.06,46.15,61.19,25875.8,0.7,False,False,-4.0,False
2025-11-13,SMALLCAP250,242,77,164,1,7,6,0,1,5,3,4,8,1,33.88,242,37.34,241,42.74,234,52.97,219,44.81,48.29,61.19,25879.15,0.01,False,False,17.0,False
2025-11-14,SMALLCAP250,243,116,127,0,12,1,0,0,6,3,5,7,11,37.19,242,39.42,241,41.03,234,54.34,219,41.08,48.29,60.73,25910.05,0.12,False,False,28.0,False
2025-11-17,SMALLCAP250,243,161,81,1,8,3,0,0,7,3,8,4,5,48.35,242,47.52,242,46.38,235,55.71,219,38.43,48.51,61.19,26013.45,0.4,False,False,32.0,False
2025-11-18,SMALLCAP250,245,52,193,0,3,5,1,1,5,3,6,8,-2,37.19,242,38.43,242,42.55,235,53.88,219,35.12,48.94,61.19,25910.05,-0.4,False,False,25.0,False
2025-11-19,SMALLCAP250,246,106,139,1,6,6,0,0,5,3,3,8,0,39.26,242,35.12,242,41.28,235,54.34,219,33.06,49.79,61.19,26052.65,0.55,False,False,15.0,False
2025-11-20,SMALLCAP250,246,86,160,0,6,3,1,0,3,3,2,8,3,33.47,242,30.58,242,37.39,238,52.51,219,35.12,47.06,61.19,26192.15,0.54,True,False,17.0,False
2025-11-21,SMALLCAP250,247,28,216,3,3,6,0,0,2,3,1,15,-3,17.36,242,24.38,242,30.25,238,46.58,219,34.3,47.48,60.27,26068.15,-0.47,False,False,3.0,False
2025-11-24,SMALLCAP250,247,74,173,0,8,15,0,0,2,3,2,16,-7,19.42,242,21.9,242,30.25,238,45.21,219,33.06,46.22,60.27,25959.5,-0.42,False,False,-9.0,False
2025-11-25,SMALLCAP250,247,123,124,0,7,2,0,0,2,3,0,8,5,18.18,242,20.66,242,28.57,238,45.0,220,31.82,45.8,59.55,25884.8,-0.29,False,False,-2.0,False
2025-11-26,SMALLCAP250,247,186,59,2,11,1,0,0,0,3,3,3,10,34.3,242,30.17,242,34.45,238,49.09,220,31.4,45.38,59.55,26205.3,1.24,True,False,8.0,False
2025-11-27,SMALLCAP250,247,85,162,0,5,2,0,0,0,3,1,6,3,32.92,243,28.51,242,33.19,238,48.18,220,30.58,44.12,58.64,26215.55,0.04,True,False,8.0,False
2025-11-28,SMALLCAP250,247,92,154,1,2,1,0,0,0,3,3,10,1,34.98,243,28.51,242,33.75,240,46.15,221,28.1,42.5,57.47,26202.95,-0.05,False,False,12.0,False
2025-12-01,SMALLCAP250,247,107,138,2,8,4,0,0,0,4,6,12,4,39.59,245,30.58,242,35.0,240,47.51,221,24.38,40.42,57.47,26175.75,-0.1,False,False,23.0,False
2025-12-02,SMALLCAP250,248,89,159,0,4,1,0,0,0,4,4,16,3,36.59,246,28.51,242,32.08,240,48.42,221,24.38,38.33,56.56,26032.2,-0.55,False,False,21.0,False
2025-12-03,SMALLCAP250,248,87,161,0,3,4,0,0,0,3,3,18,-1,33.74,246,26.03,242,30.42,240,46.15,221,23.14,37.08,56.11,25986.0,-0.18,False,False,10.0,False
2025-12-04,SMALLCAP250,248,88,160,0,5,5,0,0,0,4,3,14,0,32.79,247,23.97,242,30.42,240,45.25,221,23.14,37.08,56.11,26033.75,0.18,False,False,7.0,False
2025-12-05,SMALLCAP250,248,70,178,0,1,8,0,2,0,5,3,17,-7,25.51,247,22.73,242,30.42,240,44.8,221,23.14,35.83,55.66,26186.45,0.59,False,False,-1.0,False
2025-12-08,SMALLCAP250,248,25,223,0,2,31,0,2,0,6,2,31,-29,10.93,247,11.16,242,18.75,240,40.72,221,23.14,34.17,54.75,25960.55,-0.86,False,False,-34.0,False
2025-12-09,SMALLCAP250,248,169,79,0,13,2,0,1,0,4,2,14,11,19.03,247,17.77,242,23.33,240,41.18,221,23.55,32.5,53.85,25839.65,-0.47,False,True,-26.0,False
2025-12-10,SMALLCAP250,249,85,164,0,5,6,0,2,1,3,2,13,-1,21.86,247,16.12,242,19.58,240,40.27,221,21.07,32.08,53.39,25758.0,-0.32,False,True,-26.0,False
2025-12-11,SMALLCAP250,249,156,92,1,8,1,0,1,0,2,1,4,7,27.13,247,21.81,243,22.92,240,40.27,221,20.58,31.25,52.94,25898.55,0.55,False,False,-19.0,False
2025-12-12,SMALLCAP250,249,174,75,0,15,0,0,0,0,2,4,3,15,42.51,247,32.92,243,29.05,241,43.44,221,21.4,29.46,53.39,26046.95,0.57,False,False,3.0,False
2025-12-15,SMALLCAP250,249,133,115,1,12,1,1,0,0,2,4,4,11,50.4,248,35.92,245,29.46,241,43.89,221,23.67,28.22,52.94,26027.3,-0.08,False,False,43.0,False
2025-12-16,SMALLCAP250,249,55,194,0,7,3,0,0,0,2,3,10,4,45.56,248,33.74,246,27.39,241,41.63,221,22.76,28.22,52.49,25860.1,-0.64,False,False,36.0,False
2025-12-17,SMALLCAP250,249,61,188,0,4,8,1,0,0,3,4,17,-4,35.08,248,26.83,246,21.16,241,38.91,221,22.76,27.39,51.58,25818.55,-0.16,False,False,33.0,False
2025-12-18,SMALLCAP250,249,105,144,0,7,1,1,0,1,3,5,18,6,36.29,248,27.94,247,18.67,241,36.2,221,23.89,26.56,50.23,25815.55,-0.01,False,False,32.0,False
2025-12-19,SMALLCAP250,249,190,59,0,21,3,1,1,1,3,6,8,18,58.47,248,41.7,247,29.05,241,41.63,221,25.1,26.14,49.32,25966.4,0.58,False,False,35.0,False
2025-12-22,SMALLCAP250,249,176,71,2,16,3,0,1,2,3,7,3,13,70.97,248,53.44,247,34.44,241,43.69,222,29.55,25.73,49.1,26172.4,0.79,False,False,37.0,False
2025-12-23,SMALLCAP250,249,154,95,0,9,1,1,1,2,3,5,2,8,75.5,249,60.32,247,39.83,241,44.14,222,31.98,26.56,48.2,26177.15,0.02,False,False,41.0,False
2025-12-24,SMALLCAP250,249,100,149,0,9,1,1,1,2,3,7,3,8,66.27,249,59.11,247,36.51,241,42.34,222,41.3,24.48,46.4,26142.1,-0.13,False,False,53.0,False
2025-12-26,SMALLCAP250,249,87,161,1,12,3,2,2,2,4,5,8,9,55.02,249,48.99,247,34.02,241,42.79,222,45.75,23.65,46.4,26042.3,-0.38,False,False,56.0,False
2025-12-29,SMALLCAP250,249,71,178,0,4,2,3,1,2,4,6,7,2,44.58,249,45.75,247,32.78,241,38.74,222,46.96,23.65,45.95,25942.1,-0.38,False,False,40.0,False
2025-12-30,SMALLCAP250,249,95,153,1,9,6,1,1,2,4,3,12,3,43.37,249,43.95,248,32.23,242,37.39,222,45.56,24.38,45.05,25938.85,-0.01,False,False,30.0,False
2025-12-31,SMALLCAP250,249,190,57,2,14,0,1,1,2,4,6,0,14,60.64,249,59.68,248,39.26,242,41.44,222,50.81,23.97,44.59,26129.6,0.74,False,False,36.0,False
2026-01-01,SMALLCAP250,249,106,142,1,3,0,0,1,2,4,6,3,3,55.82,249,57.26,248,39.26,242,40.54,222,56.45,24.38,44.59,26146.55,0.06,False,False,31.0,False
2026-01-02,SMALLCAP250,249,181,68,0,14,1,0,0,3,4,6,3,13,69.08,249,67.34,248,43.39,242,44.14,222,63.71,25.21,44.14,26328.55,0.7,False,False,35.0,False
2026-01-05,SMALLCAP250,249,116,133,0,10,3,1,0,3,3,6,3,7,64.66,249,68.95,248,44.21,242,47.3,222,64.92,26.45,43.69,26250.3,-0.3,False,False,40.0,False
2026-01-06,SMALLCAP250,249,77,172,0,3,7,0,0,4,2,10,6,-4,50.6,249,57.66,248,38.84,242,45.05,222,62.9,28.1,42.79,26178.7,-0.27,False,False,33.0,False
2026-01-07,SMALLCAP250,249,117,131,1,9,2,0,0,7,2,2,3,7,51.81,249,58.23,249,39.67,242,43.24,222,61.04,30.58,41.89,26140.75,-0.14,False,False,26.0,False
2026-01-08,SMALLCAP250,249,27,222,0,2,24,0,0,1,2,1,16,-22,26.1,249,36.14,249,27.27,242,34.68,222,56.63,31.82,41.89,25876.85,-1.01,False,False,1.0,False
2026-01-09,SMALLCAP250,249,32,217,0,0,11,0,0,1,2,1,23,-11,9.64,249,22.09,249,21.49,242,31.53,222,53.41,32.23,41.44,25683.3,-0.75,False,True,-23.0,False
2026-01-12,SMALLCAP250,249,83,165,1,4,3,0,0,1,2,0,24,1,10.84,249,17.27,249,19.01,242,28.83,222,48.59,33.06,41.44,25790.25,0.42,False,False,-29.0,False
2026-01-13,SMALLCAP250,249,140,109,0,4,0,0,0,1,2,1,15,4,15.66,249,23.69,249,21.9,242,31.53,222,48.19,32.64,40.54,25732.3,-0.22,False,False,-21.0,False
2026-01-14,SMALLCAP250,249,115,134,0,7,0,0,1,2,2,2,20,7,20.08,249,26.1,249,28.1,242,30.63,222,44.98,33.47,39.64,25665.6,-0.26,False,True,-21.0,False
2026-01-16,SMALLCAP250,249,72,177,0,10,7,1,1,3,2,2,25,3,19.28,249,23.29,249,24.79,242,27.93,222,38.15,34.3,39.19,25694.35,0.11,False,False,4.0,False
2026-01-19,SMALLCAP250,249,41,208,0,2,14,1,0,3,3,0,36,-12,16.87,249,16.47,249,19.01,242,27.93,222,30.12,35.54,39.19,25585.5,-0.42,False,False,3.0,False
2026-01-20,SMALLCAP250,249,14,235,0,2,65,0,0,1,5,0,46,-63,6.02,249,6.02,249,12.4,242,21.17,222,20.88,34.71,38.74,25232.5,-1.38,False,False,-61.0,False
2026-01-21,SMALLCAP250,249,85,164,0,8,9,0,0,1,4,0,39,-1,9.64,249,7.23,249,9.92,242,20.72,222,14.86,32.64,37.84,25157.5,-0.3,False,False,-66.0,False
2026-01-22,SMALLCAP250,249,183,66,0,21,5,0,0,1,4,1,13,16,22.89,249,14.86,249,11.16,242,21.62,222,10.44,30.58,37.84,25289.9,0.53,False,False,-57.0,False
2026-01-23,SMALLCAP250,249,36,213,0,2,33,0,0,1,7,0,42,-31,12.05,249,9.64,249,10.74,242,20.72,222,8.84,27.69,37.39,25048.65,-0.95,False,True,-91.0,False
2026-01-27,SMALLCAP250,249,103,144,2,17,15,0,2,1,11,1,43,2,16.06,249,10.04,249,12.35,243,20.27,222,10.04,27.57,34.23,25175.4,0.51,False,False,-77.0,False
2026-01-28,SMALLCAP250,249,198,50,1,55,2,0,2,1,5,3,12,53,37.75,249,17.67,249,17.28,243,22.97,222,9.24,26.34,32.88,25342.75,0.66,False,False,39.0,True
2026-01-29,SMALLCAP250,249,82,165,2,11,7,2,2,1,7,4,14,4,36.14,249,17.67,249,17.55,245,24.77,222,9.64,25.71,30.63,25418.9,0.3,False,False,44.0,False
2026-01-30,SMALLCAP250,249,182,66,1,34,8,2,2,1,4,3,7,26,56.22,249,30.92,249,26.42,246,25.23,222,11.24,24.8,29.28,25320.65,-0.39,False,False,54.0,True
2026-02-02,SMALLCAP250,249,144,104,1,11,3,5,0,2,7,7,13,8,61.85,249,36.14,249,30.08,246,29.15,223,10.44,23.58,29.15,25088.4,-0.92,False,False,93.0,False
2026-02-03,SMALLCAP250,249,213,35,1,67,1,8,0,2,5,12,1,66,81.93,249,54.22,249,44.53,247,35.43,223,14.86,24.29,28.7,25727.55,2.55,False,False,157.0,True
2026-02-04,SMALLCAP250,249,168,81,0,22,9,3,0,2,4,9,1,13,83.94,249,63.45,249,46.56,247,35.43,223,22.89,24.29,28.25,25776.0,0.19,False,False,117.0,False
2026-02-05,SMALLCAP250,249,72,177,0,9,11,1,0,2,5,4,7,-2,77.11,249,63.05,249,42.11,247,33.63,223,31.33,23.08,28.25,25642.8,-0.52,False,False,111.0,False
2026-02-06,SMALLCAP250,249,97,152,0,7,12,0,0,1,5,5,12,-5,73.9,249,63.05,249,43.72,247,35.43,223,38.96,21.46,27.8,25693.7,0.2,False,False,80.0,False
2026-02-09,SMALLCAP250,249,222,27,0,49,1,3,0,3,4,13,2,48,86.35,249,76.71,249,56.68,247,38.57,223,49.8,21.46,27.8,25867.3,0.68,False,False,120.0,True
2026-02-10,SMALLCAP250,249,157,92,0,15,5,3,0,5,4,9,3,10,85.94,249,80.32,249,59.51,247,38.57,223,61.45,24.7,28.25,25935.15,0.26,False,False,64.0,False
2026-02-11,SMALLCAP250,249,105,143,1,12,4,2,0,9,3,10,5,8,79.12,249,79.92,249,58.7,247,40.36,223,69.88,27.53,28.25,25953.85,0.07,True,False,59.0,False
2026-02-12,SMALLCAP250,249,56,193,0,1,15,2,0,7,3,6,9,-14,61.45,249,73.9,249,52.42,248,38.57,223,73.49,29.03,27.8,25807.2,-0.57,False,False,47.0,False
2026-02-13,SMALLCAP250,249,41,208,0,5,16,0,0,6,5,2,19,-11,38.55,249,58.63,249,47.18,248,36.32,223,78.31,30.24,27.8,25471.1,-1.3,False,False,41.0,False
2026-02-16,SMALLCAP250,249,113,136,0,9,9,2,0,4,5,3,20,0,33.33,249,59.84,249,47.98,248,35.43,223,79.92,30.65,27.8,25682.75,0.83,False,False,-7.0,False
2026-02-17,SMALLCAP250,249,181,68,0,10,3,0,0,8,4,5,4,7,47.79,249,65.46,249,53.23,248,36.77,223,81.53,33.06,27.8,25725.4,0.17,False,False,-10.0,False
2026-02-18,SMALLCAP250,249,125,122,2,11,1,0,1,11,2,6,6,10,50.2,249,66.67,249,55.65,248,37.22,223,79.12,36.29,27.8,25819.35,0.37,False,False,-8.0,False
2026-02-19,SMALLCAP250,249,49,200,0,2,4,2,1,14,1,1,13,-2,30.12,249,55.82,249,49.6,248,34.38,224,75.9,38.71,28.12,25454.35,-1.41,False,False,4.0,False
2026-02-20,SMALLCAP250,249,101,147,1,0,5,0,0,15,1,4,18,-5,26.91,249,52.61,249,48.59,249,33.48,224,73.49,40.96,27.68,25571.25,0.46,False,False,10.0,False
2026-02-23,SMALLCAP250,249,144,105,0,11,4,0,0,13,1,7,11,7,38.15,249,53.41,249,49.8,249,34.82,224,68.27,44.18,28.57,25713.0,0.55,False,False,17.0,False
2026-02-24,SMALLCAP250,248,71,176,1,2,13,0,0,18,4,8,21,-11,31.45,248,42.74,248,43.55,248,32.59,224,59.68,45.97,28.12,25424.65,-1.12,False,False,-1.0,False
2026-02-25,SMALLCAP250,248,158,90,0,8,2,0,0,17,3,9,16,6,41.94,248,47.18,248,46.77,248,34.82,224,53.23,48.79,28.12,25482.5,0.23,False,False,-5.0,False
2026-02-26,SMALLCAP250,248,119,128,1,9,4,0,0,11,3,8,12,5,44.76,248,43.95,248,47.98,248,35.71,224,45.56,50.0,28.57,25496.55,0.06,False,False,2.0,False
2026-02-27,SMALLCAP250,248,70,178,0,11,15,1,0,11,4,4,17,-4,33.87,248,37.5,248,41.53,248,33.48,224,42.74,50.4,28.57,25178.65,-1.25,False,False,3.0,False
2026-03-02,SMALLCAP250,248,30,218,0,3,40,1,0,7,4,2,29,-37,20.56,248,22.98,248,34.68,248,27.68,224,38.31,51.61,28.57,24865.7,-1.24,False,False,-41.0,False
2026-03-04,SMALLCAP250,248,33,215,0,6,48,1,0,3,5,2,39,-42,12.1,248,14.52,248,26.61,248,26.34,224,33.06,51.21,28.57,24480.5,-1.55,False,False,-72.0,False
2026-03-05,SMALLCAP250,248,188,59,1,19,2,1,0,3,5,5,12,17,20.56,248,22.98,248,28.23,248,27.56,225,29.84,49.6,28.89,24765.9,1.17,False,False,-61.0,False
2026-03-06,SMALLCAP250,248,94,153,1,8,5,1,0,4,6,7,18,3,18.95,248,19.76,248,28.63,248,26.67,225,27.02,47.98,28.44,24450.45,-1.27,False,True,-63.0,False
2026-03-09,SMALLCAP250,248,32,216,0,2,44,0,0,5,5,1,41,-42,11.29,248,12.9,248,20.97,248,22.22,225,24.19,48.79,28.0,24028.05,-1.73,False,False,-101.0,False
2026-03-10,SMALLCAP250,248,213,35,0,39,0,0,0,4,3,2,5,39,24.6,248,19.76,248,29.44,248,24.89,225,20.56,47.98,27.56,24261.6,0.97,False,False,-25.0,True
2026-03-11,SMALLCAP250,248,100,146,2,5,5,1,0,2,5,3,12,0,29.03,248,18.95,248,29.44,248,24.89,225,20.56,45.16,26.67,23866.85,-1.63,False,True,17.0,False
2026-03-12,SMALLCAP250,248,104,143,1,9,6,1,0,1,3,2,19,3,29.84,248,22.58,248,27.82,248,24.89,225,19.76,43.95,27.11,23639.15,-0.95,False,True,3.0,False
2026-03-13,SMALLCAP250,248,25,223,0,4,78,1,1,2,8,0,46,-74,14.92,248,12.5,248,18.55,248,20.44,225,16.13,39.52,27.11,23151.1,-2.06,False,False,-74.0,False
2026-03-16,SMALLCAP250,248,104,144,0,10,8,2,2,1,7,1,45,2,16.13,248,12.5,248,19.76,248,20.35,226,14.92,38.71,26.99,23408.8,1.11,False,False,-30.0,False
2026-03-17,SMALLCAP250,248,139,109,0,12,3,1,2,2,7,3,34,9,23.39,248,15.32,248,22.18,248,21.68,226,15.73,36.29,26.99,23581.15,0.74,False,False,-60.0,False
2026-03-18,SMALLCAP250,248,213,35,0,45,2,0,2,1,5,0,3,43,52.02,248,26.21,248,28.63,248,24.78,226,18.15,34.27,26.99,23777.8,0.83,False,False,-17.0,True
2026-03-19,SMALLCAP250,248,12,236,0,2,49,0,2,1,7,0,45,-47,20.97,248,15.32,248,18.95,248,19.21,229,17.34,32.26,26.64,23002.15,-3.26,False,True,-67.0,False
2026-03-20,SMALLCAP250,248,142,105,1,24,2,1,1,1,6,4,32,22,31.05,248,21.77,248,23.79,248,20.52,229,15.32,31.45,26.64,23114.5,0.49,False,False,29.0,False
2026-03-23,SMALLCAP250,248,6,242,0,0,128,0,0,0,11,0,85,-128,9.68,248,8.47,248,12.1,248,15.28,229,14.52,30.65,26.64,22512.65,-2.6,False,False,-101.0,False
2026-03-24,SMALLCAP250,248,228,20,0,52,1,1,0,1,6,4,5,51,24.19,248,16.94,248,20.16,248,17.47,229,15.32,29.44,26.2,22912.4,1.78,False,False,-59.0,True
2026-03-25,SMALLCAP250,248,216,32,0,43,0,1,0,1,3,6,5,43,58.47,248,33.47,248,26.61,248,23.14,229,16.53,27.42,26.64,23306.45,1.72,False,False,-59.0,True
2026-03-27,SMALLCAP250,248,50,198,0,7,38,1,0,2,4,6,26,-31,35.08,248,25.81,248,20.16,248,20.52,229,15.73,24.6,27.07,22819.6,-2.09,False,False,-43.0,False
2026-03-30,SMALLCAP250,248,36,211,1,1,85,0,1,0,11,2,66,-84,18.15,248,16.53,248,17.34,248,19.21,229,16.53,22.58,26.64,22331.4,-2.14,False,True,-149.0,False
2026-04-01,SMALLCAP250,248,233,15,0,110,1,0,1,1,6,3,2,109,53.63,248,37.1,248,28.23,248,22.71,229,20.97,22.18,26.64,22679.4,1.56,False,False,88.0,True
2026-04-02,SMALLCAP250,248,135,112,1,8,7,1,1,1,6,1,2,1,62.5,248,40.32,248,27.02,248,21.83,229,25.81,20.97,26.64,22713.1,0.15,False,False,38.0,False
2026-04-06,SMALLCAP250,248,186,62,0,16,2,1,1,2,4,4,2,14,76.21,248,54.44,248,27.82,248,21.83,229,25.0,20.16,26.2,22968.25,1.12,False,False,9.0,False
2026-04-07,SMALLCAP250,248,131,117,0,7,1,0,1,1,4,5,4,6,79.03,248,55.65,248,31.05,248,23.14,229,27.42,19.35,25.76,23123.65,0.68,False,False,46.0,False
2026-04-08,SMALLCAP250,248,235,13,0,110,0,9,0,1,3,5,0,110,94.76,248,90.32,248,48.79,248,29.69,229,34.68,18.95,25.76,23997.35,3.78,False,False,240.0,True
2026-04-09,SMALLCAP250,248,115,133,0,14,3,1,0,4,3,7,0,11,90.32,248,85.48,248,48.79,248,30.57,229,48.79,20.97,25.33,23775.1,-0.93,False,False,142.0,False
2026-04-10,SMALLCAP250,248,210,36,2,24,0,5,0,10,3,7,0,24,94.35,248,91.94,248,60.48,248,33.19,229,56.85,19.76,26.2,24050.6,1.16,False,False,165.0,False
2026-04-13,SMALLCAP250,248,81,166,1,7,6,2,0,7,3,6,1,1,91.13,248,88.31,248,55.65,248,31.0,229,67.74,20.16,26.64,23842.65,-0.86,False,False,152.0,False
2026-04-15,SMALLCAP250,249,221,28,0,55,2,11,0,10,2,11,1,53,95.97,248,94.35,248,69.35,248,36.96,230,81.85,22.58,26.52,24231.3,1.63,False,False,199.0,True
2026-04-16,SMALLCAP250,249,164,85,0,22,0,5,0,14,2,15,0,22,94.35,248,93.95,248,75.81,248,38.26,230,90.32,23.39,26.09,24196.75,-0.14,False,False,111.0,False
2026-04-17,SMALLCAP250,249,200,49,0,26,1,5,0,28,1,19,0,25,95.97,248,95.97,248,81.85,248,41.3,230,91.53,27.82,26.96,24353.55,0.65,False,False,125.0,True
2026-04-20,SMALLCAP250,249,78,171,0,10,7,4,0,27,1,7,0,3,89.92,248,95.97,248,78.63,248,40.0,230,93.55,31.45,27.83,24364.85,0.05,True,False,104.0,False
2026-04-21,SMALLCAP250,249,170,78,1,20,3,4,0,26,1,12,0,17,90.32,248,96.77,248,81.85,248,44.78,230,95.16,32.26,28.26,24576.6,0.87,False,False,120.0,False
2026-04-22,SMALLCAP250,249,174,75,0,21,3,2,0,18,1,15,0,18,87.5,248,96.37,248,84.27,248,46.52,230,96.37,36.29,27.83,24378.1,-0.81,False,False,85.0,False
2026-04-23,SMALLCAP250,249,75,173,1,7,4,2,0,30,1,8,0,3,77.02,248,94.35,248,82.26,248,45.22,230,96.77,42.74,29.13,24173.05,-0.84,False,False,66.0,False
2026-04-24,SMALLCAP250,249,54,192,3,1,17,1,0,21,1,7,0,-16,52.82,248,84.68,248,74.19,248,41.74,230,97.18,47.98,28.26,23897.95,-1.14,False,False,25.0,False
2026-04-27,SMALLCAP250,249,213,36,0,37,2,0,0,64,1,13,0,35,72.18,248,89.52,248,82.66,248,44.78,230,96.77,53.63,28.26,24092.7,0.81,False,False,57.0,True
2026-04-28,SMALLCAP250,249,91,157,1,11,1,1,0,46,1,13,0,10,59.84,249,86.29,248,79.84,248,43.48,230,96.77,58.47,29.13,23995.7,-0.4,False,False,50.0,False
2026-04-29,SMALLCAP250,249,127,122,0,15,5,1,0,36,1,19,0,10,57.83,249,86.29,248,83.06,248,45.45,231,94.35,64.92,29.0,24177.65,0.76,False,False,42.0,False
2026-04-30,SMALLCAP250,249,80,169,0,9,9,2,0,41,1,12,1,0,49.0,249,76.61,248,81.05,248,45.89,231,92.34,75.4,29.0,23997.55,-0.74,False,False,39.0,False
2026-05-04,SMALLCAP250,249,178,70,1,20,9,5,0,75,0,21,2,11,61.04,249,80.24,248,83.47,248,48.48,231,88.71,79.44,29.0,24119.3,0.51,False,False,66.0,False
2026-05-05,SMALLCAP250,249,117,131,1,11,9,3,0,44,0,19,0,2,57.03,249,75.81,248,82.66,248,48.48,231,85.48,81.45,29.0,24032.8,-0.36,False,False,33.0,False
2026-05-06,SMALLCAP250,249,207,42,0,31,2,3,0,51,0,19,0,29,77.11,249,84.27,248,90.32,248,52.81,231,83.47,84.27,29.44,24330.95,1.24,False,False,52.0,True
2026-05-07,SMALLCAP250,249,174,74,1,17,2,3,0,56,0,25,0,15,79.12,249,85.08,248,89.92,248,55.17,232,80.65,88.71,29.31,24326.65,-0.02,False,False,57.0,False
2026-05-08,SMALLCAP250,249,115,134,0,15,4,8,0,54,0,22,0,11,75.9,249,79.03,248,89.52,248,53.88,232,79.03,90.32,29.74,24176.15,-0.62,False,False,68.0,False
2026-05-11,SMALLCAP250,249,65,184,0,9,19,2,0,27,0,14,0,-10,57.03,249,65.73,248,85.08,248,49.57,232,77.42,91.53,29.74,23815.85,-1.49,False,True,47.0,False
2026-05-12,SMALLCAP250,249,12,237,0,1,78,0,0,15,0,0,3,-77,27.71,249,40.32,248,72.98,248,43.97,232,75.4,91.94,29.31,23379.55,-1.83,False,True,-32.0,False
2026-05-13,SMALLCAP250,248,142,105,1,10,6,1,0,12,0,5,4,4,27.82,248,43.15,248,74.9,247,44.16,231,66.53,92.71,29.87,23412.6,0.14,False,False,-57.0,False
2026-05-14,SMALLCAP250,248,115,133,0,5,5,0,2,12,0,6,5,0,28.63,248,41.53,248,73.68,247,43.72,231,62.9,93.52,29.44,23689.6,1.18,False,False,-72.0,False
2026-05-15,SMALLCAP250,248,80,168,0,12,8,0,2,7,0,5,5,4,25.4,248,38.31,248,73.68,247,44.16,231,58.87,91.9,29.87,23643.5,-0.19,False,False,-79.0,False
2026-05-18,SMALLCAP250,248,42,206,0,3,22,0,3,4,2,4,6,-19,14.52,248,25.81,248,66.8,247,41.13,231,54.84,91.09,30.3,23649.95,0.03,False,False,-88.0,False
2026-05-19,SMALLCAP250,249,184,65,0,18,1,1,3,5,1,6,5,17,24.6,248,34.68,248,69.64,247,42.42,231,50.81,90.69,30.3,23618.0,-0.14,False,False,6.0,False
2026-05-20,SMALLCAP250,249,118,129,2,10,2,2,2,3,1,6,3,8,25.0,248,33.06,248,70.04,247,43.72,231,43.55,89.47,31.6,23659.0,0.17,False,False,10.0,False
2026-05-21,SMALLCAP250,249,157,92,0,19,1,2,1,5,1,10,2,18,39.11,248,37.5,248,72.06,247,45.02,231,40.73,89.47,31.17,23654.7,-0.02,False,False,28.0,False
2026-05-22,SMALLCAP250,249,104,145,0,10,4,1,1,4,3,7,4,6,45.97,248,37.9,248,70.85,247,44.59,231,34.68,87.45,32.47,23719.3,0.27,False,False,30.0,False
2026-05-25,SMALLCAP250,249,186,62,1,20,2,1,0,4,1,9,1,18,65.73,248,46.37,248,72.87,247,48.05,231,29.84,86.64,33.77,24031.7,1.32,False,False,67.0,False
2026-05-26,SMALLCAP250,249,122,126,1,9,6,1,0,6,1,9,4,3,68.95,248,54.03,248,74.49,247,49.35,231,30.65,86.23,33.77,23913.7,-0.49,False,False,53.0,False
2026-05-27,SMALLCAP250,249,129,119,1,22,5,4,0,4,1,17,3,17,67.74,248,52.02,248,74.09,247,50.65,231,33.47,86.64,34.63,23907.15,-0.03,False,False,62.0,False
2026-05-29,SMALLCAP250,249,87,162,0,20,23,6,0,9,1,14,3,-3,53.23,248,44.76,248,70.45,247,46.32,231,33.06,86.23,35.5,23547.75,-1.5,False,False,41.0,False
2026-06-01,SMALLCAP250,249,84,165,0,10,17,4,2,8,1,7,7,-7,41.94,248,37.1,248,63.56,247,47.41,232,33.06,85.83,37.5,23382.6,-0.7,False,False,28.0,False
2026-06-02,SMALLCAP250,249,151,98,0,20,5,3,1,10,1,12,3,15,49.4,249,43.55,248,66.8,247,48.28,232,35.08,83.4,37.5,23483.55,0.43,False,False,25.0,False
2026-06-03,SMALLCAP250,249,104,144,1,17,6,5,2,6,3,15,6,11,42.57,249,42.34,248,63.56,247,46.55,232,40.73,80.97,38.36,23405.6,-0.33,False,False,33.0,False
2026-06-04,SMALLCAP250,249,134,115,0,21,3,3,2,10,3,22,4,18,43.78,249,44.35,248,62.75,247,47.41,232,45.56,79.35,38.79,23416.55,0.05,False,False,34.0,False
2026-06-05,SMALLCAP250,249,122,127,0,11,4,2,1,7,4,13,3,7,48.59,249,47.58,248,61.54,247,46.98,232,49.19,74.49,39.66,23366.7,-0.21,False,False,44.0,False
2026-06-08,SMALLCAP250,249,33,216,0,2,26,0,1,3,5,5,5,-24,26.91,249,36.29,248,51.42,247,42.24,232,51.61,69.23,40.52,23123.0,-1.04,False,False,27.0,False
2026-06-09,SMALLCAP250,249,196,52,1,26,1,1,1,5,5,14,4,25,43.37,249,46.37,248,56.68,247,44.4,232,54.03,65.99,41.38,23242.1,0.52,False,False,37.0,True
2026-06-10,SMALLCAP250,249,63,186,0,6,12,2,0,5,5,7,4,-6,32.93,249,38.71,248,49.8,247,44.64,233,51.61,62.75,41.2,23214.95,-0.12,False,False,20.0,False
2026-06-11,SMALLCAP250,249,63,186,0,8,7,2,0,8,4,2,8,1,23.29,249,31.05,248,43.32,247,42.49,233,49.19,61.54,41.63,23161.6,-0.23,False,False,3.0,False
2026-06-12,SMALLCAP250,249,226,23,0,61,2,1,0,11,4,10,1,59,59.84,249,54.44,248,55.87,247,45.49,233,47.18,59.51,42.06,23622.9,1.99,False,False,55.0,True
2026-06-15,SMALLCAP250,249,186,63,0,28,0,4,0,10,3,13,0,28,75.9,249,70.56,248,62.35,247,50.21,233,47.58,57.49,42.92,23853.9,0.98,False,False,107.0,True
2026-06-16,SMALLCAP250,249,140,109,0,13,1,2,0,13,3,6,0,12,77.11,249,73.9,249,65.18,247,51.07,233,47.79,56.28,43.78,23989.15,0.57,False,False,94.0,False
2026-06-17,SMALLCAP250,249,153,95,1,19,1,4,1,18,2,14,2,18,77.51,249,73.9,249,66.8,247,53.22,233,51.81,53.85,45.49,24085.7,0.4,True,False,118.0,False
2026-06-18,SMALLCAP250,249,148,101,0,17,3,9,1,16,1,19,1,14,81.12,249,72.29,249,65.99,247,56.22,233,54.62,52.63,46.78,24168.0,0.34,True,False,131.0,False
2026-06-19,SMALLCAP250,249,133,116,0,17,3,2,0,16,1,24,2,14,77.91,249,71.49,249,65.59,247,54.94,233,57.83,52.23,48.5,24013.1,-0.64,False,False,86.0,False
2026-06-22,SMALLCAP250,249,174,75,0,11,0,1,1,16,1,21,2,11,82.33,249,77.51,249,68.83,247,56.65,233,62.65,52.23,49.79,24102.9,0.37,False,False,69.0,False
2026-06-23,SMALLCAP250,249,61,188,0,7,2,2,1,12,1,13,2,5,69.48,249,71.89,249,65.59,247,54.08,233,68.27,51.42,50.64,23824.1,-1.16,False,False,62.0,False
2026-06-24,SMALLCAP250,249,128,121,0,8,6,1,1,12,2,9,2,2,68.27,249,72.29,249,64.78,247,54.94,233,71.49,51.01,50.64,24021.65,0.83,False,False,46.0,False
2026-06-25,SMALLCAP250,249,75,174,0,5,4,1,1,11,2,7,2,1,51.0,249,66.67,249,61.69,248,51.5,233,76.31,50.81,50.64,24056.0,0.14,False,False,33.0,False
2026-06-29,SMALLCAP250,249,73,176,0,14,12,1,1,8,2,16,6,2,37.35,249,57.83,249,55.65,248,50.64,233,79.12,50.4,50.21,23946.25,-0.46,False,False,21.0,False
2026-06-30,SMALLCAP250,249,145,104,0,9,5,0,1,8,2,15,6,4,41.37,249,60.24,249,56.85,248,53.42,234,77.91,51.21,50.0,23865.75,-0.34,False,False,14.0,False
2026-07-01,SMALLCAP250,249,143,106,0,19,4,0,1,8,2,12,3,15,46.18,249,61.85,249,58.87,248,55.13,234,75.9,51.21,50.0,24005.85,0.59,False,False,24.0,False
2026-07-02,SMALLCAP250,249,184,65,0,22,0,1,0,9,2,22,1,22,59.84,249,68.67,249,64.92,248,58.12,234,75.1,53.23,50.0,24175.7,0.71,True,False,44.0,False
2026-07-03,SMALLCAP250,249,112,137,0,9,2,0,0,11,1,14,1,7,57.03,249,69.08,249,66.53,248,57.2,236,72.69,54.84,49.15,24270.85,0.39,True,False,50.0,False
2026-07-06,SMALLCAP250,249,120,129,0,13,3,3,0,10,1,17,1,10,60.24,249,67.87,249,65.73,248,57.63,236,71.49,56.45,49.15,24430.35,0.66,True,False,58.0,False
2026-07-07,SMALLCAP250,249,74,173,2,5,12,1,0,10,1,7,1,-7,51.0,249,59.04,249,62.9,248,53.81,236,66.27,58.47,50.0,24398.7,-0.13,False,False,47.0,False
2026-07-08,SMALLCAP250,249,23,226,0,1,21,0,0,8,1,2,4,-20,26.1,249,40.96,249,50.4,248,49.15,236,59.84,59.27,50.42,23882.05,-2.12,False,False,12.0,False
2026-07-09,SMALLCAP250,249,204,45,0,22,1,0,0,9,1,13,2,21,42.97,249,48.59,249,56.45,248,53.39,236,55.02,61.29,50.85,23962.8,0.34,False,False,11.0,False
2026-07-10,SMALLCAP250,249,211,37,1,21,1,0,0,15,1,16,0,20,59.04,249,58.63,249,63.31,248,56.78,236,51.0,62.9,50.85,24206.9,1.02,False,False,24.0,False
2026-07-13,SMALLCAP250,249,146,102,1,14,1,2,0,17,1,14,0,13,65.86,249,63.05,249,65.32,248,59.24,238,53.01,63.71,51.26,24211.0,0.02,False,False,27.0,False
2026-07-14,SMALLCAP250,249,38,210,1,1,10,1,0,5,1,7,1,-9,44.58,249,49.0,249,61.69,248,57.56,238,53.41,63.71,51.26,24052.05,-0.66,False,False,25.0,False
2026-07-15,SMALLCAP250,249,156,93,0,12,0,2,0,5,1,7,0,12,51.81,249,54.22,249,62.9,248,57.98,238,55.02,64.11,51.26,24078.5,0.11,False,False,57.0,False
2026-07-16,SMALLCAP250,250,121,128,1,13,4,0,0,4,1,16,1,9,51.81,249,53.01,249,63.71,248,60.08,238,56.22,64.11,51.68,24072.75,-0.02,False,False,45.0,False
2026-07-17,SMALLCAP250,250,85,162,3,2,13,1,0,5,1,3,1,-11,41.77,249,44.58,249,60.48,248,57.56,238,53.01,65.73,51.68,24334.3,1.09,False,False,14.0,False
2026-07-20,SMALLCAP250,250,125,125,0,3,5,0,0,4,1,9,2,-2,43.78,249,48.59,249,60.89,248,56.3,238,52.21,66.53,52.1,24238.5,-0.39,False,False,-1.0,False
2026-07-21,SMALLCAP250,250,124,124,2,9,4,0,0,4,1,12,1,5,48.19,249,49.8,249,59.68,248,57.98,238,51.81,66.53,52.1,24187.7,-0.21,False,False,13.0,False
2026-07-22,SMALLCAP250,250,40,209,1,1,14,0,0,4,1,2,3,-13,28.51,249,39.76,249,56.85,248,53.36,238,53.41,66.53,52.52,23996.25,-0.79,False,False,-12.0,False
2026-07-23,SMALLCAP250,250,43,206,1,3,13,0,2,3,2,1,5,-10,16.87,249,25.3,249,48.39,248,49.16,238,50.6,63.71,52.52,23869.6,-0.53,False,False,-31.0,False
2026-07-24,SMALLCAP250,250,106,144,0,5,6,0,2,4,1,1,4,-1,18.07,249,25.3,249,49.19,248,49.16,238,46.18,64.52,52.52,23767.45,-0.43,False,True,-21.0,False
2026-07-27,SMALLCAP250,250,191,59,0,22,4,0,0,4,0,5,5,18,38.96,249,36.95,249,53.63,248,50.21,239,43.37,64.52,53.56,23995.95,0.96,False,False,-1.0,False
2026-07-28,SMALLCAP250,250,71,178,1,5,5,0,0,5,0,5,4,0,34.54,249,34.14,249,54.44,248,51.05,239,40.16,64.11,53.97,23985.35,-0.04,False,False,-6.0,False
2026-07-29,SMALLCAP250,250,199,51,0,24,3,0,0,6,0,10,0,21,51.2,250,45.38,249,57.03,249,55.65,239,36.95,63.45,53.97,24250.2,1.1,False,False,28.0,False
2026-07-30,SMALLCAP250,250,66,184,0,3,8,0,0,4,0,8,3,-5,44.0,250,43.78,249,51.81,249,54.39,239,36.55,61.45,54.39,24317.15,0.28,False,False,33.0,False
2026-07-31,SMALLCAP250,250,151,97,2,15,7,1,0,4,0,9,2,8,50.4,250,44.58,249,53.01,249,53.14,239,36.55,61.85,53.97,24383.6,0.27,False,False,42.0,False
2026-08-03,SMALLCAP250,250,197,52,1,33,4,2,0,5,0,16,0,29,72.0,250,59.44,249,61.45,249,57.32,239,36.95,60.64,55.23,24774.3,1.6,True,False,53.0,True
2026-08-04,SMALLCAP250,250,113,136,1,6,4,4,0,6,0,16,0,2,71.6,250,58.23,249,58.63,249,55.65,239,36.95,57.43,55.65,24614.9,-0.64,False,False,55.0,False
2026-08-05,SMALLCAP250,250,147,103,0,14,3,1,0,7,0,18,0,11,75.6,250,62.25,249,59.84,249,59.0,239,39.36,57.83,55.23,24624.65,0.04,False,False,45.0,False
2026-08-06,SMALLCAP250,250,131,117,2,4,6,0,0,4,0,13,0,-2,70.0,250,61.04,249,59.84,249,59.0,239,45.78,57.83,55.65,24636.0,0.05,False,False,48.0,False
2026-08-07,SMALLCAP250,250,104,145,1,9,10,2,0,4,0,15,1,-1,63.2,250,60.64,249,59.84,249,59.0,239,51.41,58.63,56.9,24570.65,-0.27,False,False,39.0,False
2026-08-10,SMALLCAP250,250,107,143,0,10,6,0,0,3,0,15,2,4,60.4,250,56.22,249,58.63,249,58.58,239,56.22,58.23,57.32,24583.8,0.05,False,False,14.0,False
2026-08-11,SMALLCAP250,250,107,142,1,14,3,2,0,5,0,14,2,11,52.0,250,53.41,249,56.63,249,57.08,240,58.63,57.83,57.08,24471.7,-0.46,False,False,23.0,False
2026-08-12,SMALLCAP250,250,97,153,0,6,7,1,0,4,0,12,3,-1,43.2,250,50.4,250,53.41,249,57.5,240,58.0,57.03,57.92,24435.95,-0.15,False,False,11.0,False
2026-08-13,SMALLCAP250,250,132,116,2,5,2,1,0,2,0,12,1,3,47.2,250,52.4,250,55.42,249,58.75,240,61.2,55.02,57.92,24395.85,-0.16,False,False,16.0,False
2026-08-14,SMALLCAP250,250,83,167,0,7,5,1,0,2,0,4,3,2,38.4,250,49.2,250,54.62,249,57.92,240,62.4,56.22,58.33,24366.0,-0.12,False,False,19.0,False
